team_name,team_aggr,total_map_win,best_of_type,pick_team,match_res,map_stats,total_win,t_win,ct_win,event_name,match_type,player_list,ban_map_1,ban_map_2,pick_map_1,pick_map_2,pick_map_3,match_map_1,match_map_2,match_map_3,match_map_4,match_map_5,match_url
Paper Rex,PRX,2,Bo3,B,win,"[['Bind', 13, 7, 6], ['Sunset', 13, 5, 8]]",26,12,14,Valorant Champions 2025,Group Stage: Opening (A),"['PRX something', 'PRX f0rsakeN', 'PRX Jinggg', 'PRX d4v41', 'PRX PatMen']",Abyss,Haven,Sunset,Ascent,-,Bind,Sunset,-,-,-,https://www.vlr.gg/542195/paper-rex-vs-xi-lai-gaming-valorant-champions-2025-opening-a
Xi Lai Gaming,XLG,0,Bo3,A,loss,"[['Bind', 9, 6, 3], ['Sunset', 5, 4, 1]]",14,10,4,Valorant Champions 2025,Group Stage: Opening (A),"['XLG NoMan', 'XLG Rarga', 'XLG Viva', 'XLG happywei', 'XLG coconut']",Lotus,Corrode,Bind,Ascent,-,Bind,Sunset,-,-,-,https://www.vlr.gg/542195/paper-rex-vs-xi-lai-gaming-valorant-champions-2025-opening-a
GIANTX,GX,2,Bo3,B,win,"[['Corrode', 6, 0, 6], ['Sunset', 13, 3, 10], ['Haven', 13, 9, 4]]",32,12,20,Valorant Champions 2025,Group Stage: Opening (A),"['GX Cloud', 'GX Flickless', 'GX ara', 'GX westside', 'GX grubinho']",Lotus,Abyss,Sunset,Haven,-,Corrode,Sunset,Haven,-,-,https://www.vlr.gg/542196/giantx-vs-sentinels-valorant-champions-2025-opening-a
Sentinels,SEN,1,Bo3,A,loss,"[['Corrode', 13, 6, 7], ['Sunset', 4, 2, 2], ['Haven', 9, 8, 1]]",26,16,10,Valorant Champions 2025,Group Stage: Opening (A),"['SEN johnqt', 'SEN N4RRATE', 'SEN zekken', 'SEN bang', 'SEN Zellsis']",Ascent,Bind,Corrode,Haven,-,Corrode,Sunset,Haven,-,-,https://www.vlr.gg/542196/giantx-vs-sentinels-valorant-champions-2025-opening-a
NRG,NRG,2,Bo3,B,win,"[['Abyss', 17, 10, 2], ['Corrode', 13, 7, 6]]",30,17,8,Valorant Champions 2025,Group Stage: Opening (C),"['NRG skuba', 'NRG Ethan', 'NRG s0m', 'NRG mada', 'NRG brawk']",Sunset,Bind,Corrode,Haven,-,Abyss,Corrode,-,-,-,https://www.vlr.gg/542207/nrg-vs-edward-gaming-valorant-champions-2025-opening-c
EDward Gaming,EDG,0,Bo3,A,loss,"[['Abyss', 15, 10, 2], ['Corrode', 11, 6, 5]]",26,16,7,Valorant Champions 2025,Group Stage: Opening (C),"['EDG Smoggy', 'EDG ZmjjKK', 'EDG nobody', 'EDG CHICHOO', 'EDG Jieni7']",Lotus,Ascent,Abyss,Haven,-,Abyss,Corrode,-,-,-,https://www.vlr.gg/542207/nrg-vs-edward-gaming-valorant-champions-2025-opening-c
Team Liquid,TL,0,Bo3,B,loss,"[['Abyss', 8, 2, 6], ['Bind', 10, 4, 6]]",18,6,12,Valorant Champions 2025,Group Stage: Opening (C),"['TL keiko', 'TL paTiTek', 'TL nAts', 'TL kamo', 'TL trexx']",Haven,Ascent,Bind,Lotus,-,Abyss,Bind,-,-,-,https://www.vlr.gg/542205/team-liquid-vs-drx-valorant-champions-2025-opening-c
DRX,DRX,2,Bo3,A,win,"[['Abyss', 13, 6, 7], ['Bind', 13, 6, 7]]",26,12,14,Valorant Champions 2025,Group Stage: Opening (C),"['DRX MaKo', 'DRX Flashback', 'DRX BeYN', 'DRX HYUNMIN', 'DRX free1ng']",Sunset,Corrode,Abyss,Lotus,-,Abyss,Bind,-,-,-,https://www.vlr.gg/542205/team-liquid-vs-drx-valorant-champions-2025-opening-c
Dragon Ranger Gaming,DRG,0,Bo3,A,loss,"[['Lotus', 15, 7, 5], ['Sunset', 16, 5, 7]]",31,12,12,Valorant Champions 2025,Group Stage: Opening (D),"['DRG SpiritZ1', 'DRG Nicc', 'DRG Demon1', 'DRG Akeman', 'DRG Flex1n']",Bind,Abyss,Lotus,Ascent,-,Lotus,Sunset,-,-,-,https://www.vlr.gg/542212/dragon-ranger-gaming-vs-t1-valorant-champions-2025-opening-d
T1,T1,2,Bo3,B,win,"[['Lotus', 13, 7, 5], ['Sunset', 14, 5, 7]]",27,12,12,Valorant Champions 2025,Group Stage: Opening (D),"['T1 DH', 'T1 Meteor', 'T1 BuZz', 'T1 iZu', 'T1 stax']",Haven,Corrode,Sunset,Ascent,-,Lotus,Sunset,-,-,-,https://www.vlr.gg/542212/dragon-ranger-gaming-vs-t1-valorant-champions-2025-opening-d
G2 Esports,G2,0,Bo3,B,loss,"[['Corrode', 10, 2, 8], ['Lotus', 10, 3, 7]]",20,5,15,Valorant Champions 2025,Group Stage: Opening (D),"['G2 valyn', 'G2 leaf', 'G2 trent', 'G2 jawgemo', 'G2 JonahP']",Sunset,Ascent,Lotus,Haven,-,Corrode,Lotus,-,-,-,https://www.vlr.gg/542211/g2-esports-vs-team-heretics-valorant-champions-2025-opening-d
Team Heretics,TH,2,Bo3,A,win,"[['Corrode', 13, 4, 9], ['Lotus', 13, 5, 8]]",26,9,17,Valorant Champions 2025,Group Stage: Opening (D),"['TH RieNs', 'TH benjyfishy', 'TH MiniBoo', 'TH Boo', 'TH Wo0t']",Abyss,Bind,Corrode,Haven,-,Corrode,Lotus,-,-,-,https://www.vlr.gg/542211/g2-esports-vs-team-heretics-valorant-champions-2025-opening-d
Bilibili Gaming,BLG,0,Bo3,A,loss,"[['Haven', 13, 10, 3], ['Corrode', 13, 5, 8]]",26,15,11,Valorant Champions 2025,Group Stage: Opening (B),"['BLG Knight', 'BLG nephh', 'BLG Levius', 'BLG rushia', 'BLG whzy']",Abyss,Ascent,Haven,Sunset,-,Haven,Corrode,-,-,-,https://www.vlr.gg/542200/bilibili-gaming-vs-mibr-valorant-champions-2025-opening-b
MIBR,MIBR,2,Bo3,B,win,"[['Haven', 2, 0, 2], ['Corrode', 9, 2, 7]]",11,2,9,Valorant Champions 2025,Group Stage: Opening (B),"['MIBR aspas', 'MIBR Verno', 'MIBR cortezia', 'MIBR artzin', 'MIBR xenom']",Lotus,Bind,Corrode,Sunset,-,Haven,Corrode,-,-,-,https://www.vlr.gg/542200/bilibili-gaming-vs-mibr-valorant-champions-2025-opening-b
Rex Regum Qeon,RRQ,0,Bo3,B,loss,"[['Ascent', 10, 5, 5], ['Abyss', 7, 7, 0]]",17,12,5,Valorant Champions 2025,Group Stage: Opening (B),"['RRQ Kushy', 'RRQ Jemkin', 'RRQ crazyguy', 'RRQ xffero', 'RRQ Monyet']",Bind,Lotus,Abyss,Corrode,-,Ascent,Abyss,-,-,-,https://www.vlr.gg/542201/rex-regum-qeon-vs-fnatic-valorant-champions-2025-opening-b
FNATIC,FNC,2,Bo3,A,win,"[['Ascent', 13, 7, 6], ['Abyss', 13, 8, 5]]",26,15,11,Valorant Champions 2025,Group Stage: Opening (B),"['FNC Chronicle', 'FNC Boaster', 'FNC Alfajer', 'FNC crashies', 'FNC kaajak']",Sunset,Haven,Ascent,Corrode,-,Ascent,Abyss,-,-,-,https://www.vlr.gg/542201/rex-regum-qeon-vs-fnatic-valorant-champions-2025-opening-b
Paper Rex,PRX,2,Bo3,B,win,"[['Ascent', 11, 4, 7], ['Lotus', 13, 8, 5], ['Sunset', 13, 7, 6]]",37,19,18,Valorant Champions 2025,Group Stage: Winner's (A),"['PRX something', 'PRX Jinggg', 'PRX d4v41', 'PRX PatMen', 'PRX f0rsakeN']",Corrode,Haven,Lotus,Sunset,-,Ascent,Lotus,Sunset,-,-,https://www.vlr.gg/542197/paper-rex-vs-giantx-valorant-champions-2025-winners-a
GIANTX,GX,1,Bo3,A,loss,"[['Ascent', 13, 5, 8], ['Lotus', 10, 6, 4], ['Sunset', 6, 1, 5]]",29,12,17,Valorant Champions 2025,Group Stage: Winner's (A),"['GX westside', 'GX ara', 'GX Cloud', 'GX Flickless', 'GX grubinho']",Bind,Abyss,Ascent,Sunset,-,Ascent,Lotus,Sunset,-,-,https://www.vlr.gg/542197/paper-rex-vs-giantx-valorant-champions-2025-winners-a
DRX,DRX,1,Bo3,A,loss,"[['Haven', 4, 0, 4], ['Corrode', 13, 8, 5], ['Lotus', 13, 9, 4]]",30,17,13,Valorant Champions 2025,Group Stage: Winner's (C),"['DRX Flashback', 'DRX BeYN', 'DRX HYUNMIN', 'DRX free1ng', 'DRX MaKo']",Sunset,Ascent,Haven,Lotus,-,Haven,Corrode,Lotus,-,-,https://www.vlr.gg/542208/drx-vs-nrg-valorant-champions-2025-winners-c
NRG,NRG,2,Bo3,B,win,"[['Haven', 13, 8, 5], ['Corrode', 11, 7, 4], ['Lotus', 11, 8, 3]]",35,23,12,Valorant Champions 2025,Group Stage: Winner's (C),"['NRG brawk', 'NRG mada', 'NRG skuba', 'NRG s0m', 'NRG Ethan']",Abyss,Bind,Corrode,Lotus,-,Haven,Corrode,Lotus,-,-,https://www.vlr.gg/542208/drx-vs-nrg-valorant-champions-2025-winners-c
Team Heretics,TH,2,Bo3,A,win,"[['Lotus', 10, 4, 6], ['Sunset', 11, 6, 5]]",21,10,11,Valorant Champions 2025,Group Stage: Winner's (D),"['TH RieNs', 'TH Wo0t', 'TH Boo', 'TH MiniBoo', 'TH benjyfishy']",Abyss,Bind,Lotus,Ascent,-,Lotus,Sunset,-,-,-,https://www.vlr.gg/542213/team-heretics-vs-t1-valorant-champions-2025-winners-d
T1,T1,0,Bo3,B,loss,"[['Lotus', 13, 5, 8], ['Sunset', 13, 7, 6]]",26,12,14,Valorant Champions 2025,Group Stage: Winner's (D),"['T1 iZu', 'T1 Meteor', 'T1 DH', 'T1 BuZz', 'T1 stax']",Haven,Corrode,Sunset,Ascent,-,Lotus,Sunset,-,-,-,https://www.vlr.gg/542213/team-heretics-vs-t1-valorant-champions-2025-winners-d
MIBR,MIBR,1,Bo3,B,loss,"[['Bind', 13, 7, 6], ['Abyss', 7, 7, 0], ['Haven', 10, 4, 6]]",30,18,12,Valorant Champions 2025,Group Stage: Winner's (B),"['MIBR aspas', 'MIBR Verno', 'MIBR artzin', 'MIBR xenom', 'MIBR cortezia']",Lotus,Ascent,Abyss,Haven,-,Bind,Abyss,Haven,-,-,https://www.vlr.gg/542202/mibr-vs-fnatic-valorant-champions-2025-winners-b
FNATIC,FNC,2,Bo3,A,win,"[['Bind', 5, 0, 5], ['Abyss', 13, 8, 5], ['Haven', 13, 5, 8]]",31,13,18,Valorant Champions 2025,Group Stage: Winner's (B),"['FNC crashies', 'FNC kaajak', 'FNC Alfajer', 'FNC Chronicle', 'FNC Boaster']",Sunset,Corrode,Bind,Haven,-,Bind,Abyss,Haven,-,-,https://www.vlr.gg/542202/mibr-vs-fnatic-valorant-champions-2025-winners-b
Team Liquid,TL,2,Bo3,A,win,"[['Sunset', 13, 2, 11], ['Abyss', 6, 3, 3], ['Bind', 13, 6, 6]]",32,11,20,Valorant Champions 2025,Group Stage: Elimination (C),"['TL nAts', 'TL kamo', 'TL paTiTek', 'TL trexx', 'TL keiko']",Haven,Corrode,Sunset,Bind,-,Sunset,Abyss,Bind,-,-,https://www.vlr.gg/542209/team-liquid-vs-edward-gaming-valorant-champions-2025-elim-c
EDward Gaming,EDG,1,Bo3,B,loss,"[['Sunset', 3, 1, 2], ['Abyss', 13, 9, 4], ['Bind', 15, 6, 6]]",31,16,12,Valorant Champions 2025,Group Stage: Elimination (C),"['EDG Smoggy', 'EDG nobody', 'EDG ZmjjKK', 'EDG Jieni7', 'EDG CHICHOO']",Lotus,Ascent,Abyss,Bind,-,Sunset,Abyss,Bind,-,-,https://www.vlr.gg/542209/team-liquid-vs-edward-gaming-valorant-champions-2025-elim-c
Xi Lai Gaming,XLG,2,Bo3,A,win,"[['Abyss', 13, 7, 6], ['Lotus', 11, 8, 3], ['Haven', 8, 3, 5]]",32,18,14,Valorant Champions 2025,Group Stage: Elimination (A),"['XLG happywei', 'XLG NoMan', 'XLG Rarga', 'XLG Viva', 'XLG coconut']",Corrode,Sunset,Abyss,Haven,-,Abyss,Lotus,Haven,-,-,https://www.vlr.gg/542198/xi-lai-gaming-vs-sentinels-valorant-champions-2025-elim-a
Sentinels,SEN,1,Bo3,B,loss,"[['Abyss', 10, 5, 5], ['Lotus', 13, 9, 4], ['Haven', 13, 7, 6]]",36,21,15,Valorant Champions 2025,Group Stage: Elimination (A),"['SEN johnqt', 'SEN zekken', 'SEN N4RRATE', 'SEN Zellsis', 'SEN bang']",Ascent,Bind,Lotus,Haven,-,Abyss,Lotus,Haven,-,-,https://www.vlr.gg/542198/xi-lai-gaming-vs-sentinels-valorant-champions-2025-elim-a
Bilibili Gaming,BLG,1,Bo3,B,loss,"[['Sunset', 13, 6, 7], ['Lotus', 8, 5, 3], ['Abyss', 4, 0, 4]]",25,11,14,Valorant Champions 2025,Group Stage: Elimination (B),"['BLG Knight', 'BLG Levius', 'BLG nephh', 'BLG rushia', 'BLG whzy']",Corrode,Haven,Lotus,Abyss,-,Sunset,Lotus,Abyss,-,-,https://www.vlr.gg/542203/bilibili-gaming-vs-rex-regum-qeon-valorant-champions-2025-elim-b
Rex Regum Qeon,RRQ,2,Bo3,A,win,"[['Sunset', 7, 1, 6], ['Lotus', 13, 6, 7], ['Abyss', 13, 8, 5]]",33,15,18,Valorant Champions 2025,Group Stage: Elimination (B),"['RRQ Monyet', 'RRQ Jemkin', 'RRQ xffero', 'RRQ crazyguy', 'RRQ Kushy']",Bind,Ascent,Sunset,Abyss,-,Sunset,Lotus,Abyss,-,-,https://www.vlr.gg/542203/bilibili-gaming-vs-rex-regum-qeon-valorant-champions-2025-elim-b
G2 Esports,G2,2,Bo3,B,win,"[['Lotus', 13, 6, 7], ['Abyss', 13, 7, 6]]",26,13,13,Valorant Champions 2025,Group Stage: Elimination (D),"['G2 jawgemo', 'G2 leaf', 'G2 JonahP', 'G2 trent', 'G2 valyn']",Corrode,Sunset,Abyss,Ascent,-,Lotus,Abyss,-,-,-,https://www.vlr.gg/542214/g2-esports-vs-dragon-ranger-gaming-valorant-champions-2025-elim-d
Dragon Ranger Gaming,DRG,0,Bo3,A,loss,"[['Lotus', 7, 1, 6], ['Abyss', 7, 6, 1]]",14,7,7,Valorant Champions 2025,Group Stage: Elimination (D),"['DRG Demon1', 'DRG Flex1n', 'DRG Akeman', 'DRG SpiritZ1', 'DRG Nicc']",Bind,Haven,Lotus,Ascent,-,Lotus,Abyss,-,-,-,https://www.vlr.gg/542214/g2-esports-vs-dragon-ranger-gaming-valorant-champions-2025-elim-d
DRX,DRX,2,Bo3,B,win,"[['Corrode', 13, 7, 6], ['Abyss', 13, 7, 6]]",26,14,12,Valorant Champions 2025,Group Stage: Decider (C),"['DRX Flashback', 'DRX MaKo', 'DRX HYUNMIN', 'DRX free1ng', 'DRX BeYN']",Sunset,Ascent,Abyss,Bind,-,Corrode,Abyss,-,-,-,https://www.vlr.gg/542210/drx-vs-team-liquid-valorant-champions-2025-decider-c
Team Liquid,TL,0,Bo3,A,loss,"[['Corrode', 8, 6, 2], ['Abyss', 7, 6, 1]]",15,12,3,Valorant Champions 2025,Group Stage: Decider (C),"['TL keiko', 'TL kamo', 'TL trexx', 'TL nAts', 'TL paTiTek']",Haven,Lotus,Corrode,Bind,-,Corrode,Abyss,-,-,-,https://www.vlr.gg/542210/drx-vs-team-liquid-valorant-champions-2025-decider-c
GIANTX,GX,2,Bo3,B,win,"[['Bind', 14, 8, 4], ['Ascent', 13, 5, 8]]",27,13,12,Valorant Champions 2025,Group Stage: Decider (A),"['GX ara', 'GX westside', 'GX Cloud', 'GX Flickless', 'GX grubinho']",Abyss,Haven,Ascent,Lotus,-,Bind,Ascent,-,-,-,https://www.vlr.gg/542199/giantx-vs-xi-lai-gaming-valorant-champions-2025-decider-a
Xi Lai Gaming,XLG,0,Bo3,A,loss,"[['Bind', 12, 8, 4], ['Ascent', 10, 3, 7]]",22,11,11,Valorant Champions 2025,Group Stage: Decider (A),"['XLG Viva', 'XLG NoMan', 'XLG Rarga', 'XLG happywei', 'XLG coconut']",Sunset,Corrode,Bind,Lotus,-,Bind,Ascent,-,-,-,https://www.vlr.gg/542199/giantx-vs-xi-lai-gaming-valorant-champions-2025-decider-a
T1,T1,0,Bo3,B,loss,"[['Lotus', 9, 4, 5], ['Corrode', 8, 4, 4]]",17,8,9,Valorant Champions 2025,Group Stage: Decider (D),"['T1 iZu', 'T1 Meteor', 'T1 stax', 'T1 DH', 'T1 BuZz']",Abyss,Haven,Corrode,Sunset,-,Lotus,Corrode,-,-,-,https://www.vlr.gg/542215/t1-vs-g2-esports-valorant-champions-2025-decider-d
G2 Esports,G2,2,Bo3,A,win,"[['Lotus', 13, 5, 8], ['Corrode', 13, 8, 5]]",26,13,13,Valorant Champions 2025,Group Stage: Decider (D),"['G2 valyn', 'G2 jawgemo', 'G2 trent', 'G2 leaf', 'G2 JonahP']",Bind,Ascent,Lotus,Sunset,-,Lotus,Corrode,-,-,-,https://www.vlr.gg/542215/t1-vs-g2-esports-valorant-champions-2025-decider-d
MIBR,MIBR,2,Bo3,B,win,"[['Corrode', 13, 9, 4], ['Abyss', 13, 5, 8]]",26,14,12,Valorant Champions 2025,Group Stage: Decider (B),"['MIBR aspas', 'MIBR artzin', 'MIBR cortezia', 'MIBR xenom', 'MIBR Verno']",Lotus,Ascent,Abyss,Haven,-,Corrode,Abyss,-,-,-,https://www.vlr.gg/542204/mibr-vs-rex-regum-qeon-valorant-champions-2025-decider-b
Rex Regum Qeon,RRQ,0,Bo3,A,loss,"[['Corrode', 5, 2, 3], ['Abyss', 5, 4, 1]]",10,6,4,Valorant Champions 2025,Group Stage: Decider (B),"['RRQ Jemkin', 'RRQ Monyet', 'RRQ xffero', 'RRQ crazyguy', 'RRQ Kushy']",Bind,Sunset,Corrode,Haven,-,Corrode,Abyss,-,-,-,https://www.vlr.gg/542204/mibr-vs-rex-regum-qeon-valorant-champions-2025-decider-b
Paper Rex,PRX,2,Bo3,A,win,"[['Lotus', 11, 6, 5], ['Corrode', 15, 6, 6], ['Ascent', 11, 8, 3]]",37,20,14,Valorant Champions 2025,Playoffs: Upper Quarterfinals,"['PRX something', 'PRX f0rsakeN', 'PRX Jinggg', 'PRX PatMen', 'PRX d4v41']",Abyss,Haven,Lotus,Ascent,-,Lotus,Corrode,Ascent,-,-,https://www.vlr.gg/542265/paper-rex-vs-g2-esports-valorant-champions-2025-ubqf
G2 Esports,G2,1,Bo3,B,loss,"[['Lotus', 13, 7, 6], ['Corrode', 13, 6, 6], ['Ascent', 13, 9, 4]]",39,22,16,Valorant Champions 2025,Playoffs: Upper Quarterfinals,"['G2 leaf', 'G2 JonahP', 'G2 jawgemo', 'G2 trent', 'G2 valyn']",Bind,Sunset,Corrode,Ascent,-,Lotus,Corrode,Ascent,-,-,https://www.vlr.gg/542265/paper-rex-vs-g2-esports-valorant-champions-2025-ubqf
FNATIC,FNC,2,Bo3,B,win,"[['Haven', 13, 11, 2], ['Ascent', 8, 6, 2], ['Lotus', 13, 8, 5]]",34,25,9,Valorant Champions 2025,Playoffs: Upper Quarterfinals,"['FNC Alfajer', 'FNC kaajak', 'FNC crashies', 'FNC Chronicle', 'FNC Boaster']",Abyss,Corrode,Ascent,Lotus,-,Haven,Ascent,Lotus,-,-,https://www.vlr.gg/542264/fnatic-vs-drx-valorant-champions-2025-ubqf
DRX,DRX,1,Bo3,A,loss,"[['Haven', 11, 10, 1], ['Ascent', 13, 7, 6], ['Lotus', 5, 1, 4]]",29,18,11,Valorant Champions 2025,Playoffs: Upper Quarterfinals,"['DRX BeYN', 'DRX Flashback', 'DRX MaKo', 'DRX HYUNMIN', 'DRX free1ng']",Sunset,Bind,Haven,Lotus,-,Haven,Ascent,Lotus,-,-,https://www.vlr.gg/542264/fnatic-vs-drx-valorant-champions-2025-ubqf
Team Heretics,TH,0,Bo3,B,loss,"[['Corrode', 12, 8, 4], ['Sunset', 6, 3, 3]]",18,11,7,Valorant Champions 2025,Playoffs: Upper Quarterfinals,"['TH RieNs', 'TH Wo0t', 'TH MiniBoo', 'TH benjyfishy', 'TH Boo']",Abyss,Bind,Sunset,Haven,-,Corrode,Sunset,-,-,-,https://www.vlr.gg/542266/team-heretics-vs-mibr-valorant-champions-2025-ubqf
MIBR,MIBR,2,Bo3,A,win,"[['Corrode', 14, 8, 4], ['Sunset', 13, 4, 9]]",27,12,13,Valorant Champions 2025,Playoffs: Upper Quarterfinals,"['MIBR artzin', 'MIBR aspas', 'MIBR cortezia', 'MIBR Verno', 'MIBR xenom']",Lotus,Ascent,Corrode,Haven,-,Corrode,Sunset,-,-,-,https://www.vlr.gg/542266/team-heretics-vs-mibr-valorant-champions-2025-ubqf
NRG,NRG,2,Bo3,B,win,"[['Haven', 13, 11, 2], ['Lotus', 13, 9, 4]]",26,20,6,Valorant Champions 2025,Playoffs: Upper Quarterfinals,"['NRG brawk', 'NRG mada', 'NRG s0m', 'NRG skuba', 'NRG Ethan']",Sunset,Ascent,Lotus,Abyss,-,Haven,Lotus,-,-,-,https://www.vlr.gg/542267/nrg-vs-giantx-valorant-champions-2025-ubqf
GIANTX,GX,0,Bo3,A,loss,"[['Haven', 1, 0, 1], ['Lotus', 6, 3, 3]]",7,3,4,Valorant Champions 2025,Playoffs: Upper Quarterfinals,"['GX Cloud', 'GX westside', 'GX grubinho', 'GX Flickless', 'GX ara']",Corrode,Bind,Haven,Abyss,-,Haven,Lotus,-,-,-,https://www.vlr.gg/542267/nrg-vs-giantx-valorant-champions-2025-ubqf
DRX,DRX,2,Bo3,B,win,"[['Lotus', 7, 3, 4], ['Abyss', 13, 8, 5], ['Bind', 13, 3, 10]]",33,14,19,Valorant Champions 2025,Playoffs: Lower Round 1,"['DRX MaKo', 'DRX HYUNMIN', 'DRX Flashback', 'DRX free1ng', 'DRX BeYN']",Sunset,Corrode,Abyss,Bind,-,Lotus,Abyss,Bind,-,-,https://www.vlr.gg/542273/drx-vs-g2-esports-valorant-champions-2025-lr1
G2 Esports,G2,1,Bo3,A,loss,"[['Lotus', 13, 8, 5], ['Abyss', 10, 6, 4], ['Bind', 7, 2, 5]]",30,16,14,Valorant Champions 2025,Playoffs: Lower Round 1,"['G2 jawgemo', 'G2 valyn', 'G2 trent', 'G2 JonahP', 'G2 leaf']",Haven,Ascent,Lotus,Bind,-,Lotus,Abyss,Bind,-,-,https://www.vlr.gg/542273/drx-vs-g2-esports-valorant-champions-2025-lr1
Team Heretics,TH,2,Bo3,B,win,"[['Ascent', 13, 5, 8], ['Lotus', 3, 0, 3], ['Bind', 13, 5, 8]]",29,10,19,Valorant Champions 2025,Playoffs: Lower Round 1,"['TH RieNs', 'TH MiniBoo', 'TH Wo0t', 'TH benjyfishy', 'TH Boo']",Abyss,Sunset,Lotus,Bind,-,Ascent,Lotus,Bind,-,-,https://www.vlr.gg/542274/team-heretics-vs-giantx-valorant-champions-2025-lr1
GIANTX,GX,1,Bo3,A,loss,"[['Ascent', 4, 4, 0], ['Lotus', 13, 9, 4], ['Bind', 9, 2, 7]]",26,15,11,Valorant Champions 2025,Playoffs: Lower Round 1,"['GX Flickless', 'GX westside', 'GX Cloud', 'GX ara', 'GX grubinho']",Corrode,Haven,Ascent,Bind,-,Ascent,Lotus,Bind,-,-,https://www.vlr.gg/542274/team-heretics-vs-giantx-valorant-champions-2025-lr1
FNATIC,FNC,2,Bo3,B,win,"[['Bind', 10, 3, 7], ['Haven', 13, 8, 5], ['Lotus', 13, 3, 10]]",36,14,22,Valorant Champions 2025,Playoffs: Upper Semifinals,"['FNC kaajak', 'FNC Chronicle', 'FNC Boaster', 'FNC doma', 'FNC crashies']",Sunset,Corrode,Haven,Lotus,-,Bind,Haven,Lotus,-,-,https://www.vlr.gg/542268/fnatic-vs-paper-rex-valorant-champions-2025-ubsf
Paper Rex,PRX,1,Bo3,A,loss,"[['Bind', 13, 5, 8], ['Haven', 4, 0, 4], ['Lotus', 9, 0, 9]]",26,5,21,Valorant Champions 2025,Playoffs: Upper Semifinals,"['PRX d4v41', 'PRX f0rsakeN', 'PRX Jinggg', 'PRX PatMen', 'PRX something']",Abyss,Ascent,Bind,Lotus,-,Bind,Haven,Lotus,-,-,https://www.vlr.gg/542268/fnatic-vs-paper-rex-valorant-champions-2025-ubsf
MIBR,MIBR,1,Bo3,A,loss,"[['Abyss', 16, 6, 6], ['Haven', 4, 2, 2], ['Corrode', 16, 7, 5]]",36,15,13,Valorant Champions 2025,Playoffs: Upper Semifinals,"['MIBR aspas', 'MIBR cortezia', 'MIBR Verno', 'MIBR xenom', 'MIBR artzin']",Lotus,Ascent,Abyss,Corrode,-,Abyss,Haven,Corrode,-,-,https://www.vlr.gg/542269/mibr-vs-nrg-valorant-champions-2025-ubsf
NRG,NRG,2,Bo3,B,win,"[['Abyss', 14, 6, 6], ['Haven', 13, 3, 10], ['Corrode', 14, 7, 5]]",41,16,21,Valorant Champions 2025,Playoffs: Upper Semifinals,"['NRG brawk', 'NRG s0m', 'NRG skuba', 'NRG Ethan', 'NRG mada']",Sunset,Bind,Haven,Corrode,-,Abyss,Haven,Corrode,-,-,https://www.vlr.gg/542269/mibr-vs-nrg-valorant-champions-2025-ubsf
Paper Rex,PRX,2,Bo3,B,win,"[['Ascent', 13, 9, 4], ['Bind', 9, 2, 7], ['Lotus', 13, 8, 5]]",35,19,16,Valorant Champions 2025,Playoffs: Lower Round 2,"['PRX f0rsakeN', 'PRX d4v41', 'PRX PatMen', 'PRX something', 'PRX Jinggg']",Haven,Corrode,Bind,Lotus,-,Ascent,Bind,Lotus,-,-,https://www.vlr.gg/542277/paper-rex-vs-team-heretics-valorant-champions-2025-lr2
Team Heretics,TH,1,Bo3,A,loss,"[['Ascent', 11, 8, 3], ['Bind', 13, 5, 8], ['Lotus', 4, 0, 4]]",28,13,15,Valorant Champions 2025,Playoffs: Lower Round 2,"['TH Wo0t', 'TH RieNs', 'TH Boo', 'TH benjyfishy', 'TH MiniBoo']",Sunset,Abyss,Ascent,Lotus,-,Ascent,Bind,Lotus,-,-,https://www.vlr.gg/542277/paper-rex-vs-team-heretics-valorant-champions-2025-lr2
MIBR,MIBR,1,Bo3,A,loss,"[['Sunset', 10, 1, 9], ['Ascent', 15, 7, 5], ['Bind', 13, 7, 6]]",38,15,20,Valorant Champions 2025,Playoffs: Lower Round 2,"['MIBR aspas', 'MIBR cortezia', 'MIBR Verno', 'MIBR xenom', 'MIBR artzin']",Abyss,Haven,Sunset,Bind,-,Sunset,Ascent,Bind,-,-,https://www.vlr.gg/542276/mibr-vs-drx-valorant-champions-2025-lr2
DRX,DRX,2,Bo3,B,win,"[['Sunset', 13, 3, 10], ['Ascent', 13, 7, 5], ['Bind', 10, 6, 4]]",36,16,19,Valorant Champions 2025,Playoffs: Lower Round 2,"['DRX BeYN', 'DRX free1ng', 'DRX Flashback', 'DRX MaKo', 'DRX HYUNMIN']",Corrode,Lotus,Ascent,Bind,-,Sunset,Ascent,Bind,-,-,https://www.vlr.gg/542276/mibr-vs-drx-valorant-champions-2025-lr2
FNATIC,FNC,0,Bo3,A,loss,"[['Ascent', 14, 4, 8], ['Abyss', 13, 11, 2]]",27,15,10,Valorant Champions 2025,Playoffs: Upper Final,"['FNC kaajak', 'FNC Chronicle', 'FNC crashies', 'FNC Boaster', 'FNC Alfajer']",Corrode,Sunset,Ascent,Lotus,-,Ascent,Abyss,-,-,-,https://www.vlr.gg/542270/fnatic-vs-nrg-valorant-champions-2025-ubf
NRG,NRG,2,Bo3,B,win,"[['Ascent', 12, 4, 8], ['Abyss', 5, 4, 1]]",17,8,9,Valorant Champions 2025,Playoffs: Upper Final,"['NRG skuba', 'NRG brawk', 'NRG s0m', 'NRG Ethan', 'NRG mada']",Haven,Bind,Abyss,Lotus,-,Ascent,Abyss,-,-,-,https://www.vlr.gg/542270/fnatic-vs-nrg-valorant-champions-2025-ubf
DRX,DRX,2,Bo3,A,win,"[['Ascent', 13, 3, 9], ['Lotus', 8, 3, 5]]",21,6,14,Valorant Champions 2025,Playoffs: Lower Round 3,"['DRX HYUNMIN', 'DRX MaKo', 'DRX free1ng', 'DRX BeYN', 'DRX Flashback']",Sunset,Bind,Ascent,Corrode,-,Ascent,Lotus,-,-,-,https://www.vlr.gg/542278/drx-vs-paper-rex-valorant-champions-2025-lr3
Paper Rex,PRX,0,Bo3,B,loss,"[['Ascent', 15, 3, 9], ['Lotus', 13, 7, 6]]",28,10,15,Valorant Champions 2025,Playoffs: Lower Round 3,"['PRX Jinggg', 'PRX d4v41', 'PRX f0rsakeN', 'PRX something', 'PRX PatMen']",Abyss,Haven,Lotus,Corrode,-,Ascent,Lotus,-,-,-,https://www.vlr.gg/542278/drx-vs-paper-rex-valorant-champions-2025-lr3
FNATIC,FNC,3,Bo5,A,win,"[['Sunset', 13, 5, 8], ['Corrode', 3, 2, 1], ['Haven', 11, 6, 5], ['Bind', 4, 2, 2]]",31,15,16,Valorant Champions 2025,Playoffs: Lower Final,"['FNC crashies', 'FNC kaajak', 'FNC Chronicle', 'FNC Alfajer', 'FNC Boaster']",Abyss,-,Sunset,Haven,Ascent,Sunset,Corrode,Haven,Bind,-,https://www.vlr.gg/542279/fnatic-vs-drx-valorant-champions-2025-lbf
DRX,DRX,1,Bo5,B,loss,"[['Sunset', 8, 4, 4], ['Corrode', 13, 11, 2], ['Haven', 13, 7, 6], ['Bind', 13, 10, 3]]",47,32,15,Valorant Champions 2025,Playoffs: Lower Final,"['DRX BeYN', 'DRX HYUNMIN', 'DRX free1ng', 'DRX Flashback', 'DRX MaKo']",Lotus,-,Corrode,Bind,Ascent,Sunset,Corrode,Haven,Bind,-,https://www.vlr.gg/542279/fnatic-vs-drx-valorant-champions-2025-lbf
NRG,NRG,3,Bo5,A,win,"[['Corrode', 3, 3, 0], ['Lotus', 6, 3, 3], ['Abyss', 15, 1, 11], ['Ascent', 13, 8, 5], ['Sunset', 5, 2, 3]]",42,17,22,Valorant Champions 2025,Playoffs: Grand Final,"['NRG brawk', 'NRG Ethan', 'NRG skuba', 'NRG mada', 'NRG s0m']",Haven,Bind,Corrode,Abyss,Sunset,Corrode,Lotus,Abyss,Ascent,Sunset,https://www.vlr.gg/542272/nrg-vs-fnatic-valorant-champions-2025-gf
FNATIC,FNC,2,Bo5,B,loss,"[['Corrode', 13, 4, 9], ['Lotus', 13, 9, 4], ['Abyss', 13, 1, 11], ['Ascent', 8, 4, 4], ['Sunset', 13, 9, 4]]",60,27,32,Valorant Champions 2025,Playoffs: Grand Final,"['FNC kaajak', 'FNC Alfajer', 'FNC Chronicle', 'FNC crashies', 'FNC Boaster']",-,-,Lotus,Ascent,Sunset,Corrode,Lotus,Abyss,Ascent,Sunset,https://www.vlr.gg/542272/nrg-vs-fnatic-valorant-champions-2025-gf
Cloud9,C9,2,Bo3,B,win,"[['Haven', 13, 7, 6], ['Bind', 13, 4, 9]]",26,11,15,VCT 2025: Americas Stage 2,Group Stage: Week 1,"['C9 OXY', 'C9 Xeppaa', 'C9 v1c', 'C9 mitch', 'C9 neT']",Icebox,Ascent,Bind,Corrode,-,Haven,Bind,-,-,-,https://www.vlr.gg/509801/cloud9-vs-furia-vct-2025-americas-stage-2-w1
FURIA,FUR,0,Bo3,A,loss,"[['Haven', 5, 0, 5], ['Bind', 4, 3, 1]]",9,3,6,VCT 2025: Americas Stage 2,Group Stage: Week 1,"['FUR heat', 'FUR adverso', 'FUR Palla', 'FUR tuyz', 'FUR Urango']",Lotus,Sunset,Haven,Corrode,-,Haven,Bind,-,-,-,https://www.vlr.gg/509801/cloud9-vs-furia-vct-2025-americas-stage-2-w1
LEVIATÁN,LEV,1,Bo3,A,loss,"[['Bind', 10, 7, 3], ['Ascent', 13, 5, 8], ['Icebox', 13, 5, 8]]",36,17,19,VCT 2025: Americas Stage 2,Group Stage: Week 1,"['LEV Sato', 'LEV kiNgg', 'LEV Okeanos', 'LEV C0M', 'LEV tex']",Corrode,Sunset,Bind,Icebox,-,Bind,Ascent,Icebox,-,-,https://www.vlr.gg/509802/leviat-n-vs-loud-vct-2025-americas-stage-2-w1
LOUD,LOUD,2,Bo3,B,win,"[['Bind', 13, 8, 5], ['Ascent', 10, 3, 7], ['Icebox', 11, 4, 7]]",34,15,19,VCT 2025: Americas Stage 2,Group Stage: Week 1,"['LOUD Virtyy', 'LOUD lukxo', 'LOUD pANcada', 'LOUD RobbieBk', 'LOUD cauanzin']",Lotus,Haven,Ascent,Icebox,-,Bind,Ascent,Icebox,-,-,https://www.vlr.gg/509802/leviat-n-vs-loud-vct-2025-americas-stage-2-w1
Evil Geniuses,EG,2,Bo3,B,win,"[['Sunset', 7, 6, 1], ['Lotus', 13, 7, 6], ['Ascent', 13, 5, 8]]",33,18,15,VCT 2025: Americas Stage 2,Group Stage: Week 1,"['EG Derrek', 'EG icy', 'EG supamen', 'EG yay', 'EG NaturE']",Corrode,Haven,Lotus,Ascent,-,Sunset,Lotus,Ascent,-,-,https://www.vlr.gg/509803/evil-geniuses-vs-2game-esports-vct-2025-americas-stage-2-w1
2Game Esports,2G,1,Bo3,A,loss,"[['Sunset', 13, 7, 6], ['Lotus', 11, 6, 5], ['Ascent', 9, 2, 7]]",33,15,18,VCT 2025: Americas Stage 2,Group Stage: Week 1,"['2G spike', '2G silentzz', '2G lz', '2G pryze', '2G gobera']",Icebox,Bind,Sunset,Ascent,-,Sunset,Lotus,Ascent,-,-,https://www.vlr.gg/509803/evil-geniuses-vs-2game-esports-vct-2025-americas-stage-2-w1
MIBR,MIBR,1,Bo3,B,loss,"[['Corrode', 13, 5, 8], ['Ascent', 1, 1, 0], ['Haven', 9, 5, 4]]",23,11,12,VCT 2025: Americas Stage 2,Group Stage: Week 1,"['MIBR aspas', 'MIBR cortezia', 'MIBR xenom', 'MIBR artzin', 'MIBR Verno']",Bind,Sunset,Ascent,Haven,-,Corrode,Ascent,Haven,-,-,https://www.vlr.gg/509804/mibr-vs-kr-esports-vct-2025-americas-stage-2-w1
KRÜ Esports,KRÜ,2,Bo3,A,win,"[['Corrode', 9, 4, 5], ['Ascent', 13, 2, 11], ['Haven', 13, 8, 5]]",35,14,21,VCT 2025: Americas Stage 2,Group Stage: Week 1,"['KRÜ keznit', 'KRÜ Melser', 'KRÜ Mazino', 'KRÜ Dantedeu5', 'KRÜ Shyy']",Icebox,Lotus,Corrode,Haven,-,Corrode,Ascent,Haven,-,-,https://www.vlr.gg/509804/mibr-vs-kr-esports-vct-2025-americas-stage-2-w1
100 Thieves,100T,2,Bo3,A,win,"[['Bind', 10, 3, 7], ['Sunset', 4, 2, 2]]",14,5,9,VCT 2025: Americas Stage 2,Group Stage: Week 1,"['100T Kess', '100T eeiu', '100T zander', '100T Asuna', '100T Cryocells']",Lotus,Icebox,Bind,Corrode,-,Bind,Sunset,-,-,-,https://www.vlr.gg/509805/100-thieves-vs-nrg-vct-2025-americas-stage-2-w1
NRG,NRG,0,Bo3,B,loss,"[['Bind', 13, 4, 9], ['Sunset', 13, 3, 10]]",26,7,19,VCT 2025: Americas Stage 2,Group Stage: Week 1,"['NRG skuba', 'NRG Ethan', 'NRG brawk', 'NRG s0m', 'NRG mada']",Haven,Ascent,Sunset,Corrode,-,Bind,Sunset,-,-,-,https://www.vlr.gg/509805/100-thieves-vs-nrg-vct-2025-americas-stage-2-w1
Sentinels,SEN,2,Bo3,A,win,"[['Corrode', 8, 6, 2], ['Ascent', 13, 9, 4], ['Lotus', 12, 4, 8]]",33,19,14,VCT 2025: Americas Stage 2,Group Stage: Week 1,"['SEN N4RRATE', 'SEN zekken', 'SEN johnqt', 'SEN bang', 'SEN Zellsis']",Bind,Icebox,Corrode,Lotus,-,Corrode,Ascent,Lotus,-,-,https://www.vlr.gg/509806/sentinels-vs-g2-esports-vct-2025-americas-stage-2-w1
G2 Esports,G2,1,Bo3,B,loss,"[['Corrode', 13, 10, 3], ['Ascent', 6, 3, 3], ['Lotus', 14, 4, 8]]",33,17,14,VCT 2025: Americas Stage 2,Group Stage: Week 1,"['G2 trent', 'G2 valyn', 'G2 JonahP', 'G2 jawgemo', 'G2 BABYBAY']",Sunset,Haven,Ascent,Lotus,-,Corrode,Ascent,Lotus,-,-,https://www.vlr.gg/509806/sentinels-vs-g2-esports-vct-2025-americas-stage-2-w1
2Game Esports,2G,0,Bo3,A,loss,"[['Ascent', 13, 6, 7], ['Haven', 13, 5, 8]]",26,11,15,VCT 2025: Americas Stage 2,Group Stage: Week 2,"['2G pryze', '2G silentzz', '2G spike', '2G lz', '2G gobera']",Icebox,Corrode,Ascent,Lotus,-,Ascent,Haven,-,-,-,https://www.vlr.gg/509807/2game-esports-vs-g2-esports-vct-2025-americas-stage-2-w2
G2 Esports,G2,2,Bo3,B,win,"[['Ascent', 8, 2, 6], ['Haven', 5, 4, 1]]",13,6,7,VCT 2025: Americas Stage 2,Group Stage: Week 2,"['G2 JonahP', 'G2 valyn', 'G2 trent', 'G2 jawgemo', 'G2 BABYBAY']",Sunset,Bind,Haven,Lotus,-,Ascent,Haven,-,-,-,https://www.vlr.gg/509807/2game-esports-vs-g2-esports-vct-2025-americas-stage-2-w2
FURIA,FUR,0,Bo3,B,loss,"[['Sunset', 4, 2, 2], ['Icebox', 0, 0, 0]]",4,2,2,VCT 2025: Americas Stage 2,Group Stage: Week 2,"['FUR adverso', 'FUR heat', 'FUR Palla', 'FUR tuyz', 'FUR Urango']",Lotus,Haven,Icebox,Corrode,-,Sunset,Icebox,-,-,-,https://www.vlr.gg/509808/furia-vs-sentinels-vct-2025-americas-stage-2-w2
Sentinels,SEN,2,Bo3,A,win,"[['Sunset', 13, 3, 10], ['Icebox', 13, 12, 1]]",26,15,11,VCT 2025: Americas Stage 2,Group Stage: Week 2,"['SEN N4RRATE', 'SEN Zellsis', 'SEN zekken', 'SEN bang', 'SEN johnqt']",Ascent,Bind,Sunset,Corrode,-,Sunset,Icebox,-,-,-,https://www.vlr.gg/509808/furia-vs-sentinels-vct-2025-americas-stage-2-w2
100 Thieves,100T,2,Bo3,B,win,"[['Corrode', 13, 5, 8], ['Bind', 13, 8, 5]]",26,13,13,VCT 2025: Americas Stage 2,Group Stage: Week 2,"['100T Asuna', '100T Kess', '100T zander', '100T eeiu', '100T Cryocells']",Lotus,Ascent,Bind,Sunset,-,Corrode,Bind,-,-,-,https://www.vlr.gg/509809/100-thieves-vs-kr-esports-vct-2025-americas-stage-2-w2
KRÜ Esports,KRÜ,0,Bo3,A,loss,"[['Corrode', 4, 4, 0], ['Bind', 5, 1, 4]]",9,5,4,VCT 2025: Americas Stage 2,Group Stage: Week 2,"['KRÜ Dantedeu5', 'KRÜ Shyy', 'KRÜ keznit', 'KRÜ Melser', 'KRÜ Mazino']",Haven,Icebox,Corrode,Sunset,-,Corrode,Bind,-,-,-,https://www.vlr.gg/509809/100-thieves-vs-kr-esports-vct-2025-americas-stage-2-w2
NRG,NRG,2,Bo3,B,win,"[['Haven', 13, 8, 5], ['Corrode', 13, 7, 6]]",26,15,11,VCT 2025: Americas Stage 2,Group Stage: Week 2,"['NRG brawk', 'NRG s0m', 'NRG mada', 'NRG skuba', 'NRG Ethan']",Sunset,Ascent,Corrode,Bind,-,Haven,Corrode,-,-,-,https://www.vlr.gg/509810/nrg-vs-loud-vct-2025-americas-stage-2-w2
LOUD,LOUD,0,Bo3,A,loss,"[['Haven', 4, 0, 4], ['Corrode', 9, 4, 5]]",13,4,9,VCT 2025: Americas Stage 2,Group Stage: Week 2,"['LOUD cauanzin', 'LOUD lukxo', 'LOUD Virtyy', 'LOUD pANcada', 'LOUD RobbieBk']",Lotus,Icebox,Haven,Bind,-,Haven,Corrode,-,-,-,https://www.vlr.gg/509810/nrg-vs-loud-vct-2025-americas-stage-2-w2
Cloud9,C9,2,Bo3,B,win,"[['Lotus', 13, 8, 5], ['Haven', 13, 9, 4]]",26,17,9,VCT 2025: Americas Stage 2,Group Stage: Week 2,"['C9 mitch', 'C9 v1c', 'C9 neT', 'C9 OXY', 'C9 Xeppaa']",Icebox,Ascent,Haven,Bind,-,Lotus,Haven,-,-,-,https://www.vlr.gg/509811/cloud9-vs-evil-geniuses-vct-2025-americas-stage-2-w2
Evil Geniuses,EG,0,Bo3,A,loss,"[['Lotus', 7, 3, 4], ['Haven', 10, 8, 2]]",17,11,6,VCT 2025: Americas Stage 2,Group Stage: Week 2,"['EG Derrek', 'EG yay', 'EG icy', 'EG supamen', 'EG NaturE']",Sunset,Corrode,Lotus,Bind,-,Lotus,Haven,-,-,-,https://www.vlr.gg/509811/cloud9-vs-evil-geniuses-vct-2025-americas-stage-2-w2
MIBR,MIBR,0,Bo3,A,loss,"[['Lotus', 13, 7, 6], ['Sunset', 13, 9, 4]]",26,16,10,VCT 2025: Americas Stage 2,Group Stage: Week 2,"['MIBR artzin', 'MIBR xenom', 'MIBR cortezia', 'MIBR aspas', 'MIBR Verno']",Ascent,Haven,Lotus,Bind,-,Lotus,Sunset,-,-,-,https://www.vlr.gg/509812/mibr-vs-leviat-n-vct-2025-americas-stage-2-w2
LEVIATÁN,LEV,2,Bo3,B,win,"[['Lotus', 8, 3, 5], ['Sunset', 3, 0, 3]]",11,3,8,VCT 2025: Americas Stage 2,Group Stage: Week 2,"['LEV kiNgg', 'LEV C0M', 'LEV Sato', 'LEV tex', 'LEV Okeanos']",Icebox,Corrode,Sunset,Bind,-,Lotus,Sunset,-,-,-,https://www.vlr.gg/509812/mibr-vs-leviat-n-vct-2025-americas-stage-2-w2
2Game Esports,2G,2,Bo3,B,win,"[['Corrode', 12, 5, 7], ['Sunset', 13, 4, 9], ['Ascent', 13, 10, 3]]",38,19,19,VCT 2025: Americas Stage 2,Group Stage: Week 3,"['2G silentzz', '2G gobera', '2G pryze', '2G spike', '2G lz']",Icebox,Bind,Sunset,Ascent,-,Corrode,Sunset,Ascent,-,-,https://www.vlr.gg/509813/2game-esports-vs-furia-vct-2025-americas-stage-2-w3
FURIA,FUR,1,Bo3,A,loss,"[['Corrode', 14, 5, 7], ['Sunset', 3, 3, 0], ['Ascent', 2, 0, 2]]",19,8,9,VCT 2025: Americas Stage 2,Group Stage: Week 3,"['FUR heat', 'FUR adverso', 'FUR Urango', 'FUR tuyz', 'FUR Palla']",Lotus,Haven,Corrode,Ascent,-,Corrode,Sunset,Ascent,-,-,https://www.vlr.gg/509813/2game-esports-vs-furia-vct-2025-americas-stage-2-w3
LEVIATÁN,LEV,1,Bo3,B,loss,"[['Lotus', 7, 5, 2], ['Haven', 14, 5, 7], ['Icebox', 11, 8, 3]]",32,18,12,VCT 2025: Americas Stage 2,Group Stage: Week 3,"['LEV Sato', 'LEV C0M', 'LEV kiNgg', 'LEV Okeanos', 'LEV tex']",Corrode,Ascent,Haven,Icebox,-,Lotus,Haven,Icebox,-,-,https://www.vlr.gg/509814/leviat-n-vs-nrg-vct-2025-americas-stage-2-w3
NRG,NRG,2,Bo3,A,win,"[['Lotus', 13, 6, 7], ['Haven', 12, 5, 7], ['Icebox', 13, 9, 4]]",38,20,18,VCT 2025: Americas Stage 2,Group Stage: Week 3,"['NRG mada', 'NRG s0m', 'NRG brawk', 'NRG skuba', 'NRG Ethan']",Sunset,Bind,Lotus,Icebox,-,Lotus,Haven,Icebox,-,-,https://www.vlr.gg/509814/leviat-n-vs-nrg-vct-2025-americas-stage-2-w3
Sentinels,SEN,2,Bo3,A,win,"[['Lotus', 5, 3, 2], ['Haven', 9, 6, 3]]",14,9,5,VCT 2025: Americas Stage 2,Group Stage: Week 3,"['SEN N4RRATE', 'SEN bang', 'SEN johnqt', 'SEN zekken', 'SEN Zellsis']",Ascent,Bind,Lotus,Corrode,-,Lotus,Haven,-,-,-,https://www.vlr.gg/509815/sentinels-vs-cloud9-vct-2025-americas-stage-2-w3
Cloud9,C9,0,Bo3,B,loss,"[['Lotus', 13, 4, 9], ['Haven', 13, 9, 4]]",26,13,13,VCT 2025: Americas Stage 2,Group Stage: Week 3,"['C9 OXY', 'C9 Xeppaa', 'C9 mitch', 'C9 v1c', 'C9 neT']",Sunset,Icebox,Haven,Corrode,-,Lotus,Haven,-,-,-,https://www.vlr.gg/509815/sentinels-vs-cloud9-vct-2025-americas-stage-2-w3
MIBR,MIBR,2,Bo3,A,win,"[['Icebox', 10, 7, 3], ['Bind', 12, 10, 2]]",22,17,5,VCT 2025: Americas Stage 2,Group Stage: Week 3,"['MIBR cortezia', 'MIBR aspas', 'MIBR Verno', 'MIBR xenom', 'MIBR artzin']",Ascent,Sunset,Icebox,Haven,-,Icebox,Bind,-,-,-,https://www.vlr.gg/509816/mibr-vs-100-thieves-vct-2025-americas-stage-2-w3
100 Thieves,100T,0,Bo3,B,loss,"[['Icebox', 13, 9, 4], ['Bind', 14, 10, 2]]",27,19,6,VCT 2025: Americas Stage 2,Group Stage: Week 3,"['100T Cryocells', '100T Asuna', '100T eeiu', '100T zander', '100T Kess']",Lotus,Corrode,Bind,Haven,-,Icebox,Bind,-,-,-,https://www.vlr.gg/509816/mibr-vs-100-thieves-vct-2025-americas-stage-2-w3
G2 Esports,G2,2,Bo3,A,win,"[['Corrode', 13, 7, 6], ['Haven', 4, 2, 2], ['Ascent', 4, 1, 3]]",21,10,11,VCT 2025: Americas Stage 2,Group Stage: Week 3,"['G2 JonahP', 'G2 valyn', 'G2 trent', 'G2 jawgemo', 'G2 BABYBAY']",Lotus,Bind,Corrode,Ascent,-,Corrode,Haven,Ascent,-,-,https://www.vlr.gg/509817/g2-esports-vs-evil-geniuses-vct-2025-americas-stage-2-w3
Evil Geniuses,EG,1,Bo3,B,loss,"[['Corrode', 11, 6, 5], ['Haven', 13, 3, 10], ['Ascent', 13, 9, 4]]",37,18,19,VCT 2025: Americas Stage 2,Group Stage: Week 3,"['EG NaturE', 'EG Derrek', 'EG yay', 'EG supamen', 'EG icy']",Sunset,Icebox,Haven,Ascent,-,Corrode,Haven,Ascent,-,-,https://www.vlr.gg/509817/g2-esports-vs-evil-geniuses-vct-2025-americas-stage-2-w3
LOUD,LOUD,1,Bo3,A,loss,"[['Haven', 13, 6, 7], ['Bind', 9, 4, 5], ['Ascent', 13, 8, 5]]",35,18,17,VCT 2025: Americas Stage 2,Group Stage: Week 3,"['LOUD Virtyy', 'LOUD RobbieBk', 'LOUD cauanzin', 'LOUD lukxo', 'LOUD pANcada']",Lotus,Icebox,Haven,Ascent,-,Haven,Bind,Ascent,-,-,https://www.vlr.gg/509818/loud-vs-kr-esports-vct-2025-americas-stage-2-w3
KRÜ Esports,KRÜ,2,Bo3,B,win,"[['Haven', 7, 1, 6], ['Bind', 13, 5, 8], ['Ascent', 4, 0, 4]]",24,6,18,VCT 2025: Americas Stage 2,Group Stage: Week 3,"['KRÜ Dantedeu5', 'KRÜ Shyy', 'KRÜ keznit', 'KRÜ Mazino', 'KRÜ Melser']",Sunset,Corrode,Bind,Ascent,-,Haven,Bind,Ascent,-,-,https://www.vlr.gg/509818/loud-vs-kr-esports-vct-2025-americas-stage-2-w3
Cloud9,C9,2,Bo3,A,win,"[['Bind', 1, 1, 0], ['Lotus', 7, 4, 3]]",8,5,3,VCT 2025: Americas Stage 2,Group Stage: Week 4,"['C9 OXY', 'C9 v1c', 'C9 Xeppaa', 'C9 mitch', 'C9 neT']",Sunset,Haven,Bind,Ascent,-,Bind,Lotus,-,-,-,https://www.vlr.gg/509819/cloud9-vs-2game-esports-vct-2025-americas-stage-2-w4
2Game Esports,2G,0,Bo3,B,loss,"[['Bind', 13, 2, 11], ['Lotus', 13, 5, 8]]",26,7,19,VCT 2025: Americas Stage 2,Group Stage: Week 4,"['2G lz', '2G spike', '2G pryze', '2G gobera', '2G silentzz']",Icebox,Corrode,Lotus,Ascent,-,Bind,Lotus,-,-,-,https://www.vlr.gg/509819/cloud9-vs-2game-esports-vct-2025-americas-stage-2-w4
MIBR,MIBR,0,Bo3,B,loss,"[['Lotus', 13, 5, 7], ['Bind', 10, 6, 4]]",23,11,11,VCT 2025: Americas Stage 2,Group Stage: Week 4,"['MIBR aspas', 'MIBR cortezia', 'MIBR artzin', 'MIBR xenom', 'MIBR Verno']",Corrode,Ascent,Bind,Haven,-,Lotus,Bind,-,-,-,https://www.vlr.gg/509820/mibr-vs-nrg-vct-2025-americas-stage-2-w4
NRG,NRG,2,Bo3,A,win,"[['Lotus', 15, 5, 7], ['Bind', 13, 8, 5]]",28,13,12,VCT 2025: Americas Stage 2,Group Stage: Week 4,"['NRG s0m', 'NRG skuba', 'NRG mada', 'NRG brawk', 'NRG Ethan']",Icebox,Sunset,Lotus,Haven,-,Lotus,Bind,-,-,-,https://www.vlr.gg/509820/mibr-vs-nrg-vct-2025-americas-stage-2-w4
Sentinels,SEN,2,Bo3,A,win,"[['Lotus', 8, 3, 5], ['Corrode', 4, 3, 1]]",12,6,6,VCT 2025: Americas Stage 2,Group Stage: Week 4,"['SEN zekken', 'SEN Zellsis', 'SEN johnqt', 'SEN bang', 'SEN N4RRATE']",Ascent,Icebox,Lotus,Bind,-,Lotus,Corrode,-,-,-,https://www.vlr.gg/509821/sentinels-vs-evil-geniuses-vct-2025-americas-stage-2-w4
Evil Geniuses,EG,0,Bo3,B,loss,"[['Lotus', 13, 4, 9], ['Corrode', 13, 4, 9]]",26,8,18,VCT 2025: Americas Stage 2,Group Stage: Week 4,"['EG Derrek', 'EG supamen', 'EG yay', 'EG NaturE', 'EG icy']",Sunset,Haven,Corrode,Bind,-,Lotus,Corrode,-,-,-,https://www.vlr.gg/509821/sentinels-vs-evil-geniuses-vct-2025-americas-stage-2-w4
LEVIATÁN,LEV,2,Bo3,A,win,"[['Bind', 13, 7, 6], ['Haven', 10, 2, 8], ['Ascent', 4, 4, 0]]",27,13,14,VCT 2025: Americas Stage 2,Group Stage: Week 4,"['LEV kiNgg', 'LEV Okeanos', 'LEV C0M', 'LEV Sato', 'LEV tex']",Icebox,Corrode,Bind,Ascent,-,Bind,Haven,Ascent,-,-,https://www.vlr.gg/509822/leviat-n-vs-kr-esports-vct-2025-americas-stage-2-w4
KRÜ Esports,KRÜ,1,Bo3,B,loss,"[['Bind', 6, 6, 0], ['Haven', 13, 4, 9], ['Ascent', 13, 5, 8]]",32,15,17,VCT 2025: Americas Stage 2,Group Stage: Week 4,"['KRÜ keznit', 'KRÜ Melser', 'KRÜ Mazino', 'KRÜ Dantedeu5', 'KRÜ Shyy']",Sunset,Lotus,Haven,Ascent,-,Bind,Haven,Ascent,-,-,https://www.vlr.gg/509822/leviat-n-vs-kr-esports-vct-2025-americas-stage-2-w4
FURIA,FUR,0,Bo3,A,loss,"[['Corrode', 13, 10, 3], ['Ascent', 13, 8, 5]]",26,18,8,VCT 2025: Americas Stage 2,Group Stage: Week 4,"['FUR heat', 'FUR adverso', 'FUR tuyz', 'FUR Palla', 'FUR Urango']",Lotus,Haven,Corrode,Sunset,-,Corrode,Ascent,-,-,-,https://www.vlr.gg/509823/furia-vs-g2-esports-vct-2025-americas-stage-2-w4
G2 Esports,G2,2,Bo3,B,win,"[['Corrode', 2, 0, 2], ['Ascent', 5, 1, 4]]",7,1,6,VCT 2025: Americas Stage 2,Group Stage: Week 4,"['G2 trent', 'G2 jawgemo', 'G2 valyn', 'G2 BABYBAY', 'G2 JonahP']",Icebox,Bind,Ascent,Sunset,-,Corrode,Ascent,-,-,-,https://www.vlr.gg/509823/furia-vs-g2-esports-vct-2025-americas-stage-2-w4
LOUD,LOUD,1,Bo3,A,loss,"[['Sunset', 2, 0, 2], ['Bind', 13, 7, 6], ['Lotus', 14, 6, 6]]",29,13,14,VCT 2025: Americas Stage 2,Group Stage: Week 4,"['LOUD lukxo', 'LOUD pANcada', 'LOUD cauanzin', 'LOUD Virtyy', 'LOUD RobbieBk']",Haven,Corrode,Sunset,Lotus,-,Sunset,Bind,Lotus,-,-,https://www.vlr.gg/509824/loud-vs-100-thieves-vct-2025-americas-stage-2-w4
100 Thieves,100T,2,Bo3,B,win,"[['Sunset', 13, 10, 3], ['Bind', 7, 2, 5], ['Lotus', 12, 6, 6]]",32,18,14,VCT 2025: Americas Stage 2,Group Stage: Week 4,"['100T Asuna', '100T Cryocells', '100T eeiu', '100T Kess', '100T zander']",Icebox,Ascent,Bind,Lotus,-,Sunset,Bind,Lotus,-,-,https://www.vlr.gg/509824/loud-vs-100-thieves-vct-2025-americas-stage-2-w4
KRÜ Esports,KRÜ,1,Bo3,A,loss,"[['Sunset', 6, 5, 1], ['Lotus', 13, 6, 7], ['Haven', 13, 3, 10]]",32,14,18,VCT 2025: Americas Stage 2,Group Stage: Week 5,"['KRÜ Shyy', 'KRÜ keznit', 'KRÜ Melser', 'KRÜ Mazino', 'KRÜ Dantedeu5']",Icebox,Corrode,Sunset,Haven,-,Sunset,Lotus,Haven,-,-,https://www.vlr.gg/509825/kr-esports-vs-nrg-vct-2025-americas-stage-2-w5
NRG,NRG,2,Bo3,B,win,"[['Sunset', 13, 6, 7], ['Lotus', 7, 1, 6], ['Haven', 5, 2, 3]]",25,9,16,VCT 2025: Americas Stage 2,Group Stage: Week 5,"['NRG skuba', 'NRG brawk', 'NRG Ethan', 'NRG mada', 'NRG s0m']",Bind,Ascent,Lotus,Haven,-,Sunset,Lotus,Haven,-,-,https://www.vlr.gg/509825/kr-esports-vs-nrg-vct-2025-americas-stage-2-w5
100 Thieves,100T,1,Bo3,A,loss,"[['Haven', 10, 1, 9], ['Sunset', 13, 7, 6], ['Lotus', 13, 3, 10]]",36,11,25,VCT 2025: Americas Stage 2,Group Stage: Week 5,"['100T Cryocells', '100T zander', '100T Kess', '100T Asuna', '100T eeiu']",Icebox,Ascent,Haven,Lotus,-,Haven,Sunset,Lotus,-,-,https://www.vlr.gg/509826/100-thieves-vs-leviat-n-vct-2025-americas-stage-2-w5
LEVIATÁN,LEV,2,Bo3,B,win,"[['Haven', 13, 3, 10], ['Sunset', 10, 5, 5], ['Lotus', 2, 2, 0]]",25,10,15,VCT 2025: Americas Stage 2,Group Stage: Week 5,"['LEV Sato', 'LEV tex', 'LEV C0M', 'LEV Okeanos', 'LEV kiNgg']",Bind,Corrode,Sunset,Lotus,-,Haven,Sunset,Lotus,-,-,https://www.vlr.gg/509826/100-thieves-vs-leviat-n-vct-2025-americas-stage-2-w5
FURIA,FUR,0,Bo3,B,loss,"[['Corrode', 6, 2, 4], ['Ascent', 9, 4, 5]]",15,6,9,VCT 2025: Americas Stage 2,Group Stage: Week 5,"['FUR Palla', 'FUR tuyz', 'FUR adverso', 'FUR heat', 'FUR Urango']",Lotus,Bind,Ascent,Icebox,-,Corrode,Ascent,-,-,-,https://www.vlr.gg/509827/furia-vs-evil-geniuses-vct-2025-americas-stage-2-w5
Evil Geniuses,EG,2,Bo3,A,win,"[['Corrode', 13, 8, 5], ['Ascent', 13, 5, 8]]",26,13,13,VCT 2025: Americas Stage 2,Group Stage: Week 5,"['EG supamen', 'EG yay', 'EG icy', 'EG NaturE', 'EG Derrek']",Sunset,Haven,Corrode,Icebox,-,Corrode,Ascent,-,-,-,https://www.vlr.gg/509827/furia-vs-evil-geniuses-vct-2025-americas-stage-2-w5
2Game Esports,2G,1,Bo3,A,loss,"[['Sunset', 9, 7, 2], ['Lotus', 13, 3, 10], ['Haven', 13, 9, 4]]",35,19,16,VCT 2025: Americas Stage 2,Group Stage: Week 5,"['2G silentzz', '2G spike', '2G lz', '2G pryze', '2G gobera']",Icebox,Corrode,Sunset,Haven,-,Sunset,Lotus,Haven,-,-,https://www.vlr.gg/509829/2game-esports-vs-sentinels-vct-2025-americas-stage-2-w5
Sentinels,SEN,2,Bo3,B,win,"[['Sunset', 13, 8, 5], ['Lotus', 4, 2, 2], ['Haven', 4, 1, 3]]",21,11,10,VCT 2025: Americas Stage 2,Group Stage: Week 5,"['SEN N4RRATE', 'SEN johnqt', 'SEN bang', 'SEN zekken', 'SEN Zellsis']",Ascent,Bind,Lotus,Haven,-,Sunset,Lotus,Haven,-,-,https://www.vlr.gg/509829/2game-esports-vs-sentinels-vct-2025-americas-stage-2-w5
G2 Esports,G2,2,Bo3,A,win,"[['Ascent', 8, 2, 6], ['Lotus', 9, 4, 5]]",17,6,11,VCT 2025: Americas Stage 2,Group Stage: Week 5,"['G2 BABYBAY', 'G2 jawgemo', 'G2 valyn', 'G2 JonahP', 'G2 trent']",Bind,Icebox,Ascent,Haven,-,Ascent,Lotus,-,-,-,https://www.vlr.gg/509830/g2-esports-vs-cloud9-vct-2025-americas-stage-2-w5
Cloud9,C9,0,Bo3,B,loss,"[['Ascent', 13, 6, 7], ['Lotus', 13, 5, 8]]",26,11,15,VCT 2025: Americas Stage 2,Group Stage: Week 5,"['C9 OXY', 'C9 neT', 'C9 v1c', 'C9 Xeppaa', 'C9 mitch']",Corrode,Sunset,Lotus,Haven,-,Ascent,Lotus,-,-,-,https://www.vlr.gg/509830/g2-esports-vs-cloud9-vct-2025-americas-stage-2-w5
MIBR,MIBR,2,Bo3,A,win,"[['Icebox', 11, 3, 8], ['Sunset', 10, 6, 4]]",21,9,12,VCT 2025: Americas Stage 2,Group Stage: Week 5,"['MIBR xenom', 'MIBR aspas', 'MIBR cortezia', 'MIBR Verno', 'MIBR artzin']",Corrode,Ascent,Icebox,Lotus,-,Icebox,Sunset,-,-,-,https://www.vlr.gg/509831/mibr-vs-loud-vct-2025-americas-stage-2-w5
LOUD,LOUD,0,Bo3,B,loss,"[['Icebox', 13, 4, 9], ['Sunset', 13, 7, 6]]",26,11,15,VCT 2025: Americas Stage 2,Group Stage: Week 5,"['LOUD cauanzin', 'LOUD Virtyy', 'LOUD lukxo', 'LOUD pANcada', 'LOUD RobbieBk']",Haven,Bind,Sunset,Lotus,-,Icebox,Sunset,-,-,-,https://www.vlr.gg/509831/mibr-vs-loud-vct-2025-americas-stage-2-w5
LEVIATÁN,LEV,1,Bo3,B,loss,"[['Corrode', 10, 2, 8], ['Haven', 13, 11, 2], ['Lotus', 11, 7, 4]]",34,20,14,VCT 2025: Americas Stage 2,Playoffs: Upper Round 1,"['LEV Okeanos', 'LEV Sato', 'LEV kiNgg', 'LEV C0M', 'LEV tex']",Bind,Icebox,Haven,Lotus,-,Corrode,Haven,Lotus,-,-,https://www.vlr.gg/530902/leviat-n-vs-cloud9-vct-2025-americas-stage-2-ur1
Cloud9,C9,2,Bo3,A,win,"[['Corrode', 13, 4, 9], ['Haven', 10, 10, 0], ['Lotus', 13, 8, 5]]",36,22,14,VCT 2025: Americas Stage 2,Playoffs: Upper Round 1,"['C9 neT', 'C9 OXY', 'C9 v1c', 'C9 mitch', 'C9 Xeppaa']",Sunset,Ascent,Corrode,Lotus,-,Corrode,Haven,Lotus,-,-,https://www.vlr.gg/530902/leviat-n-vs-cloud9-vct-2025-americas-stage-2-ur1
G2 Esports,G2,2,Bo3,B,win,"[['Sunset', 13, 3, 10], ['Haven', 13, 9, 4]]",26,12,14,VCT 2025: Americas Stage 2,Playoffs: Upper Round 1,"['G2 jawgemo', 'G2 BABYBAY', 'G2 JonahP', 'G2 trent', 'G2 valyn']",Bind,Icebox,Haven,Corrode,-,Sunset,Haven,-,-,-,https://www.vlr.gg/530903/g2-esports-vs-100-thieves-vct-2025-americas-stage-2-ur1
100 Thieves,100T,0,Bo3,A,loss,"[['Sunset', 4, 2, 2], ['Haven', 5, 2, 3]]",9,4,5,VCT 2025: Americas Stage 2,Playoffs: Upper Round 1,"['100T eeiu', '100T Cryocells', '100T zander', '100T Kess', '100T Asuna']",Lotus,Ascent,Sunset,Corrode,-,Sunset,Haven,-,-,-,https://www.vlr.gg/530903/g2-esports-vs-100-thieves-vct-2025-americas-stage-2-ur1
Sentinels,SEN,2,Bo3,A,win,"[['Corrode', 10, 5, 5], ['Icebox', 13, 7, 6], ['Lotus', 10, 6, 4]]",33,18,15,VCT 2025: Americas Stage 2,Playoffs: Upper Semifinals,"['SEN Zellsis', 'SEN zekken', 'SEN johnqt', 'SEN N4RRATE', 'SEN bang']",Ascent,Bind,Corrode,Lotus,-,Corrode,Icebox,Lotus,-,-,https://www.vlr.gg/530906/sentinels-vs-cloud9-vct-2025-americas-stage-2-ubsf
Cloud9,C9,1,Bo3,B,loss,"[['Corrode', 13, 7, 6], ['Icebox', 9, 6, 3], ['Lotus', 13, 8, 5]]",35,21,14,VCT 2025: Americas Stage 2,Playoffs: Upper Semifinals,"['C9 Xeppaa', 'C9 v1c', 'C9 mitch', 'C9 neT', 'C9 OXY']",Sunset,Haven,Icebox,Lotus,-,Corrode,Icebox,Lotus,-,-,https://www.vlr.gg/530906/sentinels-vs-cloud9-vct-2025-americas-stage-2-ubsf
NRG,NRG,1,Bo3,A,loss,"[['Corrode', 10, 4, 6], ['Sunset', 13, 5, 8], ['Bind', 13, 3, 10]]",36,12,24,VCT 2025: Americas Stage 2,Playoffs: Upper Semifinals,"['NRG s0m', 'NRG mada', 'NRG Ethan', 'NRG skuba', 'NRG brawk']",Ascent,Lotus,Corrode,Bind,-,Corrode,Sunset,Bind,-,-,https://www.vlr.gg/530907/nrg-vs-g2-esports-vct-2025-americas-stage-2-ubsf
G2 Esports,G2,2,Bo3,B,win,"[['Corrode', 13, 5, 8], ['Sunset', 11, 4, 7], ['Bind', 7, 2, 5]]",31,11,20,VCT 2025: Americas Stage 2,Playoffs: Upper Semifinals,"['G2 JonahP', 'G2 BABYBAY', 'G2 valyn', 'G2 jawgemo', 'G2 trent']",Icebox,Haven,Sunset,Bind,-,Corrode,Sunset,Bind,-,-,https://www.vlr.gg/530907/nrg-vs-g2-esports-vct-2025-americas-stage-2-ubsf
LEVIATÁN,LEV,2,Bo3,A,win,"[['Lotus', 12, 6, 6], ['Sunset', 13, 8, 5], ['Haven', 8, 3, 5]]",33,17,16,VCT 2025: Americas Stage 2,Playoffs: Lower Round 1,"['LEV kiNgg', 'LEV C0M', 'LEV Okeanos', 'LEV Sato', 'LEV tex']",Bind,Corrode,Lotus,Haven,-,Lotus,Sunset,Haven,-,-,https://www.vlr.gg/530904/leviat-n-vs-kr-esports-vct-2025-americas-stage-2-lr1
KRÜ Esports,KRÜ,1,Bo3,B,loss,"[['Lotus', 14, 6, 6], ['Sunset', 6, 2, 4], ['Haven', 13, 4, 9]]",33,12,19,VCT 2025: Americas Stage 2,Playoffs: Lower Round 1,"['KRÜ Mazino', 'KRÜ Shyy', 'KRÜ keznit', 'KRÜ Dantedeu5', 'KRÜ Melser']",Icebox,Ascent,Sunset,Haven,-,Lotus,Sunset,Haven,-,-,https://www.vlr.gg/530904/leviat-n-vs-kr-esports-vct-2025-americas-stage-2-lr1
100 Thieves,100T,2,Bo3,A,win,"[['Bind', 4, 3, 1], ['Corrode', 12, 8, 4]]",16,11,5,VCT 2025: Americas Stage 2,Playoffs: Lower Round 1,"['100T Cryocells', '100T eeiu', '100T zander', '100T Asuna', '100T Kess']",Lotus,Icebox,Bind,Ascent,-,Bind,Corrode,-,-,-,https://www.vlr.gg/530905/100-thieves-vs-evil-geniuses-vct-2025-americas-stage-2-lr1
Evil Geniuses,EG,0,Bo3,B,loss,"[['Bind', 13, 4, 9], ['Corrode', 14, 8, 4]]",27,12,13,VCT 2025: Americas Stage 2,Playoffs: Lower Round 1,"['EG icy', 'EG yay', 'EG Derrek', 'EG NaturE', 'EG supamen']",Sunset,Haven,Corrode,Ascent,-,Bind,Corrode,-,-,-,https://www.vlr.gg/530905/100-thieves-vs-evil-geniuses-vct-2025-americas-stage-2-lr1
NRG,NRG,2,Bo3,B,win,"[['Ascent', 13, 3, 10], ['Icebox', 13, 3, 10]]",26,6,20,VCT 2025: Americas Stage 2,Playoffs: Lower Round 2,"['NRG brawk', 'NRG Ethan', 'NRG mada', 'NRG s0m', 'NRG skuba']",Bind,Sunset,Icebox,Haven,-,Ascent,Icebox,-,-,-,https://www.vlr.gg/530908/nrg-vs-leviat-n-vct-2025-americas-stage-2-lr2
LEVIATÁN,LEV,0,Bo3,A,loss,"[['Ascent', 2, 2, 0], ['Icebox', 2, 2, 0]]",4,4,0,VCT 2025: Americas Stage 2,Playoffs: Lower Round 2,"['LEV Okeanos', 'LEV C0M', 'LEV kiNgg', 'LEV tex', 'LEV Sato']",Corrode,Lotus,Ascent,Haven,-,Ascent,Icebox,-,-,-,https://www.vlr.gg/530908/nrg-vs-leviat-n-vct-2025-americas-stage-2-lr2
Cloud9,C9,2,Bo3,B,win,"[['Haven', 13, 8, 5], ['Icebox', 14, 4, 8]]",27,12,13,VCT 2025: Americas Stage 2,Playoffs: Lower Round 2,"['C9 OXY', 'C9 v1c', 'C9 mitch', 'C9 neT', 'C9 Xeppaa']",Bind,Sunset,Icebox,Corrode,-,Haven,Icebox,-,-,-,https://www.vlr.gg/530909/cloud9-vs-100-thieves-vct-2025-americas-stage-2-lr2
100 Thieves,100T,0,Bo3,A,loss,"[['Haven', 9, 5, 4], ['Icebox', 12, 4, 8]]",21,9,12,VCT 2025: Americas Stage 2,Playoffs: Lower Round 2,"['100T Cryocells', '100T eeiu', '100T zander', '100T Asuna', '100T Kess']",Lotus,Ascent,Haven,Corrode,-,Haven,Icebox,-,-,-,https://www.vlr.gg/530909/cloud9-vs-100-thieves-vct-2025-americas-stage-2-lr2
Sentinels,SEN,0,Bo3,B,loss,"[['Bind', 8, 5, 3], ['Sunset', 9, 6, 3]]",17,11,6,VCT 2025: Americas Stage 2,Playoffs: Upper Final,"['SEN bang', 'SEN johnqt', 'SEN Zellsis', 'SEN N4RRATE', 'SEN zekken']",Ascent,Icebox,Sunset,Haven,-,Bind,Sunset,-,-,-,https://www.vlr.gg/530910/sentinels-vs-g2-esports-vct-2025-americas-stage-2-ubf
G2 Esports,G2,2,Bo3,A,win,"[['Bind', 13, 6, 7], ['Sunset', 13, 9, 4]]",26,15,11,VCT 2025: Americas Stage 2,Playoffs: Upper Final,"['G2 leaf', 'G2 JonahP', 'G2 jawgemo', 'G2 trent', 'G2 valyn']",Corrode,Lotus,Bind,Haven,-,Bind,Sunset,-,-,-,https://www.vlr.gg/530910/sentinels-vs-g2-esports-vct-2025-americas-stage-2-ubf
NRG,NRG,2,Bo3,A,win,"[['Corrode', 2, 2, 0], ['Lotus', 10, 6, 4], ['Haven', 13, 5, 8]]",25,13,12,VCT 2025: Americas Stage 2,Playoffs: Lower Round 3,"['NRG brawk', 'NRG s0m', 'NRG mada', 'NRG Ethan', 'NRG skuba']",Bind,Sunset,Haven,Lotus,-,Haven,Corrode,Lotus,-,-,https://www.vlr.gg/530911/nrg-vs-cloud9-vct-2025-americas-stage-2-lr3
Cloud9,C9,1,Bo3,B,loss,"[['Corrode', 13, 3, 10], ['Lotus', 13, 7, 6], ['Haven', 10, 4, 6]]",36,14,22,VCT 2025: Americas Stage 2,Playoffs: Lower Round 3,"['C9 v1c', 'C9 OXY', 'C9 Xeppaa', 'C9 neT', 'C9 mitch']",Icebox,Ascent,Corrode,Lotus,-,Haven,Corrode,Lotus,-,-,https://www.vlr.gg/530911/nrg-vs-cloud9-vct-2025-americas-stage-2-lr3
Sentinels,SEN,1,Bo5,A,loss,"[['Lotus', 13, 3, 10], ['Icebox', 13, 9, 4], ['Sunset', 10, 3, 7], ['Corrode', 13, 11, 2]]",49,26,23,VCT 2025: Americas Stage 2,Playoffs: Lower Final,"['SEN johnqt', 'SEN zekken', 'SEN N4RRATE', 'SEN bang', 'SEN Zellsis']",Ascent,-,Lotus,Sunset,Haven,Lotus,Icebox,Sunset,Corrode,-,https://www.vlr.gg/530912/sentinels-vs-nrg-vct-2025-americas-stage-2-lbf
NRG,NRG,3,Bo5,B,win,"[['Lotus', 4, 2, 2], ['Icebox', 11, 8, 3], ['Sunset', 13, 5, 8], ['Corrode', 8, 7, 1]]",36,22,14,VCT 2025: Americas Stage 2,Playoffs: Lower Final,"['NRG brawk', 'NRG Ethan', 'NRG skuba', 'NRG mada', 'NRG s0m']",Bind,-,Icebox,Corrode,Haven,Lotus,Icebox,Sunset,Corrode,-,https://www.vlr.gg/530912/sentinels-vs-nrg-vct-2025-americas-stage-2-lbf
G2 Esports,G2,3,Bo5,A,win,"[['Bind', 11, 2, 9], ['Lotus', 8, 5, 3], ['Ascent', 10, 5, 5]]",29,12,17,VCT 2025: Americas Stage 2,Playoffs: Grand Final,"['G2 valyn', 'G2 trent', 'G2 JonahP', 'G2 jawgemo', 'G2 leaf']",Corrode,Icebox,Bind,Ascent,Sunset,Bind,Lotus,Ascent,-,-,https://www.vlr.gg/530913/g2-esports-vs-nrg-vct-2025-americas-stage-2-gf
NRG,NRG,0,Bo5,B,loss,"[['Bind', 13, 3, 10], ['Lotus', 13, 6, 7], ['Ascent', 13, 7, 6]]",39,16,23,VCT 2025: Americas Stage 2,Playoffs: Grand Final,"['NRG skuba', 'NRG s0m', 'NRG Ethan', 'NRG brawk', 'NRG mada']",-,-,Lotus,Haven,Sunset,Bind,Lotus,Ascent,-,-,https://www.vlr.gg/530913/g2-esports-vs-nrg-vct-2025-americas-stage-2-gf
Natus Vincere,NAVI,2,Bo3,A,win,"[['Icebox', 4, 2, 2], ['Sunset', 13, 5, 8], ['Corrode', 3, 0, 3]]",20,7,13,VCT 2025: EMEA Stage 2,Group Stage: Week 1,"['NAVI Ruxic', 'NAVI hiro', 'NAVI ANGE1', 'NAVI alexiiik', 'NAVI Shao']",Lotus,Haven,Icebox,Corrode,-,Icebox,Sunset,Corrode,-,-,https://www.vlr.gg/511543/natus-vincere-vs-apeks-vct-2025-emea-stage-2-w1
Apeks,APK,1,Bo3,B,loss,"[['Icebox', 13, 3, 10], ['Sunset', 6, 4, 2], ['Corrode', 13, 9, 4]]",32,16,16,VCT 2025: EMEA Stage 2,Group Stage: Week 1,"['APK MOLSI', 'APK penny', 'APK OLIZERA', 'APK batujnax', 'APK AvovA']",Bind,Ascent,Sunset,Corrode,-,Icebox,Sunset,Corrode,-,-,https://www.vlr.gg/511543/natus-vincere-vs-apeks-vct-2025-emea-stage-2-w1
Team Vitality,VIT,0,Bo3,A,loss,"[['Sunset', 13, 7, 6], ['Bind', 13, 6, 7]]",26,13,13,VCT 2025: EMEA Stage 2,Group Stage: Week 1,"['VIT Derke', 'VIT Less', 'VIT Kicks', 'VIT KovaQ', 'VIT UNFAKE']",Ascent,Icebox,Sunset,Lotus,-,Sunset,Bind,-,-,-,https://www.vlr.gg/511544/team-vitality-vs-giantx-vct-2025-emea-stage-2-w1
GIANTX,GX,2,Bo3,B,win,"[['Sunset', 10, 6, 4], ['Bind', 11, 5, 6]]",21,11,10,VCT 2025: EMEA Stage 2,Group Stage: Week 1,"['GX grubinho', 'GX Cloud', 'GX Flickless', 'GX westside', 'GX ara']",Corrode,Haven,Bind,Lotus,-,Sunset,Bind,-,-,-,https://www.vlr.gg/511544/team-vitality-vs-giantx-vct-2025-emea-stage-2-w1
FUT Esports,FUT,2,Bo3,A,win,"[['Bind', 13, 8, 5], ['Sunset', 5, 4, 1], ['Lotus', 14, 5, 7]]",32,17,13,VCT 2025: EMEA Stage 2,Group Stage: Week 1,"['FUT yetujey', 'FUT cNed', 'FUT qRaxs', 'FUT MrFaliN', 'FUT xeus']",Icebox,Haven,Bind,Lotus,-,Bind,Sunset,Lotus,-,-,https://www.vlr.gg/511545/fut-esports-vs-gentle-mates-vct-2025-emea-stage-2-w1
Gentle Mates,M8,1,Bo3,B,loss,"[['Bind', 7, 3, 4], ['Sunset', 13, 5, 8], ['Lotus', 16, 5, 7]]",36,13,19,VCT 2025: EMEA Stage 2,Group Stage: Week 1,"['M8 Minny', 'M8 Veqaj', 'M8 ComeBack', 'M8 kamyk', 'M8 Proxh']",Corrode,Ascent,Sunset,Lotus,-,Bind,Sunset,Lotus,-,-,https://www.vlr.gg/511545/fut-esports-vs-gentle-mates-vct-2025-emea-stage-2-w1
Team Liquid,TL,2,Bo3,A,win,"[['Bind', 4, 1, 3], ['Icebox', 13, 6, 7], ['Lotus', 8, 3, 5]]",25,10,15,VCT 2025: EMEA Stage 2,Group Stage: Week 1,"['TL keiko', 'TL nAts', 'TL kamo', 'TL trexx', 'TL paTiTek']",Haven,Sunset,Bind,Lotus,-,Bind,Icebox,Lotus,-,-,https://www.vlr.gg/511546/team-liquid-vs-koi-vct-2025-emea-stage-2-w1
KOI,MKOI,1,Bo3,B,loss,"[['Bind', 13, 9, 4], ['Icebox', 10, 5, 5], ['Lotus', 13, 7, 6]]",36,21,15,VCT 2025: EMEA Stage 2,Group Stage: Week 1,"['MKOI MONSTEERR', 'MKOI flyuh', 'MKOI baddyG', 'MKOI nataNk', 'MKOI Filu']",Corrode,Ascent,Icebox,Lotus,-,Bind,Icebox,Lotus,-,-,https://www.vlr.gg/511546/team-liquid-vs-koi-vct-2025-emea-stage-2-w1
Team Heretics,TH,2,Bo3,B,win,"[['Icebox', 5, 1, 4], ['Haven', 13, 9, 4], ['Sunset', 13, 6, 7]]",31,16,15,VCT 2025: EMEA Stage 2,Group Stage: Week 1,"['TH Wo0t', 'TH MiniBoo', 'TH benjyfishy', 'TH RieNs', 'TH Boo']",Corrode,Lotus,Haven,Sunset,-,Icebox,Haven,Sunset,-,-,https://www.vlr.gg/511547/team-heretics-vs-bbl-esports-vct-2025-emea-stage-2-w1
BBL Esports,BBL,1,Bo3,A,loss,"[['Icebox', 13, 2, 11], ['Haven', 9, 6, 3], ['Sunset', 11, 5, 6]]",33,13,20,VCT 2025: EMEA Stage 2,Group Stage: Week 1,"['BBL PROFEK', 'BBL Jamppi', 'BBL LewN', 'BBL MAGNUM', 'BBL sociablEE']",Bind,Ascent,Icebox,Sunset,-,Icebox,Haven,Sunset,-,-,https://www.vlr.gg/511547/team-heretics-vs-bbl-esports-vct-2025-emea-stage-2-w1
FNATIC,FNC,2,Bo3,B,win,"[['Bind', 13, 6, 7], ['Lotus', 10, 5, 5], ['Icebox', 13, 7, 6]]",36,18,18,VCT 2025: EMEA Stage 2,Group Stage: Week 1,"['FNC kaajak', 'FNC crashies', 'FNC Chronicle', 'FNC Alfajer', 'FNC Boaster']",Corrode,Haven,Lotus,Icebox,-,Bind,Lotus,Icebox,-,-,https://www.vlr.gg/511548/fnatic-vs-karmine-corp-vct-2025-emea-stage-2-w1
Karmine Corp,KC,1,Bo3,A,loss,"[['Bind', 7, 5, 2], ['Lotus', 13, 7, 6], ['Icebox', 11, 6, 5]]",31,18,13,VCT 2025: EMEA Stage 2,Group Stage: Week 1,"['KC Avez', 'KC SUYGETSU', 'KC Elite', 'KC marteen', 'KC saadhak']",Ascent,Sunset,Bind,Icebox,-,Bind,Lotus,Icebox,-,-,https://www.vlr.gg/511548/fnatic-vs-karmine-corp-vct-2025-emea-stage-2-w1
Apeks,APK,1,Bo3,B,loss,"[['Icebox', 7, 2, 5], ['Sunset', 13, 8, 5], ['Lotus', 11, 4, 7]]",31,14,17,VCT 2025: EMEA Stage 2,Group Stage: Week 2,"['APK penny', 'APK batujnax', 'APK MOLSI', 'APK OLIZERA', 'APK AvovA']",Bind,Haven,Sunset,Lotus,-,Icebox,Sunset,Lotus,-,-,https://www.vlr.gg/511549/apeks-vs-karmine-corp-vct-2025-emea-stage-2-w2
Karmine Corp,KC,2,Bo3,A,win,"[['Icebox', 13, 7, 6], ['Sunset', 11, 7, 4], ['Lotus', 13, 5, 8]]",37,19,18,VCT 2025: EMEA Stage 2,Group Stage: Week 2,"['KC SUYGETSU', 'KC Avez', 'KC Elite', 'KC marteen', 'KC saadhak']",Ascent,Corrode,Icebox,Lotus,-,Icebox,Sunset,Lotus,-,-,https://www.vlr.gg/511549/apeks-vs-karmine-corp-vct-2025-emea-stage-2-w2
GIANTX,GX,2,Bo3,B,win,"[['Icebox', 13, 5, 8], ['Lotus', 11, 6, 5], ['Corrode', 13, 3, 10]]",37,14,23,VCT 2025: EMEA Stage 2,Group Stage: Week 2,"['GX ara', 'GX Flickless', 'GX grubinho', 'GX westside', 'GX Cloud']",Ascent,Haven,Lotus,Corrode,-,Icebox,Lotus,Corrode,-,-,https://www.vlr.gg/511550/giantx-vs-bbl-esports-vct-2025-emea-stage-2-w2
BBL Esports,BBL,1,Bo3,A,loss,"[['Icebox', 7, 0, 7], ['Lotus', 13, 7, 6], ['Corrode', 11, 2, 9]]",31,9,22,VCT 2025: EMEA Stage 2,Group Stage: Week 2,"['BBL LewN', 'BBL sociablEE', 'BBL MAGNUM', 'BBL PROFEK', 'BBL Jamppi']",Bind,Sunset,Icebox,Corrode,-,Icebox,Lotus,Corrode,-,-,https://www.vlr.gg/511550/giantx-vs-bbl-esports-vct-2025-emea-stage-2-w2
Team Liquid,TL,2,Bo3,B,win,"[['Corrode', 13, 5, 8], ['Sunset', 13, 4, 9]]",26,9,17,VCT 2025: EMEA Stage 2,Group Stage: Week 2,"['TL keiko', 'TL paTiTek', 'TL kamo', 'TL nAts', 'TL trexx']",Icebox,Ascent,Sunset,Bind,-,Corrode,Sunset,-,-,-,https://www.vlr.gg/511551/team-liquid-vs-natus-vincere-vct-2025-emea-stage-2-w2
Natus Vincere,NAVI,0,Bo3,A,loss,"[['Corrode', 7, 4, 3], ['Sunset', 4, 3, 1]]",11,7,4,VCT 2025: EMEA Stage 2,Group Stage: Week 2,"['NAVI Shao', 'NAVI Ruxic', 'NAVI hiro', 'NAVI ANGE1', 'NAVI alexiiik']",Lotus,Haven,Corrode,Bind,-,Corrode,Sunset,-,-,-,https://www.vlr.gg/511551/team-liquid-vs-natus-vincere-vct-2025-emea-stage-2-w2
Gentle Mates,M8,1,Bo3,A,loss,"[['Corrode', 14, 3, 9], ['Ascent', 12, 2, 10], ['Bind', 13, 4, 9]]",39,9,28,VCT 2025: EMEA Stage 2,Group Stage: Week 2,"['M8 Veqaj', 'M8 Minny', 'M8 ComeBack', 'M8 Proxh', 'M8 kamyk']",Sunset,Haven,Corrode,Bind,-,Corrode,Ascent,Bind,-,-,https://www.vlr.gg/511552/gentle-mates-vs-team-heretics-vct-2025-emea-stage-2-w2
Team Heretics,TH,2,Bo3,B,win,"[['Corrode', 12, 3, 9], ['Ascent', 14, 2, 10], ['Bind', 5, 3, 2]]",31,8,21,VCT 2025: EMEA Stage 2,Group Stage: Week 2,"['TH Wo0t', 'TH RieNs', 'TH MiniBoo', 'TH Boo', 'TH benjyfishy']",Icebox,Lotus,Ascent,Bind,-,Corrode,Ascent,Bind,-,-,https://www.vlr.gg/511552/gentle-mates-vs-team-heretics-vct-2025-emea-stage-2-w2
FUT Esports,FUT,0,Bo3,A,loss,"[['Haven', 13, 3, 10], ['Lotus', 13, 8, 5]]",26,11,15,VCT 2025: EMEA Stage 2,Group Stage: Week 2,"['FUT xeus', 'FUT cNed', 'FUT yetujey', 'FUT MrFaliN', 'FUT qRaxs']",Icebox,Corrode,Haven,Bind,-,Haven,Lotus,-,-,-,https://www.vlr.gg/511553/fut-esports-vs-team-vitality-vct-2025-emea-stage-2-w2
Team Vitality,VIT,2,Bo3,B,win,"[['Haven', 2, 2, 0], ['Lotus', 5, 1, 4]]",7,3,4,VCT 2025: EMEA Stage 2,Group Stage: Week 2,"['VIT UNFAKE', 'VIT KovaQ', 'VIT Derke', 'VIT Less', 'VIT Kicks']",Ascent,Sunset,Lotus,Bind,-,Haven,Lotus,-,-,-,https://www.vlr.gg/511553/fut-esports-vs-team-vitality-vct-2025-emea-stage-2-w2
KOI,MKOI,0,Bo3,B,loss,"[['Ascent', 7, 3, 4], ['Haven', 11, 5, 6]]",18,8,10,VCT 2025: EMEA Stage 2,Group Stage: Week 2,"['MKOI nataNk', 'MKOI baddyG', 'MKOI Filu', 'MKOI flyuh', 'MKOI MONSTEERR']",Bind,Lotus,Haven,Sunset,-,Ascent,Haven,-,-,-,https://www.vlr.gg/511554/koi-vs-fnatic-vct-2025-emea-stage-2-w2
FNATIC,FNC,2,Bo3,A,win,"[['Ascent', 13, 8, 5], ['Haven', 13, 6, 7]]",26,14,12,VCT 2025: EMEA Stage 2,Group Stage: Week 2,"['FNC crashies', 'FNC Alfajer', 'FNC Boaster', 'FNC kaajak', 'FNC Chronicle']",Corrode,Icebox,Ascent,Sunset,-,Ascent,Haven,-,-,-,https://www.vlr.gg/511554/koi-vs-fnatic-vct-2025-emea-stage-2-w2
FUT Esports,FUT,2,Bo3,A,win,"[['Sunset', 13, 5, 8], ['Haven', 6, 5, 1], ['Bind', 5, 5, 0]]",24,15,9,VCT 2025: EMEA Stage 2,Group Stage: Week 3,"['FUT qRaxs', 'FUT cNed', 'FUT MrFaliN', 'FUT yetujey', 'FUT xeus']",Icebox,Lotus,Sunset,Bind,-,Sunset,Haven,Bind,-,-,https://www.vlr.gg/511562/fut-esports-vs-giantx-vct-2025-emea-stage-2-w3
GIANTX,GX,1,Bo3,B,loss,"[['Sunset', 11, 4, 7], ['Haven', 13, 6, 7], ['Bind', 13, 6, 7]]",37,16,21,VCT 2025: EMEA Stage 2,Group Stage: Week 3,"['GX grubinho', 'GX westside', 'GX Flickless', 'GX Cloud', 'GX ara']",Ascent,Corrode,Haven,Bind,-,Sunset,Haven,Bind,-,-,https://www.vlr.gg/511562/fut-esports-vs-giantx-vct-2025-emea-stage-2-w3
Gentle Mates,M8,0,Bo3,B,loss,"[['Sunset', 3, 0, 3], ['Lotus', 12, 10, 2]]",15,10,5,VCT 2025: EMEA Stage 2,Group Stage: Week 3,"['M8 ComeBack', 'M8 kamyk', 'M8 Veqaj', 'M8 Minny', 'M8 Proxh']",Icebox,Haven,Lotus,Ascent,-,Sunset,Lotus,-,-,-,https://www.vlr.gg/511563/gentle-mates-vs-bbl-esports-vct-2025-emea-stage-2-w3
BBL Esports,BBL,2,Bo3,A,win,"[['Sunset', 13, 9, 4], ['Lotus', 14, 10, 2]]",27,19,6,VCT 2025: EMEA Stage 2,Group Stage: Week 3,"['BBL Jamppi', 'BBL MAGNUM', 'BBL PROFEK', 'BBL sociablEE', 'BBL LewN']",Bind,Corrode,Sunset,Ascent,-,Sunset,Lotus,-,-,-,https://www.vlr.gg/511563/gentle-mates-vs-bbl-esports-vct-2025-emea-stage-2-w3
Team Liquid,TL,2,Bo3,B,win,"[['Ascent', 14, 8, 4], ['Corrode', 11, 8, 3], ['Lotus', 13, 3, 10]]",38,19,17,VCT 2025: EMEA Stage 2,Group Stage: Week 3,"['TL nAts', 'TL trexx', 'TL keiko', 'TL kamo', 'TL paTiTek']",Sunset,Haven,Corrode,Lotus,-,Ascent,Corrode,Lotus,-,-,https://www.vlr.gg/511564/team-liquid-vs-apeks-vct-2025-emea-stage-2-w3
Apeks,APK,1,Bo3,A,loss,"[['Ascent', 12, 8, 4], ['Corrode', 13, 9, 4], ['Lotus', 6, 2, 4]]",31,19,12,VCT 2025: EMEA Stage 2,Group Stage: Week 3,"['APK OLIZERA', 'APK penny', 'APK AvovA', 'APK MOLSI', 'APK batujnax']",Bind,Icebox,Ascent,Lotus,-,Ascent,Corrode,Lotus,-,-,https://www.vlr.gg/511564/team-liquid-vs-apeks-vct-2025-emea-stage-2-w3
KOI,MKOI,1,Bo3,A,loss,"[['Lotus', 9, 3, 6], ['Sunset', 13, 3, 10], ['Haven', 13, 5, 8]]",35,11,24,VCT 2025: EMEA Stage 2,Group Stage: Week 3,"['MKOI MONSTEERR', 'MKOI nataNk', 'MKOI Filu', 'MKOI flyuh', 'MKOI baddyG']",Bind,Icebox,Lotus,Haven,-,Lotus,Sunset,Haven,-,-,https://www.vlr.gg/511565/koi-vs-karmine-corp-vct-2025-emea-stage-2-w3
Karmine Corp,KC,2,Bo3,B,win,"[['Lotus', 13, 4, 9], ['Sunset', 2, 2, 0], ['Haven', 4, 4, 0]]",19,10,9,VCT 2025: EMEA Stage 2,Group Stage: Week 3,"['KC Avez', 'KC marteen', 'KC SUYGETSU', 'KC saadhak', 'KC Elite']",Ascent,Corrode,Sunset,Haven,-,Lotus,Sunset,Haven,-,-,https://www.vlr.gg/511565/koi-vs-karmine-corp-vct-2025-emea-stage-2-w3
Natus Vincere,NAVI,1,Bo3,A,loss,"[['Ascent', 10, 5, 5], ['Icebox', 13, 5, 8], ['Bind', 15, 8, 4]]",38,18,17,VCT 2025: EMEA Stage 2,Group Stage: Week 3,"['NAVI Ruxic', 'NAVI alexiiik', 'NAVI hiro', 'NAVI ANGE1', 'NAVI Shao']",Lotus,Sunset,Bind,Icebox,-,Bind,Ascent,Icebox,-,-,https://www.vlr.gg/511566/natus-vincere-vs-fnatic-vct-2025-emea-stage-2-w3
FNATIC,FNC,2,Bo3,B,win,"[['Ascent', 13, 7, 6], ['Icebox', 11, 4, 7], ['Bind', 13, 8, 4]]",37,19,17,VCT 2025: EMEA Stage 2,Group Stage: Week 3,"['FNC Alfajer', 'FNC crashies', 'FNC Chronicle', 'FNC kaajak', 'FNC Boaster']",Corrode,Haven,Ascent,Icebox,-,Bind,Ascent,Icebox,-,-,https://www.vlr.gg/511566/natus-vincere-vs-fnatic-vct-2025-emea-stage-2-w3
Team Vitality,VIT,0,Bo3,B,loss,"[['Haven', 11, 4, 7], ['Ascent', 9, 8, 1]]",20,12,8,VCT 2025: EMEA Stage 2,Group Stage: Week 3,"['VIT Less', 'VIT Derke', 'VIT UNFAKE', 'VIT KovaQ', 'VIT Kicks']",Sunset,Bind,Ascent,Lotus,-,Haven,Ascent,-,-,-,https://www.vlr.gg/511567/team-vitality-vs-team-heretics-vct-2025-emea-stage-2-w3
Team Heretics,TH,2,Bo3,A,win,"[['Haven', 13, 5, 8], ['Ascent', 13, 9, 4]]",26,14,12,VCT 2025: EMEA Stage 2,Group Stage: Week 3,"['TH RieNs', 'TH Wo0t', 'TH benjyfishy', 'TH MiniBoo', 'TH Boo']",Icebox,Corrode,Haven,Lotus,-,Haven,Ascent,-,-,-,https://www.vlr.gg/511567/team-vitality-vs-team-heretics-vct-2025-emea-stage-2-w3
FUT Esports,FUT,0,Bo3,B,loss,"[['Haven', 6, 1, 5], ['Bind', 7, 2, 5]]",13,3,10,VCT 2025: EMEA Stage 2,Group Stage: Week 4,"['FUT xeus', 'FUT cNed', 'FUT yetujey', 'FUT qRaxs', 'FUT MrFaliN']",Sunset,Lotus,Bind,Ascent,-,Haven,Bind,-,-,-,https://www.vlr.gg/511568/fut-esports-vs-team-heretics-vct-2025-emea-stage-2-w4
Team Heretics,TH,2,Bo3,A,win,"[['Haven', 13, 7, 6], ['Bind', 13, 7, 6]]",26,14,12,VCT 2025: EMEA Stage 2,Group Stage: Week 4,"['TH benjyfishy', 'TH RieNs', 'TH Wo0t', 'TH Boo', 'TH MiniBoo']",Corrode,Icebox,Haven,Ascent,-,Haven,Bind,-,-,-,https://www.vlr.gg/511568/fut-esports-vs-team-heretics-vct-2025-emea-stage-2-w4
KOI,MKOI,2,Bo3,A,win,"[['Lotus', 13, 7, 6], ['Ascent', 4, 0, 4], ['Haven', 8, 4, 4]]",25,11,14,VCT 2025: EMEA Stage 2,Group Stage: Week 4,"['MKOI Filu', 'MKOI nataNk', 'MKOI flyuh', 'MKOI baddyG', 'MKOI MONSTEERR']",Sunset,Corrode,Lotus,Haven,-,Lotus,Ascent,Haven,-,-,https://www.vlr.gg/511569/koi-vs-apeks-vct-2025-emea-stage-2-w4
Apeks,APK,1,Bo3,B,loss,"[['Lotus', 9, 6, 3], ['Ascent', 13, 8, 5], ['Haven', 13, 5, 8]]",35,19,16,VCT 2025: EMEA Stage 2,Group Stage: Week 4,"['APK OLIZERA', 'APK penny', 'APK MOLSI', 'APK AvovA', 'APK batujnax']",Icebox,Bind,Ascent,Haven,-,Lotus,Ascent,Haven,-,-,https://www.vlr.gg/511569/koi-vs-apeks-vct-2025-emea-stage-2-w4
Gentle Mates,M8,1,Bo3,A,loss,"[['Corrode', 8, 2, 6], ['Ascent', 14, 3, 9], ['Haven', 13, 5, 8]]",35,10,23,VCT 2025: EMEA Stage 2,Group Stage: Week 4,"['M8 Veqaj', 'M8 kamyk', 'M8 Proxh', 'M8 Minny', 'M8 ComeBack']",Sunset,Bind,Corrode,Haven,-,Corrode,Ascent,Haven,-,-,https://www.vlr.gg/511570/gentle-mates-vs-giantx-vct-2025-emea-stage-2-w4
GIANTX,GX,2,Bo3,B,win,"[['Corrode', 13, 3, 10], ['Ascent', 12, 3, 9], ['Haven', 4, 4, 0]]",29,10,19,VCT 2025: EMEA Stage 2,Group Stage: Week 4,"['GX ara', 'GX westside', 'GX grubinho', 'GX Flickless', 'GX Cloud']",Lotus,Icebox,Ascent,Haven,-,Corrode,Ascent,Haven,-,-,https://www.vlr.gg/511570/gentle-mates-vs-giantx-vct-2025-emea-stage-2-w4
Natus Vincere,NAVI,2,Bo3,B,win,"[['Sunset', 14, 7, 5], ['Corrode', 13, 4, 9]]",27,11,14,VCT 2025: EMEA Stage 2,Group Stage: Week 4,"['NAVI Ruxic', 'NAVI alexiiik', 'NAVI hiro', 'NAVI Shao', 'NAVI ANGE1']",Lotus,Haven,Corrode,Bind,-,Sunset,Corrode,-,-,-,https://www.vlr.gg/511571/natus-vincere-vs-karmine-corp-vct-2025-emea-stage-2-w4
Karmine Corp,KC,0,Bo3,A,loss,"[['Sunset', 12, 7, 5], ['Corrode', 8, 3, 5]]",20,10,10,VCT 2025: EMEA Stage 2,Group Stage: Week 4,"['KC marteen', 'KC Elite', 'KC Avez', 'KC SUYGETSU', 'KC saadhak']",Icebox,Ascent,Sunset,Bind,-,Sunset,Corrode,-,-,-,https://www.vlr.gg/511571/natus-vincere-vs-karmine-corp-vct-2025-emea-stage-2-w4
Team Vitality,VIT,1,Bo3,A,loss,"[['Lotus', 11, 5, 6], ['Icebox', 13, 8, 5], ['Bind', 13, 6, 7]]",37,19,18,VCT 2025: EMEA Stage 2,Group Stage: Week 4,"['VIT Less', 'VIT Derke', 'VIT KovaQ', 'VIT Kicks', 'VIT UNFAKE']",Sunset,Ascent,Lotus,Bind,-,Lotus,Icebox,Bind,-,-,https://www.vlr.gg/511572/team-vitality-vs-bbl-esports-vct-2025-emea-stage-2-w4
BBL Esports,BBL,2,Bo3,B,win,"[['Lotus', 13, 6, 7], ['Icebox', 7, 7, 0], ['Bind', 10, 5, 5]]",30,18,12,VCT 2025: EMEA Stage 2,Group Stage: Week 4,"['BBL LewN', 'BBL MAGNUM', 'BBL PROFEK', 'BBL sociablEE', 'BBL Jamppi']",Haven,Corrode,Icebox,Bind,-,Lotus,Icebox,Bind,-,-,https://www.vlr.gg/511572/team-vitality-vs-bbl-esports-vct-2025-emea-stage-2-w4
Team Liquid,TL,2,Bo3,A,win,"[['Bind', 12, 7, 5], ['Ascent', 1, 1, 0]]",13,8,5,VCT 2025: EMEA Stage 2,Group Stage: Week 4,"['TL kamo', 'TL keiko', 'TL trexx', 'TL paTiTek', 'TL nAts']",Icebox,Haven,Bind,Corrode,-,Bind,Ascent,-,-,-,https://www.vlr.gg/511573/team-liquid-vs-fnatic-vct-2025-emea-stage-2-w4
FNATIC,FNC,0,Bo3,B,loss,"[['Bind', 14, 7, 5], ['Ascent', 13, 2, 11]]",27,9,16,VCT 2025: EMEA Stage 2,Group Stage: Week 4,"['FNC Alfajer', 'FNC kaajak', 'FNC Boaster', 'FNC crashies', 'FNC Chronicle']",Sunset,Lotus,Ascent,Corrode,-,Bind,Ascent,-,-,-,https://www.vlr.gg/511573/team-liquid-vs-fnatic-vct-2025-emea-stage-2-w4
KOI,MKOI,1,Bo3,A,loss,"[['Icebox', 13, 6, 7], ['Corrode', 14, 5, 7], ['Ascent', 13, 3, 10]]",40,14,24,VCT 2025: EMEA Stage 2,Group Stage: Week 5,"['MKOI baddyG', 'MKOI MONSTEERR', 'MKOI flyuh', 'MKOI Filu', 'MKOI nataNk']",Sunset,Bind,Icebox,Ascent,-,Icebox,Corrode,Ascent,-,-,https://www.vlr.gg/511575/koi-vs-natus-vincere-vct-2025-emea-stage-2-w5
Natus Vincere,NAVI,2,Bo3,B,win,"[['Icebox', 9, 5, 4], ['Corrode', 16, 5, 7], ['Ascent', 3, 2, 1]]",28,12,12,VCT 2025: EMEA Stage 2,Group Stage: Week 5,"['NAVI hiro', 'NAVI alexiiik', 'NAVI Shao', 'NAVI Ruxic', 'NAVI ANGE1']",Lotus,Haven,Corrode,Ascent,-,Icebox,Corrode,Ascent,-,-,https://www.vlr.gg/511575/koi-vs-natus-vincere-vct-2025-emea-stage-2-w5
Apeks,APK,0,Bo3,B,loss,"[['Bind', 5, 5, 0], ['Lotus', 10, 2, 8]]",15,7,8,VCT 2025: EMEA Stage 2,Group Stage: Week 5,"['APK AvovA', 'APK penny', 'APK OLIZERA', 'APK batujnax', 'APK MOLSI']",Icebox,Corrode,Lotus,Ascent,-,Bind,Lotus,-,-,-,https://www.vlr.gg/511576/apeks-vs-fnatic-vct-2025-emea-stage-2-w5
FNATIC,FNC,2,Bo3,A,win,"[['Bind', 13, 6, 7], ['Lotus', 13, 4, 9]]",26,10,16,VCT 2025: EMEA Stage 2,Group Stage: Week 5,"['FNC kaajak', 'FNC Alfajer', 'FNC Chronicle', 'FNC crashies', 'FNC Boaster']",Sunset,Haven,Bind,Ascent,-,Bind,Lotus,-,-,-,https://www.vlr.gg/511576/apeks-vs-fnatic-vct-2025-emea-stage-2-w5
GIANTX,GX,0,Bo3,A,loss,"[['Ascent', 13, 6, 7], ['Haven', 13, 3, 10]]",26,9,17,VCT 2025: EMEA Stage 2,Group Stage: Week 5,"['GX westside', 'GX grubinho', 'GX Cloud', 'GX ara', 'GX Flickless']",Bind,Icebox,Abyss,Ascent,-,Abyss,Haven,-,-,-,https://www.vlr.gg/511577/giantx-vs-team-heretics-vct-2025-emea-stage-2-w5
Team Heretics,TH,2,Bo3,B,win,"[['Ascent', 7, 5, 2], ['Haven', 3, 2, 1]]",10,7,3,VCT 2025: EMEA Stage 2,Group Stage: Week 5,"['TH RieNs', 'TH MiniBoo', 'TH benjyfishy', 'TH Wo0t', 'TH Boo']",Corrode,Lotus,Haven,Ascent,-,Abyss,Haven,-,-,-,https://www.vlr.gg/511577/giantx-vs-team-heretics-vct-2025-emea-stage-2-w5
Gentle Mates,M8,1,Bo3,A,loss,"[['Corrode', 13, 4, 9], ['Lotus', 9, 1, 8], ['Ascent', 13, 4, 9]]",35,9,26,VCT 2025: EMEA Stage 2,Group Stage: Week 5,"['M8 kamyk', 'M8 Minny', 'M8 ComeBack', 'M8 Proxh', 'M8 Veqaj']",Haven,Sunset,Corrode,Ascent,-,Corrode,Lotus,Ascent,-,-,https://www.vlr.gg/511579/gentle-mates-vs-team-vitality-vct-2025-emea-stage-2-w5
Team Vitality,VIT,2,Bo3,B,win,"[['Corrode', 4, 3, 1], ['Lotus', 13, 4, 9], ['Ascent', 10, 2, 8]]",27,9,18,VCT 2025: EMEA Stage 2,Group Stage: Week 5,"['VIT UNFAKE', 'VIT Derke', 'VIT Kicks', 'VIT Less', 'VIT KovaQ']",Icebox,Bind,Lotus,Ascent,-,Corrode,Lotus,Ascent,-,-,https://www.vlr.gg/511579/gentle-mates-vs-team-vitality-vct-2025-emea-stage-2-w5
FUT Esports,FUT,0,Bo3,B,loss,"[['Sunset', 11, 6, 5], ['Ascent', 9, 4, 5]]",20,10,10,VCT 2025: EMEA Stage 2,Group Stage: Week 5,"['FUT MrFaliN', 'FUT yetujey', 'FUT qRaxs', 'FUT xeus', 'FUT cNed']",Icebox,Lotus,Ascent,Haven,-,Sunset,Ascent,-,-,-,https://www.vlr.gg/511580/fut-esports-vs-bbl-esports-vct-2025-emea-stage-2-w5
BBL Esports,BBL,2,Bo3,A,win,"[['Sunset', 13, 7, 6], ['Ascent', 13, 5, 8]]",26,12,14,VCT 2025: EMEA Stage 2,Group Stage: Week 5,"['BBL Jamppi', 'BBL LewN', 'BBL PROFEK', 'BBL MAGNUM', 'BBL sociablEE']",Corrode,Bind,Sunset,Haven,-,Sunset,Ascent,-,-,-,https://www.vlr.gg/511580/fut-esports-vs-bbl-esports-vct-2025-emea-stage-2-w5
Team Liquid,TL,1,Bo3,A,loss,"[['Lotus', 12, 6, 6], ['Bind', 15, 8, 4], ['Sunset', 14, 5, 7]]",41,19,17,VCT 2025: EMEA Stage 2,Group Stage: Week 5,"['TL paTiTek', 'TL trexx', 'TL nAts', 'TL keiko', 'TL kamo']",Haven,Icebox,Lotus,Sunset,-,Lotus,Bind,Sunset,-,-,https://www.vlr.gg/511581/team-liquid-vs-karmine-corp-vct-2025-emea-stage-2-w5
Karmine Corp,KC,2,Bo3,B,win,"[['Lotus', 14, 6, 6], ['Bind', 13, 8, 4], ['Sunset', 12, 5, 7]]",39,19,17,VCT 2025: EMEA Stage 2,Group Stage: Week 5,"['KC SUYGETSU', 'KC marteen', 'KC saadhak', 'KC Avez', 'KC pyrolll']",Ascent,Corrode,Bind,Sunset,-,Lotus,Bind,Sunset,-,-,https://www.vlr.gg/511581/team-liquid-vs-karmine-corp-vct-2025-emea-stage-2-w5
FNATIC,FNC,1,Bo3,A,loss,"[['Corrode', 7, 1, 6], ['Ascent', 13, 7, 6], ['Haven', 13, 9, 4]]",33,17,16,VCT 2025: EMEA Stage 2,Playoffs: Upper Round 1,"['FNC Chronicle', 'FNC kaajak', 'FNC Alfajer', 'FNC crashies', 'FNC Boaster']",Sunset,Icebox,Corrode,Haven,-,Corrode,Ascent,Haven,-,-,https://www.vlr.gg/530924/fnatic-vs-bbl-esports-vct-2025-emea-stage-2-ur1
BBL Esports,BBL,2,Bo3,B,win,"[['Corrode', 13, 6, 7], ['Ascent', 7, 2, 5], ['Haven', 9, 8, 1]]",29,16,13,VCT 2025: EMEA Stage 2,Playoffs: Upper Round 1,"['BBL MAGNUM', 'BBL PROFEK', 'BBL LewN', 'BBL Jamppi', 'BBL sociablEE']",Lotus,Bind,Ascent,Haven,-,Corrode,Ascent,Haven,-,-,https://www.vlr.gg/530924/fnatic-vs-bbl-esports-vct-2025-emea-stage-2-ur1
GIANTX,GX,2,Bo3,B,win,"[['Bind', 5, 2, 3], ['Haven', 13, 7, 6], ['Ascent', 13, 4, 9]]",31,13,18,VCT 2025: EMEA Stage 2,Playoffs: Upper Round 1,"['GX ara', 'GX grubinho', 'GX Cloud', 'GX westside', 'GX Flickless']",Icebox,Corrode,Haven,Ascent,-,Bind,Haven,Ascent,-,-,https://www.vlr.gg/530925/giantx-vs-natus-vincere-vct-2025-emea-stage-2-ur1
Natus Vincere,NAVI,1,Bo3,A,loss,"[['Bind', 13, 9, 4], ['Haven', 8, 3, 5], ['Ascent', 6, 3, 3]]",27,15,12,VCT 2025: EMEA Stage 2,Playoffs: Upper Round 1,"['NAVI Shao', 'NAVI Ruxic', 'NAVI alexiiik', 'NAVI hiro', 'NAVI ANGE1']",Lotus,Sunset,Bind,Ascent,-,Bind,Haven,Ascent,-,-,https://www.vlr.gg/530925/giantx-vs-natus-vincere-vct-2025-emea-stage-2-ur1
Team Heretics,TH,0,Bo3,B,loss,"[['Icebox', 6, 4, 2], ['Ascent', 11, 5, 6]]",17,9,8,VCT 2025: EMEA Stage 2,Playoffs: Upper Semifinals,"['TH benjyfishy', 'TH RieNs', 'TH Boo', 'TH MiniBoo', 'TH Wo0t']",Corrode,Sunset,Ascent,Haven,-,Icebox,Ascent,-,-,-,https://www.vlr.gg/530928/team-heretics-vs-bbl-esports-vct-2025-emea-stage-2-ubsf
BBL Esports,BBL,2,Bo3,A,win,"[['Icebox', 13, 5, 8], ['Ascent', 13, 6, 7]]",26,11,15,VCT 2025: EMEA Stage 2,Playoffs: Upper Semifinals,"['BBL LewN', 'BBL Jamppi', 'BBL PROFEK', 'BBL MAGNUM', 'BBL sociablEE']",Bind,Lotus,Icebox,Haven,-,Icebox,Ascent,-,-,-,https://www.vlr.gg/530928/team-heretics-vs-bbl-esports-vct-2025-emea-stage-2-ubsf
Team Liquid,TL,2,Bo3,B,win,"[['Sunset', 13, 2, 11], ['Corrode', 11, 3, 8], ['Ascent', 14, 5, 7]]",38,10,26,VCT 2025: EMEA Stage 2,Playoffs: Upper Semifinals,"['TL keiko', 'TL paTiTek', 'TL trexx', 'TL kamo', 'TL nAts']",Haven,Icebox,Corrode,Ascent,-,Sunset,Corrode,Ascent,-,-,https://www.vlr.gg/530929/team-liquid-vs-giantx-vct-2025-emea-stage-2-ubsf
GIANTX,GX,1,Bo3,A,loss,"[['Sunset', 4, 1, 3], ['Corrode', 13, 4, 9], ['Ascent', 12, 5, 7]]",29,10,19,VCT 2025: EMEA Stage 2,Playoffs: Upper Semifinals,"['GX Flickless', 'GX ara', 'GX Cloud', 'GX westside', 'GX grubinho']",Bind,Lotus,Sunset,Ascent,-,Sunset,Corrode,Ascent,-,-,https://www.vlr.gg/530929/team-liquid-vs-giantx-vct-2025-emea-stage-2-ubsf
FNATIC,FNC,2,Bo3,B,win,"[['Haven', 12, 7, 5], ['Corrode', 14, 4, 8], ['Bind', 13, 5, 8]]",39,16,21,VCT 2025: EMEA Stage 2,Playoffs: Lower Round 1,"['FNC Chronicle', 'FNC crashies', 'FNC Alfajer', 'FNC kaajak', 'FNC Boaster']",Sunset,Lotus,Corrode,Bind,-,Haven,Corrode,Bind,-,-,https://www.vlr.gg/530926/fnatic-vs-karmine-corp-vct-2025-emea-stage-2-lr1
Karmine Corp,KC,1,Bo3,A,loss,"[['Haven', 14, 7, 5], ['Corrode', 12, 4, 8], ['Bind', 8, 1, 7]]",34,12,20,VCT 2025: EMEA Stage 2,Playoffs: Lower Round 1,"['KC SUYGETSU', 'KC marteen', 'KC pyrolll', 'KC Avez', 'KC saadhak']",Ascent,Icebox,Haven,Bind,-,Haven,Corrode,Bind,-,-,https://www.vlr.gg/530926/fnatic-vs-karmine-corp-vct-2025-emea-stage-2-lr1
Natus Vincere,NAVI,2,Bo3,B,win,"[['Haven', 13, 6, 7], ['Bind', 13, 4, 9]]",26,10,16,VCT 2025: EMEA Stage 2,Playoffs: Lower Round 1,"['NAVI Ruxic', 'NAVI hiro', 'NAVI alexiiik', 'NAVI Shao', 'NAVI ANGE1']",Lotus,Ascent,Bind,Corrode,-,Haven,Bind,-,-,-,https://www.vlr.gg/530927/natus-vincere-vs-team-vitality-vct-2025-emea-stage-2-lr1
Team Vitality,VIT,0,Bo3,A,loss,"[['Haven', 7, 1, 6], ['Bind', 11, 3, 8]]",18,4,14,VCT 2025: EMEA Stage 2,Playoffs: Lower Round 1,"['VIT Sayf', 'VIT Derke', 'VIT Less', 'VIT Kicks', 'VIT UNFAKE']",Icebox,Sunset,Haven,Corrode,-,Haven,Bind,-,-,-,https://www.vlr.gg/530927/natus-vincere-vs-team-vitality-vct-2025-emea-stage-2-lr1
GIANTX,GX,2,Bo3,B,win,"[['Lotus', 13, 6, 7], ['Sunset', 13, 8, 5]]",26,14,12,VCT 2025: EMEA Stage 2,Playoffs: Lower Round 2,"['GX Flickless', 'GX grubinho', 'GX Cloud', 'GX westside', 'GX ara']",Bind,Icebox,Sunset,Corrode,-,Lotus,Sunset,-,-,-,https://www.vlr.gg/530930/giantx-vs-fnatic-vct-2025-emea-stage-2-lr2
FNATIC,FNC,0,Bo3,A,loss,"[['Lotus', 10, 5, 5], ['Sunset', 10, 6, 4]]",20,11,9,VCT 2025: EMEA Stage 2,Playoffs: Lower Round 2,"['FNC kaajak', 'FNC Chronicle', 'FNC Alfajer', 'FNC crashies', 'FNC Boaster']",Ascent,Haven,Lotus,Corrode,-,Lotus,Sunset,-,-,-,https://www.vlr.gg/530930/giantx-vs-fnatic-vct-2025-emea-stage-2-lr2
Team Heretics,TH,0,Bo3,B,loss,"[['Icebox', 3, 0, 3], ['Haven', 7, 2, 5]]",10,2,8,VCT 2025: EMEA Stage 2,Playoffs: Lower Round 2,"['TH benjyfishy', 'TH Wo0t', 'TH RieNs', 'TH MiniBoo', 'TH Boo']",Corrode,Sunset,Haven,Bind,-,Icebox,Haven,-,-,-,https://www.vlr.gg/530931/team-heretics-vs-natus-vincere-vct-2025-emea-stage-2-lr2
Natus Vincere,NAVI,2,Bo3,A,win,"[['Icebox', 13, 9, 4], ['Haven', 13, 7, 6]]",26,16,10,VCT 2025: EMEA Stage 2,Playoffs: Lower Round 2,"['NAVI Shao', 'NAVI Ruxic', 'NAVI hiro', 'NAVI alexiiik', 'NAVI ANGE1']",Lotus,Ascent,Icebox,Bind,-,Icebox,Haven,-,-,-,https://www.vlr.gg/530931/team-heretics-vs-natus-vincere-vct-2025-emea-stage-2-lr2
BBL Esports,BBL,1,Bo3,A,loss,"[['Ascent', 13, 6, 7], ['Sunset', 10, 4, 6], ['Bind', 14, 7, 5]]",37,17,18,VCT 2025: EMEA Stage 2,Playoffs: Upper Final,"['BBL PROFEK', 'BBL sociablEE', 'BBL LewN', 'BBL Jamppi', 'BBL MAGNUM']",Corrode,Haven,Ascent,Bind,-,Ascent,Sunset,Bind,-,-,https://www.vlr.gg/530932/bbl-esports-vs-team-liquid-vct-2025-emea-stage-2-ubf
Team Liquid,TL,2,Bo3,B,win,"[['Ascent', 10, 5, 5], ['Sunset', 13, 5, 8], ['Bind', 12, 7, 5]]",35,17,18,VCT 2025: EMEA Stage 2,Playoffs: Upper Final,"['TL nAts', 'TL paTiTek', 'TL keiko', 'TL trexx', 'TL kamo']",Icebox,Lotus,Sunset,Bind,-,Ascent,Sunset,Bind,-,-,https://www.vlr.gg/530932/bbl-esports-vs-team-liquid-vct-2025-emea-stage-2-ubf
GIANTX,GX,2,Bo3,B,win,"[['Icebox', 6, 3, 3], ['Sunset', 13, 6, 7], ['Haven', 13, 4, 9]]",32,13,19,VCT 2025: EMEA Stage 2,Playoffs: Lower Round 3,"['GX ara', 'GX westside', 'GX Cloud', 'GX Flickless', 'GX grubinho']",Bind,Corrode,Sunset,Haven,-,Icebox,Sunset,Haven,-,-,https://www.vlr.gg/530933/giantx-vs-natus-vincere-vct-2025-emea-stage-2-lr3
Natus Vincere,NAVI,1,Bo3,A,loss,"[['Icebox', 13, 9, 4], ['Sunset', 6, 5, 1], ['Haven', 4, 3, 1]]",23,17,6,VCT 2025: EMEA Stage 2,Playoffs: Lower Round 3,"['NAVI hiro', 'NAVI Ruxic', 'NAVI Shao', 'NAVI alexiiik', 'NAVI ANGE1']",Lotus,Ascent,Icebox,Haven,-,Icebox,Sunset,Haven,-,-,https://www.vlr.gg/530933/giantx-vs-natus-vincere-vct-2025-emea-stage-2-lr3
BBL Esports,BBL,0,Bo5,A,loss,"[['Ascent', 13, 3, 10], ['Sunset', 13, 9, 4], ['Bind', 13, 6, 7]]",39,18,21,VCT 2025: EMEA Stage 2,Playoffs: Lower Final,"['BBL sociablEE', 'BBL Jamppi', 'BBL MAGNUM', 'BBL PROFEK', 'BBL LewN']",Corrode,-,Ascent,Bind,Haven,Ascent,Sunset,Bind,-,-,https://www.vlr.gg/530934/bbl-esports-vs-giantx-vct-2025-emea-stage-2-lbf
GIANTX,GX,3,Bo5,B,win,"[['Ascent', 2, 2, 0], ['Sunset', 8, 5, 3], ['Bind', 6, 5, 1]]",16,12,4,VCT 2025: EMEA Stage 2,Playoffs: Lower Final,"['GX grubinho', 'GX ara', 'GX westside', 'GX Flickless', 'GX Cloud']",Icebox,-,Sunset,Lotus,Haven,Ascent,Sunset,Bind,-,-,https://www.vlr.gg/530934/bbl-esports-vs-giantx-vct-2025-emea-stage-2-lbf
Team Liquid,TL,3,Bo5,A,win,"[['Bind', 10, 3, 7], ['Lotus', 9, 7, 2], ['Sunset', 10, 6, 4]]",29,16,13,VCT 2025: EMEA Stage 2,Playoffs: Grand Final,"['TL nAts', 'TL keiko', 'TL trexx', 'TL paTiTek', 'TL kamo']",Icebox,Haven,Bind,Sunset,Corrode,Bind,Lotus,Sunset,-,-,https://www.vlr.gg/530935/team-liquid-vs-giantx-vct-2025-emea-stage-2-gf
GIANTX,GX,0,Bo5,B,loss,"[['Bind', 13, 5, 8], ['Lotus', 13, 8, 5], ['Sunset', 13, 7, 6]]",39,20,19,VCT 2025: EMEA Stage 2,Playoffs: Grand Final,"['GX grubinho', 'GX ara', 'GX westside', 'GX Flickless', 'GX Cloud']",-,-,Lotus,Ascent,Corrode,Bind,Lotus,Sunset,-,-,https://www.vlr.gg/530935/team-liquid-vs-giantx-vct-2025-emea-stage-2-gf
BOOM Esports,BME,0,Bo3,A,loss,"[['Bind', 13, 9, 4], ['Icebox', 13, 3, 10]]",26,12,14,VCT 2025: Pacific Stage 2,Group Stage: Week 1,"['BME dos9', 'BME Shiro', 'BME Famouz', 'BME NcSlasher', 'BME BerserX']",Sunset,Lotus,Bind,Haven,-,Bind,Icebox,-,-,-,https://www.vlr.gg/508815/boom-esports-vs-talon-vct-2025-pacific-stage-2-w1
TALON,TLN,2,Bo3,B,win,"[['Bind', 8, 5, 3], ['Icebox', 3, 2, 1]]",11,7,4,VCT 2025: Pacific Stage 2,Group Stage: Week 1,"['TLN JitBoyS', 'TLN Crws', 'TLN thyy', 'TLN primmie', 'TLN Killua']",Ascent,Corrode,Icebox,Haven,-,Bind,Icebox,-,-,-,https://www.vlr.gg/508815/boom-esports-vs-talon-vct-2025-pacific-stage-2-w1
Nongshim RedForce,NS,2,Bo3,A,win,"[['Sunset', 13, 6, 7], ['Ascent', 10, 6, 4], ['Lotus', 3, 3, 0]]",26,15,11,VCT 2025: Pacific Stage 2,Group Stage: Week 1,"['NS Dambi', 'NS Francis', 'NS Rb', 'NS Persia', 'NS Ivy']",Icebox,Corrode,Sunset,Lotus,-,Sunset,Ascent,Lotus,-,-,https://www.vlr.gg/508816/nongshim-redforce-vs-team-secret-vct-2025-pacific-stage-2-w1
Team Secret,TS,1,Bo3,B,loss,"[['Sunset', 8, 5, 3], ['Ascent', 13, 7, 6], ['Lotus', 13, 4, 9]]",34,16,18,VCT 2025: Pacific Stage 2,Group Stage: Week 1,"['TS n1zzy', 'TS kellyS', 'TS invy', 'TS Wild0reoo', 'TS ZesBeeW']",Bind,Haven,Ascent,Lotus,-,Sunset,Ascent,Lotus,-,-,https://www.vlr.gg/508816/nongshim-redforce-vs-team-secret-vct-2025-pacific-stage-2-w1
T1,T1,0,Bo3,A,loss,"[['Haven', 17, 2, 10], ['Lotus', 14, 6, 6]]",31,8,16,VCT 2025: Pacific Stage 2,Group Stage: Week 1,"['T1 BuZz', 'T1 DH', 'T1 Meteor', 'T1 iZu', 'T1 stax']",Icebox,Bind,Haven,Sunset,-,Haven,Lotus,-,-,-,https://www.vlr.gg/508817/t1-vs-paper-rex-vct-2025-pacific-stage-2-w1
Paper Rex,PRX,2,Bo3,B,win,"[['Haven', 15, 2, 10], ['Lotus', 12, 6, 6]]",27,8,16,VCT 2025: Pacific Stage 2,Group Stage: Week 1,"['PRX d4v41', 'PRX something', 'PRX Jinggg', 'PRX f0rsakeN', 'PRX PatMen']",Corrode,Ascent,Lotus,Sunset,-,Haven,Lotus,-,-,-,https://www.vlr.gg/508817/t1-vs-paper-rex-vct-2025-pacific-stage-2-w1
DRX,DRX,0,Bo3,A,loss,"[['Haven', 13, 9, 4], ['Corrode', 13, 3, 10]]",26,12,14,VCT 2025: Pacific Stage 2,Group Stage: Week 1,"['DRX MaKo', 'DRX Flashback', 'DRX HYUNMIN', 'DRX Estrella', 'DRX free1ng']",Sunset,Lotus,Corrode,Icebox,-,Corrode,Haven,-,-,-,https://www.vlr.gg/508818/drx-vs-gen-g-vct-2025-pacific-stage-2-w1
Gen.G,GEN,2,Bo3,B,win,"[['Haven', 8, 5, 3], ['Corrode', 6, 2, 4]]",14,7,7,VCT 2025: Pacific Stage 2,Group Stage: Week 1,"['GEN Ash', 'GEN t3xture', 'GEN Foxy9', 'GEN Karon', 'GEN Munchkin']",Bind,Ascent,Haven,Icebox,-,Corrode,Haven,-,-,-,https://www.vlr.gg/508818/drx-vs-gen-g-vct-2025-pacific-stage-2-w1
Rex Regum Qeon,RRQ,0,Bo3,A,loss,"[['Corrode', 13, 4, 9], ['Haven', 13, 4, 9]]",26,8,18,VCT 2025: Pacific Stage 2,Group Stage: Week 1,"['RRQ Jemkin', 'RRQ Kushy', 'RRQ Monyet', 'RRQ crazyguy', 'RRQ xffero']",Lotus,Icebox,Haven,Bind,-,Haven,Corrode,-,-,-,https://www.vlr.gg/508819/rex-regum-qeon-vs-global-esports-vct-2025-pacific-stage-2-w1
Global Esports,GE,2,Bo3,B,win,"[['Corrode', 7, 3, 4], ['Haven', 5, 3, 2]]",12,6,6,VCT 2025: Pacific Stage 2,Group Stage: Week 1,"['GE UdoTan', 'GE Papi', 'GE Kr1stal', 'GE ban', 'GE yoman']",Sunset,Ascent,Corrode,Bind,-,Haven,Corrode,-,-,-,https://www.vlr.gg/508819/rex-regum-qeon-vs-global-esports-vct-2025-pacific-stage-2-w1
ZETA DIVISION,ZETA,1,Bo3,A,loss,"[['Haven', 13, 11, 2], ['Lotus', 1, 0, 1], ['Icebox', 13, 8, 5]]",27,19,8,VCT 2025: Pacific Stage 2,Group Stage: Week 1,"['ZETA TenTen', 'ZETA Xdll', 'ZETA SugarZ3ro', 'ZETA Dep', 'ZETA CLZ']",Ascent,Corrode,Haven,Icebox,-,Haven,Lotus,Icebox,-,-,https://www.vlr.gg/508820/zeta-division-vs-detonation-focusme-vct-2025-pacific-stage-2-w1
DetonatioN FocusMe,DFM,2,Bo3,B,win,"[['Haven', 1, 0, 1], ['Lotus', 13, 11, 2], ['Icebox', 7, 3, 4]]",21,14,7,VCT 2025: Pacific Stage 2,Group Stage: Week 1,"['DFM Meiy', 'DFM Akame', 'DFM Jinboong', 'DFM gyen', 'DFM SSeeS']",Bind,Sunset,Lotus,Icebox,-,Haven,Lotus,Icebox,-,-,https://www.vlr.gg/508820/zeta-division-vs-detonation-focusme-vct-2025-pacific-stage-2-w1
DRX,DRX,2,Bo3,A,win,"[['Icebox', 5, 5, 0], ['Bind', 13, 5, 8], ['Lotus', 11, 5, 6]]",29,15,14,VCT 2025: Pacific Stage 2,Group Stage: Week 1,"['DRX HYUNMIN', 'DRX Flashback', 'DRX free1ng', 'DRX MaKo', 'DRX Estrella']",Sunset,Ascent,Icebox,Lotus,-,Icebox,Bind,Lotus,-,-,https://www.vlr.gg/508821/drx-vs-nongshim-redforce-vct-2025-pacific-stage-2-w1
Nongshim RedForce,NS,1,Bo3,B,loss,"[['Icebox', 13, 6, 7], ['Bind', 4, 4, 0], ['Lotus', 13, 6, 7]]",30,16,14,VCT 2025: Pacific Stage 2,Group Stage: Week 1,"['NS Persia', 'NS Dambi', 'NS Francis', 'NS Ivy', 'NS Rb']",Corrode,Haven,Bind,Lotus,-,Icebox,Bind,Lotus,-,-,https://www.vlr.gg/508821/drx-vs-nongshim-redforce-vct-2025-pacific-stage-2-w1
BOOM Esports,BME,0,Bo3,B,loss,"[['Ascent', 9, 5, 4], ['Corrode', 10, 4, 6]]",19,9,10,VCT 2025: Pacific Stage 2,Group Stage: Week 1,"['BME dos9', 'BME NcSlasher', 'BME BerserX', 'BME Shiro', 'BME Famouz']",Icebox,Lotus,Corrode,Sunset,-,Ascent,Corrode,-,-,-,https://www.vlr.gg/508822/boom-esports-vs-t1-vct-2025-pacific-stage-2-w1
T1,T1,2,Bo3,A,win,"[['Ascent', 13, 8, 5], ['Corrode', 13, 6, 7]]",26,14,12,VCT 2025: Pacific Stage 2,Group Stage: Week 1,"['T1 Meteor', 'T1 BuZz', 'T1 DH', 'T1 stax', 'T1 iZu']",Bind,Haven,Ascent,Sunset,-,Ascent,Corrode,-,-,-,https://www.vlr.gg/508822/boom-esports-vs-t1-vct-2025-pacific-stage-2-w1
Global Esports,GE,1,Bo3,A,loss,"[['Bind', 13, 5, 8], ['Corrode', 9, 3, 6], ['Lotus', 13, 10, 3]]",35,18,17,VCT 2025: Pacific Stage 2,Group Stage: Week 1,"['GE Kr1stal', 'GE ban', 'GE Papi', 'GE yoman', 'GE UdoTan']",Sunset,Ascent,Bind,Lotus,-,Bind,Corrode,Lotus,-,-,https://www.vlr.gg/508823/global-esports-vs-team-secret-vct-2025-pacific-stage-2-w1
Team Secret,TS,2,Bo3,B,win,"[['Bind', 5, 4, 1], ['Corrode', 13, 4, 9], ['Lotus', 11, 9, 2]]",29,17,12,VCT 2025: Pacific Stage 2,Group Stage: Week 1,"['TS n1zzy', 'TS Wild0reoo', 'TS ZesBeeW', 'TS kellyS', 'TS invy']",Haven,Icebox,Corrode,Lotus,-,Bind,Corrode,Lotus,-,-,https://www.vlr.gg/508823/global-esports-vs-team-secret-vct-2025-pacific-stage-2-w1
Paper Rex,PRX,2,Bo3,A,win,"[['Haven', 7, 4, 3], ['Lotus', 7, 6, 1]]",14,10,4,VCT 2025: Pacific Stage 2,Group Stage: Week 1,"['PRX d4v41', 'PRX something', 'PRX f0rsakeN', 'PRX PatMen', 'PRX Jinggg']",Corrode,Ascent,Lotus,Icebox,-,Lotus,Haven,-,-,-,https://www.vlr.gg/508824/paper-rex-vs-detonation-focusme-vct-2025-pacific-stage-2-w1
DetonatioN FocusMe,DFM,0,Bo3,B,loss,"[['Haven', 13, 5, 8], ['Lotus', 13, 7, 6]]",26,12,14,VCT 2025: Pacific Stage 2,Group Stage: Week 1,"['DFM gyen', 'DFM Meiy', 'DFM Akame', 'DFM SSeeS', 'DFM Jinboong']",Bind,Sunset,Haven,Icebox,-,Lotus,Haven,-,-,-,https://www.vlr.gg/508824/paper-rex-vs-detonation-focusme-vct-2025-pacific-stage-2-w1
TALON,TLN,2,Bo3,A,win,"[['Icebox', 5, 1, 4], ['Bind', 6, 2, 4]]",11,3,8,VCT 2025: Pacific Stage 2,Group Stage: Week 1,"['TLN primmie', 'TLN Crws', 'TLN JitBoyS', 'TLN Killua', 'TLN thyy']",Ascent,Lotus,Icebox,Haven,-,Icebox,Bind,-,-,-,https://www.vlr.gg/508825/talon-vs-zeta-division-vct-2025-pacific-stage-2-w1
ZETA DIVISION,ZETA,0,Bo3,B,loss,"[['Icebox', 13, 8, 5], ['Bind', 13, 8, 5]]",26,16,10,VCT 2025: Pacific Stage 2,Group Stage: Week 1,"['ZETA Dep', 'ZETA SugarZ3ro', 'ZETA Xdll', 'ZETA CLZ', 'ZETA TenTen']",Corrode,Sunset,Bind,Haven,-,Icebox,Bind,-,-,-,https://www.vlr.gg/508825/talon-vs-zeta-division-vct-2025-pacific-stage-2-w1
Rex Regum Qeon,RRQ,2,Bo3,B,win,"[['Ascent', 6, 2, 4], ['Haven', 13, 4, 9], ['Sunset', 13, 6, 7]]",32,12,20,VCT 2025: Pacific Stage 2,Group Stage: Week 1,"['RRQ Monyet', 'RRQ Jemkin', 'RRQ Kushy', 'RRQ xffero', 'RRQ crazyguy']",Lotus,Icebox,Ascent,Haven,-,Sunset,Ascent,Haven,-,-,https://www.vlr.gg/508826/rex-regum-qeon-vs-gen-g-vct-2025-pacific-stage-2-w1
Gen.G,GEN,1,Bo3,A,loss,"[['Ascent', 13, 3, 10], ['Haven', 11, 3, 8], ['Sunset', 6, 5, 1]]",30,11,19,VCT 2025: Pacific Stage 2,Group Stage: Week 1,"['GEN Munchkin', 'GEN Ash', 'GEN Foxy9', 'GEN Karon', 'GEN t3xture']",Bind,Corrode,Sunset,Haven,-,Sunset,Ascent,Haven,-,-,https://www.vlr.gg/508826/rex-regum-qeon-vs-gen-g-vct-2025-pacific-stage-2-w1
Gen.G,GEN,2,Bo3,B,win,"[['Icebox', 3, 2, 1], ['Haven', 13, 11, 2], ['Corrode', 13, 9, 4]]",29,22,7,VCT 2025: Pacific Stage 2,Group Stage: Week 2,"['GEN Karon', 'GEN t3xture', 'GEN Foxy9', 'GEN Munchkin', 'GEN Ash']",Bind,Ascent,Haven,Corrode,-,Icebox,Haven,Corrode,-,-,https://www.vlr.gg/508828/gen-g-vs-global-esports-vct-2025-pacific-stage-2-w2
Global Esports,GE,1,Bo3,A,loss,"[['Icebox', 13, 11, 2], ['Haven', 3, 2, 1], ['Corrode', 7, 4, 3]]",23,17,6,VCT 2025: Pacific Stage 2,Group Stage: Week 2,"['GE Kr1stal', 'GE ban', 'GE yoman', 'GE UdoTan', 'GE Papi']",Lotus,Sunset,Icebox,Corrode,-,Icebox,Haven,Corrode,-,-,https://www.vlr.gg/508828/gen-g-vs-global-esports-vct-2025-pacific-stage-2-w2
TALON,TLN,1,Bo3,A,loss,"[['Corrode', 9, 2, 7], ['Icebox', 13, 8, 5], ['Sunset', 13, 6, 7]]",35,16,19,VCT 2025: Pacific Stage 2,Group Stage: Week 2,"['TLN Killua', 'TLN primmie', 'TLN thyy', 'TLN JitBoyS', 'TLN Crws']",Ascent,Haven,Sunset,Icebox,-,Sunset,Corrode,Icebox,-,-,https://www.vlr.gg/508829/talon-vs-detonation-focusme-vct-2025-pacific-stage-2-w2
DetonatioN FocusMe,DFM,2,Bo3,B,win,"[['Corrode', 13, 5, 8], ['Icebox', 8, 7, 1], ['Sunset', 9, 3, 6]]",30,15,15,VCT 2025: Pacific Stage 2,Group Stage: Week 2,"['DFM Meiy', 'DFM Akame', 'DFM Jinboong', 'DFM gyen', 'DFM SSeeS']",Bind,Lotus,Corrode,Icebox,-,Sunset,Corrode,Icebox,-,-,https://www.vlr.gg/508829/talon-vs-detonation-focusme-vct-2025-pacific-stage-2-w2
T1,T1,2,Bo3,B,win,"[['Corrode', 13, 8, 5], ['Sunset', 13, 4, 9]]",26,12,14,VCT 2025: Pacific Stage 2,Group Stage: Week 2,"['T1 DH', 'T1 stax', 'T1 iZu', 'T1 Meteor', 'T1 BuZz']",Lotus,Bind,Sunset,Haven,-,Corrode,Sunset,-,-,-,https://www.vlr.gg/508830/t1-vs-zeta-division-vct-2025-pacific-stage-2-w2
ZETA DIVISION,ZETA,0,Bo3,A,loss,"[['Corrode', 8, 4, 4], ['Sunset', 6, 3, 3]]",14,7,7,VCT 2025: Pacific Stage 2,Group Stage: Week 2,"['ZETA Dep', 'ZETA SugarZ3ro', 'ZETA CLZ', 'ZETA TenTen', 'ZETA Xdll']",Ascent,Icebox,Corrode,Haven,-,Corrode,Sunset,-,-,-,https://www.vlr.gg/508830/t1-vs-zeta-division-vct-2025-pacific-stage-2-w2
Rex Regum Qeon,RRQ,2,Bo3,B,win,"[['Corrode', 11, 5, 6], ['Haven', 13, 5, 8], ['Icebox', 13, 9, 4]]",37,19,18,VCT 2025: Pacific Stage 2,Group Stage: Week 2,"['RRQ Jemkin', 'RRQ Monyet', 'RRQ xffero', 'RRQ Kushy', 'RRQ crazyguy']",Lotus,Ascent,Haven,Icebox,-,Corrode,Haven,Icebox,-,-,https://www.vlr.gg/508831/rex-regum-qeon-vs-nongshim-redforce-vct-2025-pacific-stage-2-w2
Nongshim RedForce,NS,1,Bo3,A,loss,"[['Corrode', 13, 6, 7], ['Haven', 8, 4, 4], ['Icebox', 3, 0, 3]]",24,10,14,VCT 2025: Pacific Stage 2,Group Stage: Week 2,"['NS Francis', 'NS Ivy', 'NS Persia', 'NS Dambi', 'NS Rb']",Sunset,Bind,Corrode,Icebox,-,Corrode,Haven,Icebox,-,-,https://www.vlr.gg/508831/rex-regum-qeon-vs-nongshim-redforce-vct-2025-pacific-stage-2-w2
DRX,DRX,2,Bo3,A,win,"[['Corrode', 4, 2, 2], ['Icebox', 4, 1, 3]]",8,3,5,VCT 2025: Pacific Stage 2,Group Stage: Week 2,"['DRX free1ng', 'DRX MaKo', 'DRX HYUNMIN', 'DRX Flashback', 'DRX Estrella']",Sunset,Bind,Icebox,Ascent,-,Icebox,Corrode,-,-,-,https://www.vlr.gg/508832/drx-vs-team-secret-vct-2025-pacific-stage-2-w2
Team Secret,TS,0,Bo3,B,loss,"[['Corrode', 13, 3, 10], ['Icebox', 13, 9, 4]]",26,12,14,VCT 2025: Pacific Stage 2,Group Stage: Week 2,"['TS invy', 'TS n1zzy', 'TS kellyS', 'TS ZesBeeW', 'TS Wild0reoo']",Haven,Lotus,Corrode,Ascent,-,Icebox,Corrode,-,-,-,https://www.vlr.gg/508832/drx-vs-team-secret-vct-2025-pacific-stage-2-w2
BOOM Esports,BME,0,Bo3,A,loss,"[['Bind', 13, 4, 9], ['Lotus', 13, 9, 4]]",26,13,13,VCT 2025: Pacific Stage 2,Group Stage: Week 2,"['BME BerserX', 'BME dos9', 'BME Shiro', 'BME Famouz', 'BME NcSlasher']",Icebox,Sunset,Bind,Corrode,-,Bind,Lotus,-,-,-,https://www.vlr.gg/508833/boom-esports-vs-paper-rex-vct-2025-pacific-stage-2-w2
Paper Rex,PRX,2,Bo3,B,win,"[['Bind', 8, 3, 5], ['Lotus', 10, 7, 3]]",18,10,8,VCT 2025: Pacific Stage 2,Group Stage: Week 2,"['PRX something', 'PRX f0rsakeN', 'PRX PatMen', 'PRX d4v41', 'PRX Jinggg']",Ascent,Haven,Lotus,Corrode,-,Bind,Lotus,-,-,-,https://www.vlr.gg/508833/boom-esports-vs-paper-rex-vct-2025-pacific-stage-2-w2
Gen.G,GEN,2,Bo3,A,win,"[['Lotus', 3, 1, 2], ['Ascent', 8, 3, 5]]",11,4,7,VCT 2025: Pacific Stage 2,Group Stage: Week 3,"['GEN Karon', 'GEN t3xture', 'GEN Ash', 'GEN Foxy9', 'GEN Munchkin']",Sunset,Bind,Lotus,Corrode,-,Lotus,Ascent,-,-,-,https://www.vlr.gg/508834/gen-g-vs-team-secret-vct-2025-pacific-stage-2-w3
Team Secret,TS,0,Bo3,B,loss,"[['Lotus', 13, 10, 3], ['Ascent', 13, 4, 9]]",26,14,12,VCT 2025: Pacific Stage 2,Group Stage: Week 3,"['TS invy', 'TS n1zzy', 'TS Wild0reoo', 'TS ZesBeeW', 'TS kellyS']",Haven,Icebox,Ascent,Corrode,-,Lotus,Ascent,-,-,-,https://www.vlr.gg/508834/gen-g-vs-team-secret-vct-2025-pacific-stage-2-w3
TALON,TLN,2,Bo3,A,win,"[['Corrode', 10, 3, 7], ['Lotus', 6, 2, 4]]",16,5,11,VCT 2025: Pacific Stage 2,Group Stage: Week 3,"['TLN thyy', 'TLN primmie', 'TLN Killua', 'TLN JitBoyS', 'TLN Crws']",Ascent,Haven,Corrode,Sunset,-,Corrode,Lotus,-,-,-,https://www.vlr.gg/508835/talon-vs-t1-vct-2025-pacific-stage-2-w3
T1,T1,0,Bo3,B,loss,"[['Corrode', 13, 4, 9], ['Lotus', 13, 8, 5]]",26,12,14,VCT 2025: Pacific Stage 2,Group Stage: Week 3,"['T1 DH', 'T1 Meteor', 'T1 BuZz', 'T1 iZu', 'T1 stax']",Icebox,Bind,Lotus,Sunset,-,Corrode,Lotus,-,-,-,https://www.vlr.gg/508835/talon-vs-t1-vct-2025-pacific-stage-2-w3
BOOM Esports,BME,0,Bo3,A,loss,"[['Lotus', 13, 6, 7], ['Corrode', 13, 11, 2]]",26,17,9,VCT 2025: Pacific Stage 2,Group Stage: Week 3,"['BME BerserX', 'BME Shiro', 'BME dos9', 'BME Famouz', 'BME NcSlasher']",Icebox,Sunset,Lotus,Ascent,-,Lotus,Corrode,-,-,-,https://www.vlr.gg/508836/boom-esports-vs-detonation-focusme-vct-2025-pacific-stage-2-w3
DetonatioN FocusMe,DFM,2,Bo3,B,win,"[['Lotus', 10, 4, 6], ['Corrode', 2, 1, 1]]",12,5,7,VCT 2025: Pacific Stage 2,Group Stage: Week 3,"['DFM gyen', 'DFM Meiy', 'DFM Jinboong', 'DFM Akame', 'DFM SSeeS']",Bind,Haven,Corrode,Ascent,-,Lotus,Corrode,-,-,-,https://www.vlr.gg/508836/boom-esports-vs-detonation-focusme-vct-2025-pacific-stage-2-w3
Rex Regum Qeon,RRQ,0,Bo3,A,loss,"[['Bind', 14, 6, 6], ['Ascent', 13, 7, 6]]",27,13,12,VCT 2025: Pacific Stage 2,Group Stage: Week 3,"['RRQ crazyguy', 'RRQ Jemkin', 'RRQ xffero', 'RRQ Monyet', 'RRQ Kushy']",Lotus,Corrode,Bind,Haven,-,Bind,Ascent,-,-,-,https://www.vlr.gg/508837/rex-regum-qeon-vs-drx-vct-2025-pacific-stage-2-w3
DRX,DRX,2,Bo3,B,win,"[['Bind', 12, 6, 6], ['Ascent', 7, 2, 5]]",19,8,11,VCT 2025: Pacific Stage 2,Group Stage: Week 3,"['DRX Flashback', 'DRX HYUNMIN', 'DRX MaKo', 'DRX free1ng', 'DRX Estrella']",Sunset,Icebox,Ascent,Haven,-,Bind,Ascent,-,-,-,https://www.vlr.gg/508837/rex-regum-qeon-vs-drx-vct-2025-pacific-stage-2-w3
Nongshim RedForce,NS,2,Bo3,B,win,"[['Corrode', 13, 9, 4], ['Bind', 13, 8, 5]]",26,17,9,VCT 2025: Pacific Stage 2,Group Stage: Week 3,"['NS Francis', 'NS Persia', 'NS Dambi', 'NS Ivy', 'NS Rb']",Icebox,Lotus,Bind,Ascent,-,Corrode,Bind,-,-,-,https://www.vlr.gg/508838/nongshim-redforce-vs-global-esports-vct-2025-pacific-stage-2-w3
Global Esports,GE,0,Bo3,A,loss,"[['Corrode', 7, 4, 3], ['Bind', 8, 4, 4]]",15,8,7,VCT 2025: Pacific Stage 2,Group Stage: Week 3,"['GE UdoTan', 'GE yoman', 'GE ban', 'GE Kr1stal', 'GE Papi']",Sunset,Haven,Corrode,Ascent,-,Corrode,Bind,-,-,-,https://www.vlr.gg/508838/nongshim-redforce-vs-global-esports-vct-2025-pacific-stage-2-w3
Paper Rex,PRX,0,Bo3,B,loss,"[['Lotus', 9, 4, 5], ['Sunset', 7, 4, 3]]",16,8,8,VCT 2025: Pacific Stage 2,Group Stage: Week 3,"['PRX Jinggg', 'PRX something', 'PRX d4v41', 'PRX PatMen', 'PRX f0rsakeN']",Ascent,Bind,Sunset,Haven,-,Lotus,Sunset,-,-,-,https://www.vlr.gg/508839/paper-rex-vs-zeta-division-vct-2025-pacific-stage-2-w3
ZETA DIVISION,ZETA,2,Bo3,A,win,"[['Lotus', 13, 7, 6], ['Sunset', 13, 9, 4]]",26,16,10,VCT 2025: Pacific Stage 2,Group Stage: Week 3,"['ZETA CLZ', 'ZETA SugarZ3ro', 'ZETA Dep', 'ZETA Xdll', 'ZETA TenTen']",Icebox,Corrode,Lotus,Haven,-,Lotus,Sunset,-,-,-,https://www.vlr.gg/508839/paper-rex-vs-zeta-division-vct-2025-pacific-stage-2-w3
Gen.G,GEN,0,Bo3,A,loss,"[['Lotus', 13, 7, 6], ['Ascent', 14, 7, 5]]",27,14,11,VCT 2025: Pacific Stage 2,Group Stage: Week 4,"['GEN Karon', 'GEN Ash', 'GEN Foxy9', 'GEN t3xture', 'GEN Munchkin']",Bind,Sunset,Lotus,Corrode,-,Lotus,Ascent,-,-,-,https://www.vlr.gg/508840/gen-g-vs-nongshim-redforce-vct-2025-pacific-stage-2-w4
Nongshim RedForce,NS,2,Bo3,B,win,"[['Lotus', 9, 4, 5], ['Ascent', 12, 7, 5]]",21,11,10,VCT 2025: Pacific Stage 2,Group Stage: Week 4,"['NS Dambi', 'NS Persia', 'NS Rb', 'NS Ivy', 'NS Francis']",Haven,Icebox,Ascent,Corrode,-,Lotus,Ascent,-,-,-,https://www.vlr.gg/508840/gen-g-vs-nongshim-redforce-vct-2025-pacific-stage-2-w4
TALON,TLN,0,Bo3,A,loss,"[['Bind', 13, 7, 6], ['Icebox', 16, 7, 5]]",29,14,11,VCT 2025: Pacific Stage 2,Group Stage: Week 4,"['TLN thyy', 'TLN primmie', 'TLN Crws', 'TLN Killua', 'TLN JitBoyS']",Sunset,Haven,Bind,Lotus,-,Bind,Icebox,-,-,-,https://www.vlr.gg/508841/talon-vs-paper-rex-vct-2025-pacific-stage-2-w4
Paper Rex,PRX,2,Bo3,B,win,"[['Bind', 11, 6, 5], ['Icebox', 14, 7, 5]]",25,13,10,VCT 2025: Pacific Stage 2,Group Stage: Week 4,"['PRX d4v41', 'PRX something', 'PRX Jinggg', 'PRX PatMen', 'PRX f0rsakeN']",Corrode,Ascent,Icebox,Lotus,-,Bind,Icebox,-,-,-,https://www.vlr.gg/508841/talon-vs-paper-rex-vct-2025-pacific-stage-2-w4
DRX,DRX,2,Bo3,A,win,"[['Lotus', 10, 7, 3], ['Icebox', 10, 5, 5]]",20,12,8,VCT 2025: Pacific Stage 2,Group Stage: Week 4,"['DRX MaKo', 'DRX HYUNMIN', 'DRX Estrella', 'DRX free1ng', 'DRX Flashback']",Sunset,Ascent,Lotus,Corrode,-,Lotus,Icebox,-,-,-,https://www.vlr.gg/508842/drx-vs-global-esports-vct-2025-pacific-stage-2-w4
Global Esports,GE,0,Bo3,B,loss,"[['Lotus', 13, 8, 5], ['Icebox', 13, 7, 6]]",26,15,11,VCT 2025: Pacific Stage 2,Group Stage: Week 4,"['GE UdoTan', 'GE ban', 'GE Papi', 'GE Kr1stal', 'GE yoman']",Bind,Haven,Icebox,Corrode,-,Lotus,Icebox,-,-,-,https://www.vlr.gg/508842/drx-vs-global-esports-vct-2025-pacific-stage-2-w4
BOOM Esports,BME,1,Bo3,A,loss,"[['Lotus', 13, 5, 7], ['Corrode', 13, 9, 4], ['Ascent', 13, 6, 7]]",39,20,18,VCT 2025: Pacific Stage 2,Group Stage: Week 4,"['BME dos9', 'BME Famouz', 'BME Shiro', 'BME NcSlasher', 'BME BerserX']",Icebox,Haven,Lotus,Ascent,-,Lotus,Corrode,Ascent,-,-,https://www.vlr.gg/508843/boom-esports-vs-zeta-division-vct-2025-pacific-stage-2-w4
ZETA DIVISION,ZETA,2,Bo3,B,win,"[['Lotus', 15, 5, 7], ['Corrode', 9, 6, 3], ['Ascent', 8, 2, 6]]",32,13,16,VCT 2025: Pacific Stage 2,Group Stage: Week 4,"['ZETA Xdll', 'ZETA TenTen', 'ZETA SugarZ3ro', 'ZETA Dep', 'ZETA CLZ']",Bind,Sunset,Corrode,Ascent,-,Lotus,Corrode,Ascent,-,-,https://www.vlr.gg/508843/boom-esports-vs-zeta-division-vct-2025-pacific-stage-2-w4
Rex Regum Qeon,RRQ,2,Bo3,B,win,"[['Ascent', 13, 3, 9], ['Icebox', 13, 1, 12], ['Sunset', 13, 4, 9]]",39,8,30,VCT 2025: Pacific Stage 2,Group Stage: Week 4,"['RRQ Jemkin', 'RRQ xffero', 'RRQ Kushy', 'RRQ Monyet', 'RRQ crazyguy']",Lotus,Bind,Icebox,Sunset,-,Ascent,Icebox,Sunset,-,-,https://www.vlr.gg/508844/rex-regum-qeon-vs-team-secret-vct-2025-pacific-stage-2-w4
Team Secret,TS,1,Bo3,A,loss,"[['Ascent', 15, 3, 9], ['Icebox', 4, 0, 4], ['Sunset', 3, 3, 0]]",22,6,13,VCT 2025: Pacific Stage 2,Group Stage: Week 4,"['TS invy', 'TS kellyS', 'TS n1zzy', 'TS JessieVash', 'TS Wild0reoo']",Haven,Corrode,Ascent,Sunset,-,Ascent,Icebox,Sunset,-,-,https://www.vlr.gg/508844/rex-regum-qeon-vs-team-secret-vct-2025-pacific-stage-2-w4
T1,T1,2,Bo3,B,win,"[['Sunset', 13, 9, 4], ['Haven', 13, 5, 8]]",26,14,12,VCT 2025: Pacific Stage 2,Group Stage: Week 4,"['T1 DH', 'T1 iZu', 'T1 Meteor', 'T1 BuZz', 'T1 stax']",Icebox,Ascent,Haven,Corrode,-,Sunset,Haven,-,-,-,https://www.vlr.gg/508845/t1-vs-detonation-focusme-vct-2025-pacific-stage-2-w4
DetonatioN FocusMe,DFM,0,Bo3,A,loss,"[['Sunset', 6, 3, 3], ['Haven', 9, 4, 5]]",15,7,8,VCT 2025: Pacific Stage 2,Group Stage: Week 4,"['DFM Jinboong', 'DFM Meiy', 'DFM gyen', 'DFM Akame', 'DFM SSeeS']",Bind,Lotus,Sunset,Corrode,-,Sunset,Haven,-,-,-,https://www.vlr.gg/508845/t1-vs-detonation-focusme-vct-2025-pacific-stage-2-w4
TALON,TLN,2,Bo3,B,win,"[['Lotus', 13, 10, 3], ['Corrode', 16, 5, 7]]",29,15,10,VCT 2025: Pacific Stage 2,Playoffs: Upper Round 1,"['TLN primmie', 'TLN Killua', 'TLN JitBoyS', 'TLN thyy', 'TLN Crws']",Ascent,Sunset,Corrode,Bind,-,Lotus,Corrode,-,-,-,https://www.vlr.gg/530354/talon-vs-nongshim-redforce-vct-2025-pacific-stage-2-ur1
Nongshim RedForce,NS,0,Bo3,A,loss,"[['Lotus', 5, 3, 2], ['Corrode', 14, 5, 7]]",19,8,9,VCT 2025: Pacific Stage 2,Playoffs: Upper Round 1,"['NS Persia', 'NS Ivy', 'NS Francis', 'NS Rb', 'NS Dambi']",Icebox,Haven,Lotus,Bind,-,Lotus,Corrode,-,-,-,https://www.vlr.gg/530354/talon-vs-nongshim-redforce-vct-2025-pacific-stage-2-ur1
Rex Regum Qeon,RRQ,1,Bo3,B,loss,"[['Bind', 9, 4, 5], ['Haven', 13, 6, 7], ['Sunset', 8, 2, 6]]",30,12,18,VCT 2025: Pacific Stage 2,Playoffs: Upper Round 1,"['RRQ Jemkin', 'RRQ xffero', 'RRQ Monyet', 'RRQ Kushy', 'RRQ crazyguy']",Lotus,Ascent,Haven,Sunset,-,Bind,Haven,Sunset,-,-,https://www.vlr.gg/530355/rex-regum-qeon-vs-t1-vct-2025-pacific-stage-2-ur1
T1,T1,2,Bo3,A,win,"[['Bind', 13, 7, 6], ['Haven', 7, 5, 2], ['Sunset', 13, 6, 7]]",33,18,15,VCT 2025: Pacific Stage 2,Playoffs: Upper Round 1,"['T1 DH', 'T1 iZu', 'T1 Meteor', 'T1 stax', 'T1 BuZz']",Icebox,Corrode,Bind,Sunset,-,Bind,Haven,Sunset,-,-,https://www.vlr.gg/530355/rex-regum-qeon-vs-t1-vct-2025-pacific-stage-2-ur1
DRX,DRX,1,Bo3,B,loss,"[['Bind', 13, 5, 8], ['Haven', 9, 6, 3], ['Lotus', 7, 3, 4]]",29,14,15,VCT 2025: Pacific Stage 2,Playoffs: Upper Semifinals,"['DRX HYUNMIN', 'DRX free1ng', 'DRX Flashback', 'DRX Estrella', 'DRX MaKo']",Sunset,Icebox,Haven,Lotus,-,Bind,Haven,Lotus,-,-,https://www.vlr.gg/530356/drx-vs-talon-vct-2025-pacific-stage-2-ubsf
TALON,TLN,2,Bo3,A,win,"[['Bind', 11, 4, 7], ['Haven', 13, 9, 4], ['Lotus', 13, 8, 5]]",37,21,16,VCT 2025: Pacific Stage 2,Playoffs: Upper Semifinals,"['TLN JitBoyS', 'TLN thyy', 'TLN Killua', 'TLN primmie', 'TLN Crws']",Ascent,Corrode,Bind,Lotus,-,Bind,Haven,Lotus,-,-,https://www.vlr.gg/530356/drx-vs-talon-vct-2025-pacific-stage-2-ubsf
Paper Rex,PRX,2,Bo3,B,win,"[['Sunset', 13, 6, 7], ['Bind', 13, 5, 8]]",26,11,15,VCT 2025: Pacific Stage 2,Playoffs: Upper Semifinals,"['PRX Jinggg', 'PRX f0rsakeN', 'PRX d4v41', 'PRX something', 'PRX PatMen']",Corrode,Haven,Bind,Ascent,-,Sunset,Bind,-,-,-,https://www.vlr.gg/530357/paper-rex-vs-t1-vct-2025-pacific-stage-2-ubsf
T1,T1,0,Bo3,A,loss,"[['Sunset', 8, 5, 3], ['Bind', 6, 4, 2]]",14,9,5,VCT 2025: Pacific Stage 2,Playoffs: Upper Semifinals,"['T1 Meteor', 'T1 stax', 'T1 BuZz', 'T1 DH', 'T1 iZu']",Icebox,Lotus,Sunset,Ascent,-,Sunset,Bind,-,-,-,https://www.vlr.gg/530357/paper-rex-vs-t1-vct-2025-pacific-stage-2-ubsf
Nongshim RedForce,NS,2,Bo3,B,win,"[['Lotus', 13, 8, 5], ['Ascent', 13, 10, 3]]",26,18,8,VCT 2025: Pacific Stage 2,Playoffs: Lower Round 1,"['NS Dambi', 'NS Persia', 'NS Francis', 'NS Ivy', 'NS Rb']",Icebox,Sunset,Ascent,Corrode,-,Lotus,Ascent,-,-,-,https://www.vlr.gg/530358/nongshim-redforce-vs-detonation-focusme-vct-2025-pacific-stage-2-lr1
DetonatioN FocusMe,DFM,0,Bo3,A,loss,"[['Lotus', 6, 2, 4], ['Ascent', 10, 9, 1]]",16,11,5,VCT 2025: Pacific Stage 2,Playoffs: Lower Round 1,"['DFM Meiy', 'DFM gyen', 'DFM Jinboong', 'DFM Akame', 'DFM SSeeS']",Bind,Haven,Lotus,Corrode,-,Lotus,Ascent,-,-,-,https://www.vlr.gg/530358/nongshim-redforce-vs-detonation-focusme-vct-2025-pacific-stage-2-lr1
Rex Regum Qeon,RRQ,2,Bo3,B,win,"[['Haven', 10, 5, 5], ['Sunset', 13, 11, 2], ['Corrode', 13, 6, 7]]",36,22,14,VCT 2025: Pacific Stage 2,Playoffs: Lower Round 1,"['RRQ crazyguy', 'RRQ Jemkin', 'RRQ Monyet', 'RRQ xffero', 'RRQ Kushy']",Lotus,Ascent,Sunset,Corrode,-,Haven,Sunset,Corrode,-,-,https://www.vlr.gg/530359/rex-regum-qeon-vs-gen-g-vct-2025-pacific-stage-2-lr1
Gen.G,GEN,1,Bo3,A,loss,"[['Haven', 13, 7, 6], ['Sunset', 11, 10, 1], ['Corrode', 6, 5, 1]]",30,22,8,VCT 2025: Pacific Stage 2,Playoffs: Lower Round 1,"['GEN Karon', 'GEN t3xture', 'GEN Munchkin', 'GEN Ash', 'GEN Foxy9']",Icebox,Bind,Haven,Corrode,-,Haven,Sunset,Corrode,-,-,https://www.vlr.gg/530359/rex-regum-qeon-vs-gen-g-vct-2025-pacific-stage-2-lr1
T1,T1,2,Bo3,B,win,"[['Ascent', 13, 5, 8], ['Lotus', 13, 10, 3]]",26,15,11,VCT 2025: Pacific Stage 2,Playoffs: Lower Round 2,"['T1 Meteor', 'T1 DH', 'T1 BuZz', 'T1 stax', 'T1 iZu']",Corrode,Icebox,Ascent,Haven,-,Lotus,Ascent,-,-,-,https://www.vlr.gg/530360/t1-vs-nongshim-redforce-vct-2025-pacific-stage-2-lr2
Nongshim RedForce,NS,0,Bo3,A,loss,"[['Ascent', 9, 2, 7], ['Lotus', 6, 4, 2]]",15,6,9,VCT 2025: Pacific Stage 2,Playoffs: Lower Round 2,"['NS Rb', 'NS Dambi', 'NS Ivy', 'NS Francis', 'NS Persia']",Sunset,Bind,Lotus,Haven,-,Lotus,Ascent,-,-,-,https://www.vlr.gg/530360/t1-vs-nongshim-redforce-vct-2025-pacific-stage-2-lr2
DRX,DRX,0,Bo3,B,loss,"[['Icebox', 7, 4, 3], ['Corrode', 9, 6, 3]]",16,10,6,VCT 2025: Pacific Stage 2,Playoffs: Lower Round 2,"['DRX Flashback', 'DRX HYUNMIN', 'DRX MaKo', 'DRX free1ng', 'DRX Estrella']",Sunset,Haven,Corrode,Ascent,-,Icebox,Corrode,-,-,-,https://www.vlr.gg/530361/drx-vs-rex-regum-qeon-vct-2025-pacific-stage-2-lr2
Rex Regum Qeon,RRQ,2,Bo3,A,win,"[['Icebox', 13, 5, 8], ['Corrode', 13, 7, 6]]",26,12,14,VCT 2025: Pacific Stage 2,Playoffs: Lower Round 2,"['RRQ xffero', 'RRQ Monyet', 'RRQ Kushy', 'RRQ crazyguy', 'RRQ Jemkin']",Lotus,Bind,Icebox,Ascent,-,Icebox,Corrode,-,-,-,https://www.vlr.gg/530361/drx-vs-rex-regum-qeon-vct-2025-pacific-stage-2-lr2
TALON,TLN,0,Bo3,A,loss,"[['Haven', 13, 7, 6], ['Bind', 13, 5, 8]]",26,12,14,VCT 2025: Pacific Stage 2,Playoffs: Upper Final,"['TLN thyy', 'TLN primmie', 'TLN Killua', 'TLN JitBoyS', 'TLN Crws']",Ascent,Sunset,Haven,Lotus,-,Haven,Bind,-,-,-,https://www.vlr.gg/530362/talon-vs-paper-rex-vct-2025-pacific-stage-2-ubf
Paper Rex,PRX,2,Bo3,B,win,"[['Haven', 11, 6, 5], ['Bind', 7, 4, 3]]",18,10,8,VCT 2025: Pacific Stage 2,Playoffs: Upper Final,"['PRX something', 'PRX Jinggg', 'PRX f0rsakeN', 'PRX PatMen', 'PRX d4v41']",Corrode,Icebox,Bind,Lotus,-,Haven,Bind,-,-,-,https://www.vlr.gg/530362/talon-vs-paper-rex-vct-2025-pacific-stage-2-ubf
T1,T1,1,Bo3,A,loss,"[['Sunset', 11, 8, 3], ['Haven', 15, 7, 5], ['Ascent', 13, 4, 9]]",39,19,17,VCT 2025: Pacific Stage 2,Playoffs: Lower Round 3,"['T1 DH', 'T1 Meteor', 'T1 iZu', 'T1 BuZz', 'T1 stax']",Icebox,Corrode,Ascent,Haven,-,Ascent,Sunset,Haven,-,-,https://www.vlr.gg/530363/t1-vs-rex-regum-qeon-vct-2025-pacific-stage-2-lr3
Rex Regum Qeon,RRQ,2,Bo3,B,win,"[['Sunset', 13, 9, 4], ['Haven', 13, 7, 5], ['Ascent', 7, 3, 4]]",33,19,13,VCT 2025: Pacific Stage 2,Playoffs: Lower Round 3,"['RRQ xffero', 'RRQ Monyet', 'RRQ crazyguy', 'RRQ Jemkin', 'RRQ Kushy']",Lotus,Bind,Sunset,Haven,-,Ascent,Sunset,Haven,-,-,https://www.vlr.gg/530363/t1-vs-rex-regum-qeon-vct-2025-pacific-stage-2-lr3
TALON,TLN,2,Bo5,A,loss,"[['Bind', 4, 3, 1], ['Haven', 7, 3, 4], ['Corrode', 13, 8, 5], ['Icebox', 13, 6, 7], ['Sunset', 14, 8, 4]]",51,28,21,VCT 2025: Pacific Stage 2,Playoffs: Lower Final,"['TLN JitBoyS', 'TLN primmie', 'TLN Crws', 'TLN thyy', 'TLN Killua']",Ascent,-,Bind,Corrode,Sunset,Bind,Haven,Corrode,Icebox,Sunset,https://www.vlr.gg/530364/talon-vs-rex-regum-qeon-vct-2025-pacific-stage-2-lf
Rex Regum Qeon,RRQ,3,Bo5,B,win,"[['Bind', 13, 4, 9], ['Haven', 13, 8, 5], ['Corrode', 10, 7, 3], ['Icebox', 6, 5, 1], ['Sunset', 12, 8, 4]]",54,32,22,VCT 2025: Pacific Stage 2,Playoffs: Lower Final,"['RRQ xffero', 'RRQ Jemkin', 'RRQ Monyet', 'RRQ crazyguy', 'RRQ Kushy']",Lotus,-,Haven,Icebox,Sunset,Bind,Haven,Corrode,Icebox,Sunset,https://www.vlr.gg/530364/talon-vs-rex-regum-qeon-vct-2025-pacific-stage-2-lf
Paper Rex,PRX,3,Bo5,A,win,"[['Ascent', 7, 1, 6], ['Lotus', 13, 6, 7], ['Haven', 7, 4, 3], ['Bind', 8, 5, 3]]",35,16,19,VCT 2025: Pacific Stage 2,Playoffs: Grand Final,"['PRX something', 'PRX f0rsakeN', 'PRX Jinggg', 'PRX d4v41', 'PRX PatMen']",Corrode,Icebox,Bind,Lotus,Sunset,Bind,Ascent,Lotus,Haven,-,https://www.vlr.gg/530365/paper-rex-vs-rex-regum-qeon-vct-2025-pacific-stage-2-gf
Rex Regum Qeon,RRQ,1,Bo5,B,loss,"[['Ascent', 13, 2, 11], ['Lotus', 6, 0, 6], ['Haven', 13, 5, 8], ['Bind', 13, 9, 4]]",45,16,29,VCT 2025: Pacific Stage 2,Playoffs: Grand Final,"['RRQ Monyet', 'RRQ xffero', 'RRQ crazyguy', 'RRQ Jemkin', 'RRQ Kushy']",-,-,Ascent,Haven,Sunset,Bind,Ascent,Lotus,Haven,-,https://www.vlr.gg/530365/paper-rex-vs-rex-regum-qeon-vct-2025-pacific-stage-2-gf
EDward Gaming,EDG,2,Bo3,A,win,"[['Sunset', 9, 3, 6], ['Corrode', 6, 1, 5]]",15,4,11,VCT 2025: China Stage 2,Group Stage: Week 1,"['EDG nobody', 'EDG Smoggy', 'EDG ZmjjKK', 'EDG CHICHOO', 'EDG zjc']",Bind,Lotus,Sunset,Icebox,-,Sunset,Corrode,-,-,-,https://www.vlr.gg/506930/edward-gaming-vs-titan-esports-club-vct-2025-china-stage-2-w1
Titan Esports Club,TEC,0,Bo3,B,loss,"[['Sunset', 13, 4, 9], ['Corrode', 13, 7, 6]]",26,11,15,VCT 2025: China Stage 2,Group Stage: Week 1,"['TEC Haodong', 'TEC Abo', 'TEC lucas', 'TEC Coco', 'TEC TvirusLuke']",Haven,Ascent,Corrode,Icebox,-,Sunset,Corrode,-,-,-,https://www.vlr.gg/506930/edward-gaming-vs-titan-esports-club-vct-2025-china-stage-2-w1
Bilibili Gaming,BLG,2,Bo3,B,win,"[['Bind', 13, 9, 4], ['Lotus', 13, 5, 8]]",26,14,12,VCT 2025: China Stage 2,Group Stage: Week 1,"['BLG rushia', 'BLG nephh', 'BLG Levius', 'BLG whzy', 'BLG Knight']",Corrode,Haven,Lotus,Icebox,-,Bind,Lotus,-,-,-,https://www.vlr.gg/506931/bilibili-gaming-vs-tyloo-vct-2025-china-stage-2-w1
TYLOO,TYL,0,Bo3,A,loss,"[['Bind', 5, 2, 3], ['Lotus', 9, 4, 5]]",14,6,8,VCT 2025: China Stage 2,Group Stage: Week 1,"['TYL Scales', 'TYL Yoyo', 'TYL sword9', 'TYL Ninebody', 'TYL slowly']",Sunset,Ascent,Bind,Icebox,-,Bind,Lotus,-,-,-,https://www.vlr.gg/506931/bilibili-gaming-vs-tyloo-vct-2025-china-stage-2-w1
All Gamers,AG,1,Bo3,B,loss,"[['Sunset', 13, 3, 10], ['Lotus', 7, 3, 4], ['Ascent', 3, 2, 1]]",23,8,15,VCT 2025: China Stage 2,Group Stage: Week 1,"['AG Spitfires', 'AG K1ra', 'AG deLb', 'AG Shr1mp', 'AG XiYiJi']",Bind,Icebox,Lotus,Ascent,-,Sunset,Lotus,Ascent,-,-,https://www.vlr.gg/506932/all-gamers-vs-xi-lai-gaming-vct-2025-china-stage-2-w1
Xi Lai Gaming,XLG,2,Bo3,A,win,"[['Sunset', 3, 2, 1], ['Lotus', 13, 8, 5], ['Ascent', 13, 3, 10]]",29,13,16,VCT 2025: China Stage 2,Group Stage: Week 1,"['XLG happywei', 'XLG Viva', 'XLG coconut', 'XLG NoMan', 'XLG Rarga']",Corrode,Haven,Sunset,Ascent,-,Sunset,Lotus,Ascent,-,-,https://www.vlr.gg/506932/all-gamers-vs-xi-lai-gaming-vct-2025-china-stage-2-w1
Wolves Esports,WOL,0,Bo3,B,loss,"[['Sunset', 5, 5, 0], ['Corrode', 7, 5, 2]]",12,10,2,VCT 2025: China Stage 2,Group Stage: Week 1,"['WOL Lysoar', 'WOL Spring', 'WOL Yuicaw', 'WOL SiuFatBB', 'WOL Juicy']",Haven,Ascent,Corrode,Bind,-,Sunset,Corrode,-,-,-,https://www.vlr.gg/506933/wolves-esports-vs-funplus-phoenix-vct-2025-china-stage-2-w1
FunPlus Phoenix,FPX,2,Bo3,A,win,"[['Sunset', 13, 6, 7], ['Corrode', 13, 10, 3]]",26,16,10,VCT 2025: China Stage 2,Group Stage: Week 1,"['FPX Autumn', 'FPX BerLIN', 'FPX AAAAY', 'FPX yosemite', 'FPX Life']",Lotus,Icebox,Sunset,Bind,-,Sunset,Corrode,-,-,-,https://www.vlr.gg/506933/wolves-esports-vs-funplus-phoenix-vct-2025-china-stage-2-w1
Dragon Ranger Gaming,DRG,2,Bo3,A,win,"[['Lotus', 8, 6, 2], ['Icebox', 14, 8, 4], ['Ascent', 5, 5, 0]]",27,19,6,VCT 2025: China Stage 2,Group Stage: Week 1,"['DRG Akeman', 'DRG SpiritZ1', 'DRG vo0kashu', 'DRG Flex1n', 'DRG Nicc']",Corrode,Haven,Lotus,Ascent,-,Lotus,Icebox,Ascent,-,-,https://www.vlr.gg/506934/dragon-ranger-gaming-vs-nova-esports-vct-2025-china-stage-2-w1
Nova Esports,NOVA,1,Bo3,B,loss,"[['Lotus', 13, 7, 6], ['Icebox', 12, 8, 4], ['Ascent', 13, 6, 7]]",38,21,17,VCT 2025: China Stage 2,Group Stage: Week 1,"['NOVA SWERL', 'NOVA cb', 'NOVA Ezeir', 'NOVA GuanG', 'NOVA monk']",Bind,Sunset,Icebox,Ascent,-,Lotus,Icebox,Ascent,-,-,https://www.vlr.gg/506934/dragon-ranger-gaming-vs-nova-esports-vct-2025-china-stage-2-w1
JDG Esports,JDG,1,Bo3,A,loss,"[['Icebox', 13, 6, 7], ['Lotus', 4, 0, 4], ['Haven', 13, 3, 10]]",30,9,21,VCT 2025: China Stage 2,Group Stage: Week 1,"['JDG stew', 'JDG kklin', 'JDG Z1yan', 'JDG jkuro', 'JDG Babyblue']",Bind,Sunset,Icebox,Haven,-,Icebox,Lotus,Haven,-,-,https://www.vlr.gg/506935/jdg-esports-vs-trace-esports-vct-2025-china-stage-2-w1
Trace Esports,TE,2,Bo3,B,win,"[['Icebox', 7, 1, 6], ['Lotus', 13, 8, 5], ['Haven', 4, 2, 2]]",24,11,13,VCT 2025: China Stage 2,Group Stage: Week 1,"['TE MarT1n', 'TE Kai', 'TE FengF', 'TE LuoK1ng', 'TE Biank']",Corrode,Ascent,Lotus,Haven,-,Icebox,Lotus,Haven,-,-,https://www.vlr.gg/506935/jdg-esports-vs-trace-esports-vct-2025-china-stage-2-w1
Trace Esports,TE,0,Bo3,B,loss,"[['Corrode', 7, 4, 3], ['Bind', 10, 4, 6]]",17,8,9,VCT 2025: China Stage 2,Group Stage: Week 2,"['TE Kai', 'TE FengF', 'TE MarT1n', 'TE Biank', 'TE LuoK1ng']",Icebox,Lotus,Bind,Haven,-,Corrode,Bind,-,-,-,https://www.vlr.gg/506936/trace-esports-vs-tyloo-vct-2025-china-stage-2-w2
TYLOO,TYL,2,Bo3,A,win,"[['Corrode', 13, 5, 8], ['Bind', 13, 5, 8]]",26,10,16,VCT 2025: China Stage 2,Group Stage: Week 2,"['TYL slowly', 'TYL Scales', 'TYL Yoyo', 'TYL sword9', 'TYL Ninebody']",Sunset,Ascent,Corrode,Haven,-,Corrode,Bind,-,-,-,https://www.vlr.gg/506936/trace-esports-vs-tyloo-vct-2025-china-stage-2-w2
FunPlus Phoenix,FPX,2,Bo3,B,win,"[['Haven', 6, 2, 4], ['Ascent', 13, 6, 7], ['Bind', 13, 3, 10]]",32,11,21,VCT 2025: China Stage 2,Group Stage: Week 2,"['FPX Life', 'FPX AAAAY', 'FPX yosemite', 'FPX Autumn', 'FPX BerLIN']",Icebox,Lotus,Ascent,Bind,-,Haven,Ascent,Bind,-,-,https://www.vlr.gg/506937/funplus-phoenix-vs-nova-esports-vct-2025-china-stage-2-w2
Nova Esports,NOVA,1,Bo3,A,loss,"[['Haven', 13, 8, 5], ['Ascent', 8, 2, 6], ['Bind', 6, 2, 4]]",27,12,15,VCT 2025: China Stage 2,Group Stage: Week 2,"['NOVA Ezeir', 'NOVA GuanG', 'NOVA monk', 'NOVA SWERL', 'NOVA cb']",Sunset,Corrode,Haven,Bind,-,Haven,Ascent,Bind,-,-,https://www.vlr.gg/506937/funplus-phoenix-vs-nova-esports-vct-2025-china-stage-2-w2
All Gamers,AG,2,Bo3,B,win,"[['Bind', 13, 3, 10], ['Corrode', 13, 9, 4]]",26,12,14,VCT 2025: China Stage 2,Group Stage: Week 2,"['AG K1ra', 'AG Shr1mp', 'AG Spitfires', 'AG HanChe', 'AG deLb']",Ascent,Icebox,Corrode,Haven,-,Bind,Corrode,-,-,-,https://www.vlr.gg/506938/all-gamers-vs-wolves-esports-vct-2025-china-stage-2-w2
Wolves Esports,WOL,0,Bo3,A,loss,"[['Bind', 2, 2, 0], ['Corrode', 4, 1, 3]]",6,3,3,VCT 2025: China Stage 2,Group Stage: Week 2,"['WOL Spring', 'WOL Lysoar', 'WOL SiuFatBB', 'WOL Juicy', 'WOL Yuicaw']",Sunset,Lotus,Bind,Haven,-,Bind,Corrode,-,-,-,https://www.vlr.gg/506938/all-gamers-vs-wolves-esports-vct-2025-china-stage-2-w2
JDG Esports,JDG,1,Bo3,B,loss,"[['Sunset', 7, 5, 2], ['Ascent', 15, 4, 8], ['Icebox', 4, 0, 4]]",26,9,14,VCT 2025: China Stage 2,Group Stage: Week 2,"['JDG stew', 'JDG Z1yan', 'JDG jkuro', 'JDG kklin', 'JDG Babyblue']",Bind,Lotus,Ascent,Icebox,-,Sunset,Ascent,Icebox,-,-,https://www.vlr.gg/506939/jdg-esports-vs-bilibili-gaming-vct-2025-china-stage-2-w2
Bilibili Gaming,BLG,2,Bo3,A,win,"[['Sunset', 13, 10, 3], ['Ascent', 13, 4, 8], ['Icebox', 13, 8, 5]]",39,22,16,VCT 2025: China Stage 2,Group Stage: Week 2,"['BLG Knight', 'BLG rushia', 'BLG nephh', 'BLG whzy', 'BLG Levius']",Corrode,Haven,Sunset,Icebox,-,Sunset,Ascent,Icebox,-,-,https://www.vlr.gg/506939/jdg-esports-vs-bilibili-gaming-vct-2025-china-stage-2-w2
TYLOO,TYL,2,Bo3,A,win,"[['Haven', 2, 2, 0], ['Lotus', 10, 5, 5]]",12,7,5,VCT 2025: China Stage 2,Group Stage: Week 2,"['TYL Scales', 'TYL sword9', 'TYL Ninebody', 'TYL Yoyo', 'TYL slowly']",Sunset,Ascent,Haven,Icebox,-,Haven,Lotus,-,-,-,https://www.vlr.gg/506940/tyloo-vs-titan-esports-club-vct-2025-china-stage-2-w2
Titan Esports Club,TEC,0,Bo3,B,loss,"[['Haven', 13, 3, 10], ['Lotus', 13, 6, 7]]",26,9,17,VCT 2025: China Stage 2,Group Stage: Week 2,"['TEC lucas', 'TEC Coco', 'TEC Haodong', 'TEC Abo', 'TEC TvirusLuke']",Corrode,Bind,Lotus,Icebox,-,Haven,Lotus,-,-,-,https://www.vlr.gg/506940/tyloo-vs-titan-esports-club-vct-2025-china-stage-2-w2
Trace Esports,TE,2,Bo3,B,win,"[['Sunset', 13, 7, 6], ['Bind', 11, 6, 5], ['Icebox', 13, 4, 9]]",37,17,20,VCT 2025: China Stage 2,Group Stage: Week 2,"['TE LuoK1ng', 'TE Kai', 'TE MarT1n', 'TE FengF', 'TE Biank']",Corrode,Lotus,Bind,Icebox,-,Sunset,Bind,Icebox,-,-,https://www.vlr.gg/506941/trace-esports-vs-edward-gaming-vct-2025-china-stage-2-w2
EDward Gaming,EDG,1,Bo3,A,loss,"[['Sunset', 8, 3, 5], ['Bind', 13, 7, 6], ['Icebox', 3, 3, 0]]",24,13,11,VCT 2025: China Stage 2,Group Stage: Week 2,"['EDG nobody', 'EDG Smoggy', 'EDG ZmjjKK', 'EDG CHICHOO', 'EDG zjc']",Haven,Ascent,Sunset,Icebox,-,Sunset,Bind,Icebox,-,-,https://www.vlr.gg/506941/trace-esports-vs-edward-gaming-vct-2025-china-stage-2-w2
Dragon Ranger Gaming,DRG,2,Bo3,A,win,"[['Lotus', 13, 4, 9], ['Corrode', 7, 4, 3], ['Sunset', 10, 7, 3]]",30,15,15,VCT 2025: China Stage 2,Group Stage: Week 2,"['DRG vo0kashu', 'DRG Nicc', 'DRG Flex1n', 'DRG Akeman', 'DRG SpiritZ1']",Bind,Haven,Lotus,Sunset,-,Lotus,Corrode,Sunset,-,-,https://www.vlr.gg/506942/dragon-ranger-gaming-vs-all-gamers-vct-2025-china-stage-2-w2
All Gamers,AG,1,Bo3,B,loss,"[['Lotus', 5, 3, 2], ['Corrode', 13, 9, 4], ['Sunset', 13, 8, 5]]",31,20,11,VCT 2025: China Stage 2,Group Stage: Week 2,"['AG Shr1mp', 'AG deLb', 'AG K1ra', 'AG HanChe', 'AG Spitfires']",Ascent,Icebox,Corrode,Sunset,-,Lotus,Corrode,Sunset,-,-,https://www.vlr.gg/506942/dragon-ranger-gaming-vs-all-gamers-vct-2025-china-stage-2-w2
Xi Lai Gaming,XLG,2,Bo3,A,win,"[['Haven', 9, 3, 6], ['Lotus', 8, 3, 5]]",17,6,11,VCT 2025: China Stage 2,Group Stage: Week 2,"['XLG NoMan', 'XLG happywei', 'XLG Rarga', 'XLG coconut', 'XLG Viva']",Icebox,Corrode,Haven,Bind,-,Haven,Lotus,-,-,-,https://www.vlr.gg/506943/xi-lai-gaming-vs-wolves-esports-vct-2025-china-stage-2-w2
Wolves Esports,WOL,0,Bo3,B,loss,"[['Haven', 13, 6, 7], ['Lotus', 13, 7, 6]]",26,13,13,VCT 2025: China Stage 2,Group Stage: Week 2,"['WOL Juicy', 'WOL Lysoar', 'WOL Spring', 'WOL SiuFatBB', 'WOL Yuicaw']",Sunset,Ascent,Lotus,Bind,-,Haven,Lotus,-,-,-,https://www.vlr.gg/506943/xi-lai-gaming-vs-wolves-esports-vct-2025-china-stage-2-w2
Titan Esports Club,TEC,0,Bo3,B,loss,"[['Bind', 9, 4, 5], ['Ascent', 8, 3, 5]]",17,7,10,VCT 2025: China Stage 2,Group Stage: Week 3,"['TEC lucas', 'TEC Haodong', 'TEC Coco', 'TEC Abo', 'TEC TvirusLuke']",Sunset,Haven,Ascent,Lotus,-,Bind,Ascent,-,-,-,https://www.vlr.gg/506945/titan-esports-club-vs-bilibili-gaming-vct-2025-china-stage-2-w3
Bilibili Gaming,BLG,2,Bo3,A,win,"[['Bind', 13, 5, 8], ['Ascent', 13, 4, 9]]",26,9,17,VCT 2025: China Stage 2,Group Stage: Week 3,"['BLG Knight', 'BLG rushia', 'BLG nephh', 'BLG whzy', 'BLG Levius']",Corrode,Icebox,Bind,Lotus,-,Bind,Ascent,-,-,-,https://www.vlr.gg/506945/titan-esports-club-vs-bilibili-gaming-vct-2025-china-stage-2-w3
FunPlus Phoenix,FPX,2,Bo3,B,win,"[['Haven', 13, 6, 7], ['Ascent', 6, 6, 0], ['Sunset', 13, 3, 10]]",32,15,17,VCT 2025: China Stage 2,Group Stage: Week 3,"['FPX Life', 'FPX AAAAY', 'FPX Autumn', 'FPX yosemite', 'FPX BerLIN']",Lotus,Icebox,Ascent,Sunset,-,Haven,Ascent,Sunset,-,-,https://www.vlr.gg/506946/funplus-phoenix-vs-dragon-ranger-gaming-vct-2025-china-stage-2-w3
Dragon Ranger Gaming,DRG,1,Bo3,A,loss,"[['Haven', 7, 5, 2], ['Ascent', 13, 7, 6], ['Sunset', 11, 2, 9]]",31,14,17,VCT 2025: China Stage 2,Group Stage: Week 3,"['DRG Nicc', 'DRG Flex1n', 'DRG vo0kashu', 'DRG Akeman', 'DRG SpiritZ1']",Bind,Corrode,Haven,Sunset,-,Haven,Ascent,Sunset,-,-,https://www.vlr.gg/506946/funplus-phoenix-vs-dragon-ranger-gaming-vct-2025-china-stage-2-w3
Nova Esports,NOVA,1,Bo3,A,loss,"[['Haven', 10, 6, 4], ['Corrode', 13, 6, 7], ['Lotus', 13, 6, 7]]",36,18,18,VCT 2025: China Stage 2,Group Stage: Week 3,"['NOVA GuanG', 'NOVA Ezeir', 'NOVA cb', 'NOVA SWERL', 'NOVA o0o0o']",Sunset,Bind,Haven,Lotus,-,Haven,Corrode,Lotus,-,-,https://www.vlr.gg/506947/nova-esports-vs-all-gamers-vct-2025-china-stage-2-w3
All Gamers,AG,2,Bo3,B,win,"[['Haven', 13, 8, 5], ['Corrode', 9, 3, 6], ['Lotus', 6, 5, 1]]",28,16,12,VCT 2025: China Stage 2,Group Stage: Week 3,"['AG Shr1mp', 'AG HanChe', 'AG deLb', 'AG K1ra', 'AG Spitfires']",Ascent,Icebox,Corrode,Lotus,-,Haven,Corrode,Lotus,-,-,https://www.vlr.gg/506947/nova-esports-vs-all-gamers-vct-2025-china-stage-2-w3
TYLOO,TYL,0,Bo3,A,loss,"[['Corrode', 13, 6, 7], ['Ascent', 13, 7, 6]]",26,13,13,VCT 2025: China Stage 2,Group Stage: Week 3,"['TYL Scales', 'TYL slowly', 'TYL Ninebody', 'TYL Yoyo', 'TYL sword9']",Sunset,Bind,Corrode,Lotus,-,Corrode,Ascent,-,-,-,https://www.vlr.gg/506948/tyloo-vs-edward-gaming-vct-2025-china-stage-2-w3
EDward Gaming,EDG,2,Bo3,B,win,"[['Corrode', 10, 4, 6], ['Ascent', 9, 4, 5]]",19,8,11,VCT 2025: China Stage 2,Group Stage: Week 3,"['EDG nobody', 'EDG Smoggy', 'EDG Jieni7', 'EDG CHICHOO', 'EDG ZmjjKK']",Icebox,Haven,Ascent,Lotus,-,Corrode,Ascent,-,-,-,https://www.vlr.gg/506948/tyloo-vs-edward-gaming-vct-2025-china-stage-2-w3
Titan Esports Club,TEC,1,Bo3,B,loss,"[['Lotus', 9, 5, 4], ['Haven', 13, 5, 8], ['Sunset', 11, 3, 8]]",33,13,20,VCT 2025: China Stage 2,Group Stage: Week 3,"['TEC Coco', 'TEC TvirusLuke', 'TEC Haodong', 'TEC Abo', 'TEC lucas']",Corrode,Ascent,Haven,Sunset,-,Lotus,Haven,Sunset,-,-,https://www.vlr.gg/506949/titan-esports-club-vs-jdg-esports-vct-2025-china-stage-2-w3
JDG Esports,JDG,2,Bo3,A,win,"[['Lotus', 13, 6, 7], ['Haven', 9, 4, 5], ['Sunset', 13, 4, 9]]",35,14,21,VCT 2025: China Stage 2,Group Stage: Week 3,"['JDG jkuro', 'JDG stew', 'JDG Babyblue', 'JDG Z1yan', 'JDG kklin']",Bind,Icebox,Lotus,Sunset,-,Lotus,Haven,Sunset,-,-,https://www.vlr.gg/506949/titan-esports-club-vs-jdg-esports-vct-2025-china-stage-2-w3
Bilibili Gaming,BLG,1,Bo3,B,loss,"[['Haven', 13, 8, 5], ['Icebox', 13, 6, 6], ['Ascent', 6, 4, 2]]",32,18,13,VCT 2025: China Stage 2,Group Stage: Week 3,"['BLG whzy', 'BLG rushia', 'BLG nephh', 'BLG Levius', 'BLG Knight']",Corrode,Bind,Icebox,Ascent,-,Haven,Icebox,Ascent,-,-,https://www.vlr.gg/506950/bilibili-gaming-vs-trace-esports-vct-2025-china-stage-2-w3
Trace Esports,TE,2,Bo3,A,win,"[['Haven', 6, 2, 4], ['Icebox', 15, 6, 6], ['Ascent', 13, 5, 8]]",34,13,18,VCT 2025: China Stage 2,Group Stage: Week 3,"['TE Kai', 'TE FengF', 'TE Biank', 'TE MarT1n', 'TE LuoK1ng']",Lotus,Sunset,Haven,Ascent,-,Haven,Icebox,Ascent,-,-,https://www.vlr.gg/506950/bilibili-gaming-vs-trace-esports-vct-2025-china-stage-2-w3
Wolves Esports,WOL,2,Bo3,B,win,"[['Lotus', 14, 7, 5], ['Icebox', 11, 4, 7], ['Ascent', 13, 5, 8]]",38,16,20,VCT 2025: China Stage 2,Group Stage: Week 3,"['WOL Spring', 'WOL SiuFatBB', 'WOL Lysoar', 'WOL Yuicaw', 'WOL Juicy']",Sunset,Corrode,Icebox,Ascent,-,Lotus,Icebox,Ascent,-,-,https://www.vlr.gg/506951/wolves-esports-vs-dragon-ranger-gaming-vct-2025-china-stage-2-w3
Dragon Ranger Gaming,DRG,1,Bo3,A,loss,"[['Lotus', 12, 7, 5], ['Icebox', 13, 5, 8], ['Ascent', 10, 3, 7]]",35,15,20,VCT 2025: China Stage 2,Group Stage: Week 3,"['DRG Nicc', 'DRG Flex1n', 'DRG vo0kashu', 'DRG SpiritZ1', 'DRG Akeman']",Bind,Haven,Lotus,Ascent,-,Lotus,Icebox,Ascent,-,-,https://www.vlr.gg/506951/wolves-esports-vs-dragon-ranger-gaming-vct-2025-china-stage-2-w3
Xi Lai Gaming,XLG,2,Bo3,A,win,"[['Haven', 8, 6, 2], ['Sunset', 12, 5, 7]]",20,11,9,VCT 2025: China Stage 2,Group Stage: Week 3,"['XLG happywei', 'XLG Rarga', 'XLG Viva', 'XLG NoMan', 'XLG coconut']",Corrode,Icebox,Haven,Ascent,-,Haven,Sunset,-,-,-,https://www.vlr.gg/506952/xi-lai-gaming-vs-funplus-phoenix-vct-2025-china-stage-2-w3
FunPlus Phoenix,FPX,0,Bo3,B,loss,"[['Haven', 13, 10, 3], ['Sunset', 14, 5, 7]]",27,15,10,VCT 2025: China Stage 2,Group Stage: Week 3,"['FPX Life', 'FPX AAAAY', 'FPX yosemite', 'FPX Autumn', 'FPX BerLIN']",Lotus,Bind,Sunset,Ascent,-,Haven,Sunset,-,-,-,https://www.vlr.gg/506952/xi-lai-gaming-vs-funplus-phoenix-vct-2025-china-stage-2-w3
Nova Esports,NOVA,0,Bo3,B,loss,"[['Sunset', 10, 5, 5], ['Haven', 3, 1, 2]]",13,6,7,VCT 2025: China Stage 2,Group Stage: Week 4,"['NOVA Ezeir', 'NOVA SWERL', 'NOVA o0o0o', 'NOVA cb', 'NOVA GuanG']",Lotus,Ascent,Haven,Bind,-,Sunset,Haven,-,-,-,https://www.vlr.gg/506953/nova-esports-vs-xi-lai-gaming-vct-2025-china-stage-2-w4
Xi Lai Gaming,XLG,2,Bo3,A,win,"[['Sunset', 13, 7, 6], ['Haven', 13, 10, 3]]",26,17,9,VCT 2025: China Stage 2,Group Stage: Week 4,"['XLG happywei', 'XLG Viva', 'XLG NoMan', 'XLG Rarga', 'XLG coconut']",Corrode,Icebox,Sunset,Bind,-,Sunset,Haven,-,-,-,https://www.vlr.gg/506953/nova-esports-vs-xi-lai-gaming-vct-2025-china-stage-2-w4
EDward Gaming,EDG,2,Bo3,A,win,"[['Corrode', 5, 4, 1], ['Lotus', 13, 7, 6], ['Haven', 10, 6, 4]]",28,17,11,VCT 2025: China Stage 2,Group Stage: Week 4,"['EDG ZmjjKK', 'EDG Jieni7', 'EDG Smoggy', 'EDG nobody', 'EDG CHICHOO']",Icebox,Ascent,Corrode,Haven,-,Corrode,Lotus,Haven,-,-,https://www.vlr.gg/506954/edward-gaming-vs-jdg-esports-vct-2025-china-stage-2-w4
JDG Esports,JDG,1,Bo3,B,loss,"[['Corrode', 13, 5, 8], ['Lotus', 10, 6, 4], ['Haven', 13, 7, 6]]",36,18,18,VCT 2025: China Stage 2,Group Stage: Week 4,"['JDG stew', 'JDG kklin', 'JDG Z1yan', 'JDG Babyblue', 'JDG jkuro']",Bind,Sunset,Lotus,Haven,-,Corrode,Lotus,Haven,-,-,https://www.vlr.gg/506954/edward-gaming-vs-jdg-esports-vct-2025-china-stage-2-w4
All Gamers,AG,2,Bo3,A,win,"[['Icebox', 12, 6, 6], ['Bind', 8, 3, 5]]",20,9,11,VCT 2025: China Stage 2,Group Stage: Week 4,"['AG K1ra', 'AG Spitfires', 'AG HanChe', 'AG deLb', 'AG Shr1mp']",Ascent,Haven,Icebox,Sunset,-,Icebox,Bind,-,-,-,https://www.vlr.gg/506955/all-gamers-vs-funplus-phoenix-vct-2025-china-stage-2-w4
FunPlus Phoenix,FPX,0,Bo3,B,loss,"[['Icebox', 14, 6, 6], ['Bind', 13, 4, 9]]",27,10,15,VCT 2025: China Stage 2,Group Stage: Week 4,"['FPX yosemite', 'FPX AAAAY', 'FPX BerLIN', 'FPX Autumn', 'FPX Life']",Lotus,Corrode,Bind,Sunset,-,Icebox,Bind,-,-,-,https://www.vlr.gg/506955/all-gamers-vs-funplus-phoenix-vct-2025-china-stage-2-w4
Trace Esports,TE,0,Bo3,A,loss,"[['Sunset', 13, 6, 7], ['Haven', 13, 4, 9]]",26,10,16,VCT 2025: China Stage 2,Group Stage: Week 4,"['TE Kai', 'TE MarT1n', 'TE FengF', 'TE LuoK1ng', 'TE Biank']",Corrode,Bind,Sunset,Lotus,-,Sunset,Haven,-,-,-,https://www.vlr.gg/506956/trace-esports-vs-titan-esports-club-vct-2025-china-stage-2-w4
Titan Esports Club,TEC,2,Bo3,B,win,"[['Sunset', 9, 5, 4], ['Haven', 7, 3, 4]]",16,8,8,VCT 2025: China Stage 2,Group Stage: Week 4,"['TEC Abo', 'TEC lucas', 'TEC Coco', 'TEC Haodong', 'TEC TvirusLuke']",Icebox,Ascent,Haven,Lotus,-,Sunset,Haven,-,-,-,https://www.vlr.gg/506956/trace-esports-vs-titan-esports-club-vct-2025-china-stage-2-w4
Nova Esports,NOVA,2,Bo3,A,win,"[['Haven', 16, 6, 6], ['Corrode', 6, 4, 2], ['Bind', 10, 7, 3]]",32,17,11,VCT 2025: China Stage 2,Group Stage: Week 4,"['NOVA cb', 'NOVA Ezeir', 'NOVA GuanG', 'NOVA SWERL', 'NOVA o0o0o']",Lotus,Ascent,Haven,Bind,-,Haven,Corrode,Bind,-,-,https://www.vlr.gg/506957/nova-esports-vs-wolves-esports-vct-2025-china-stage-2-w4
Wolves Esports,WOL,1,Bo3,B,loss,"[['Haven', 14, 6, 6], ['Corrode', 13, 5, 8], ['Bind', 13, 8, 5]]",40,19,19,VCT 2025: China Stage 2,Group Stage: Week 4,"['WOL Juicy', 'WOL SiuFatBB', 'WOL Lysoar', 'WOL Yuicaw', 'WOL Spring']",Sunset,Icebox,Corrode,Bind,-,Haven,Corrode,Bind,-,-,https://www.vlr.gg/506957/nova-esports-vs-wolves-esports-vct-2025-china-stage-2-w4
Dragon Ranger Gaming,DRG,2,Bo3,A,win,"[['Ascent', 6, 4, 2], ['Haven', 13, 3, 10], ['Lotus', 6, 5, 1]]",25,12,13,VCT 2025: China Stage 2,Group Stage: Week 4,"['DRG vo0kashu', 'DRG SpiritZ1', 'DRG Nicc', 'DRG Akeman', 'DRG Flex1n']",Bind,Sunset,Ascent,Lotus,-,Ascent,Haven,Lotus,-,-,https://www.vlr.gg/506958/dragon-ranger-gaming-vs-xi-lai-gaming-vct-2025-china-stage-2-w4
Xi Lai Gaming,XLG,1,Bo3,B,loss,"[['Ascent', 13, 10, 3], ['Haven', 4, 2, 2], ['Lotus', 13, 11, 2]]",30,23,7,VCT 2025: China Stage 2,Group Stage: Week 4,"['XLG happywei', 'XLG Viva', 'XLG coconut', 'XLG Rarga', 'XLG NoMan']",Corrode,Icebox,Haven,Lotus,-,Ascent,Haven,Lotus,-,-,https://www.vlr.gg/506958/dragon-ranger-gaming-vs-xi-lai-gaming-vct-2025-china-stage-2-w4
TYLOO,TYL,2,Bo3,A,win,"[['Haven', 13, 7, 6], ['Ascent', 5, 3, 2], ['Corrode', 6, 5, 1]]",24,15,9,VCT 2025: China Stage 2,Group Stage: Week 4,"['TYL slowly', 'TYL sword9', 'TYL Ninebody', 'TYL Scales', 'TYL Yoyo']",Sunset,Lotus,Haven,Corrode,-,Haven,Ascent,Corrode,-,-,https://www.vlr.gg/506959/tyloo-vs-jdg-esports-vct-2025-china-stage-2-w4
JDG Esports,JDG,1,Bo3,B,loss,"[['Haven', 7, 2, 5], ['Ascent', 13, 4, 9], ['Corrode', 13, 6, 7]]",33,12,21,VCT 2025: China Stage 2,Group Stage: Week 4,"['JDG stew', 'JDG Babyblue', 'JDG jkuro', 'JDG Z1yan', 'JDG kklin']",Bind,Icebox,Ascent,Corrode,-,Haven,Ascent,Corrode,-,-,https://www.vlr.gg/506959/tyloo-vs-jdg-esports-vct-2025-china-stage-2-w4
Bilibili Gaming,BLG,2,Bo3,A,win,"[['Lotus', 6, 3, 3], ['Sunset', 13, 4, 8]]",19,7,11,VCT 2025: China Stage 2,Group Stage: Week 4,"['BLG whzy', 'BLG nephh', 'BLG Levius', 'BLG rushia', 'BLG Knight']",Ascent,Bind,Lotus,Haven,-,Lotus,Sunset,-,-,-,https://www.vlr.gg/506960/bilibili-gaming-vs-edward-gaming-vct-2025-china-stage-2-w4
EDward Gaming,EDG,0,Bo3,B,loss,"[['Lotus', 13, 4, 9], ['Sunset', 15, 4, 8]]",28,8,17,VCT 2025: China Stage 2,Group Stage: Week 4,"['EDG ZmjjKK', 'EDG nobody', 'EDG Smoggy', 'EDG Jieni7', 'EDG CHICHOO']",Icebox,Corrode,Sunset,Haven,-,Lotus,Sunset,-,-,-,https://www.vlr.gg/506960/bilibili-gaming-vs-edward-gaming-vct-2025-china-stage-2-w4
All Gamers,AG,0,Bo3,A,loss,"[['Lotus', 13, 10, 3], ['Icebox', 13, 6, 7]]",26,16,10,VCT 2025: China Stage 2,Playoffs: Upper Quarterfinals,"['AG Spitfires', 'AG Shr1mp', 'AG HanChe', 'AG deLb', 'AG K1ra']",Ascent,Corrode,Lotus,Haven,-,Lotus,Icebox,-,-,-,https://www.vlr.gg/527577/all-gamers-vs-tyloo-vct-2025-china-stage-2-ubqf
TYLOO,TYL,2,Bo3,B,win,"[['Lotus', 3, 1, 2], ['Icebox', 11, 5, 6]]",14,6,8,VCT 2025: China Stage 2,Playoffs: Upper Quarterfinals,"['TYL Yoyo', 'TYL slowly', 'TYL Ninebody', 'TYL Scales', 'TYL sword9']",Sunset,Bind,Icebox,Haven,-,Lotus,Icebox,-,-,-,https://www.vlr.gg/527577/all-gamers-vs-tyloo-vct-2025-china-stage-2-ubqf
EDward Gaming,EDG,0,Bo3,B,loss,"[['Lotus', 12, 7, 5], ['Corrode', 10, 5, 5]]",22,12,10,VCT 2025: China Stage 2,Playoffs: Upper Quarterfinals,"['EDG ZmjjKK', 'EDG Jieni7', 'EDG Smoggy', 'EDG CHICHOO', 'EDG nobody']",Icebox,Bind,Corrode,Ascent,-,Lotus,Corrode,-,-,-,https://www.vlr.gg/527576/edward-gaming-vs-dragon-ranger-gaming-vct-2025-china-stage-2-ubqf
Dragon Ranger Gaming,DRG,2,Bo3,A,win,"[['Lotus', 14, 7, 5], ['Corrode', 13, 7, 6]]",27,14,11,VCT 2025: China Stage 2,Playoffs: Upper Quarterfinals,"['DRG SpiritZ1', 'DRG Flex1n', 'DRG Nicc', 'DRG vo0kashu', 'DRG Akeman']",Haven,Sunset,Lotus,Ascent,-,Lotus,Corrode,-,-,-,https://www.vlr.gg/527576/edward-gaming-vs-dragon-ranger-gaming-vct-2025-china-stage-2-ubqf
All Gamers,AG,2,Bo3,A,win,"[['Sunset', 10, 4, 6], ['Haven', 13, 11, 2], ['Icebox', 6, 4, 2]]",29,19,10,VCT 2025: China Stage 2,Playoffs: Lower Round 1,"['AG Shr1mp', 'AG Spitfires', 'AG K1ra', 'AG HanChe', 'AG deLb']",Ascent,Corrode,Sunset,Icebox,-,Sunset,Haven,Icebox,-,-,https://www.vlr.gg/527584/all-gamers-vs-funplus-phoenix-vct-2025-china-stage-2-lr1
FunPlus Phoenix,FPX,1,Bo3,B,loss,"[['Sunset', 13, 6, 7], ['Haven', 3, 2, 1], ['Icebox', 13, 5, 8]]",29,13,16,VCT 2025: China Stage 2,Playoffs: Lower Round 1,"['FPX Life', 'FPX BerLIN', 'FPX Autumn', 'FPX yosemite', 'FPX AAAAY']",Lotus,Bind,Haven,Icebox,-,Sunset,Haven,Icebox,-,-,https://www.vlr.gg/527584/all-gamers-vs-funplus-phoenix-vct-2025-china-stage-2-lr1
EDward Gaming,EDG,2,Bo3,B,win,"[['Lotus', 7, 7, 0], ['Sunset', 13, 5, 8], ['Ascent', 13, 4, 9]]",33,16,17,VCT 2025: China Stage 2,Playoffs: Lower Round 1,"['EDG CHICHOO', 'EDG Jieni7', 'EDG nobody', 'EDG Smoggy', 'EDG ZmjjKK']",Icebox,Bind,Sunset,Ascent,-,Lotus,Sunset,Ascent,-,-,https://www.vlr.gg/527583/edward-gaming-vs-trace-esports-vct-2025-china-stage-2-lr1
Trace Esports,TE,1,Bo3,A,loss,"[['Lotus', 13, 8, 5], ['Sunset', 10, 3, 7], ['Ascent', 11, 3, 8]]",34,14,20,VCT 2025: China Stage 2,Playoffs: Lower Round 1,"['TE MarT1n', 'TE Kai', 'TE Biank', 'TE FengF', 'TE LuoK1ng']",Corrode,Haven,Lotus,Ascent,-,Lotus,Sunset,Ascent,-,-,https://www.vlr.gg/527583/edward-gaming-vs-trace-esports-vct-2025-china-stage-2-lr1
Bilibili Gaming,BLG,2,Bo3,A,win,"[['Bind', 7, 4, 3], ['Icebox', 13, 6, 7], ['Lotus', 5, 5, 0]]",25,15,10,VCT 2025: China Stage 2,Playoffs: Upper Semifinals,"['BLG whzy', 'BLG Knight', 'BLG nephh', 'BLG rushia', 'BLG Levius']",Corrode,Ascent,Bind,Lotus,-,Bind,Icebox,Lotus,-,-,https://www.vlr.gg/527580/bilibili-gaming-vs-tyloo-vct-2025-china-stage-2-ubsf
TYLOO,TYL,1,Bo3,B,loss,"[['Bind', 13, 9, 4], ['Icebox', 9, 5, 4], ['Lotus', 13, 6, 7]]",35,20,15,VCT 2025: China Stage 2,Playoffs: Upper Semifinals,"['TYL slowly', 'TYL Ninebody', 'TYL Scales', 'TYL Yoyo', 'TYL sword9']",Sunset,Haven,Icebox,Lotus,-,Bind,Icebox,Lotus,-,-,https://www.vlr.gg/527580/bilibili-gaming-vs-tyloo-vct-2025-china-stage-2-ubsf
Xi Lai Gaming,XLG,1,Bo3,B,loss,"[['Lotus', 12, 6, 6], ['Bind', 13, 4, 9], ['Sunset', 5, 3, 2]]",30,13,17,VCT 2025: China Stage 2,Playoffs: Upper Semifinals,"['XLG happywei', 'XLG Rarga', 'XLG Viva', 'XLG coconut', 'XLG NoMan']",Ascent,Corrode,Bind,Sunset,-,Lotus,Bind,Sunset,-,-,https://www.vlr.gg/527579/xi-lai-gaming-vs-dragon-ranger-gaming-vct-2025-china-stage-2-ubsf
Dragon Ranger Gaming,DRG,2,Bo3,A,win,"[['Lotus', 14, 6, 6], ['Bind', 5, 3, 2], ['Sunset', 13, 10, 3]]",32,19,11,VCT 2025: China Stage 2,Playoffs: Upper Semifinals,"['DRG Flex1n', 'DRG vo0kashu', 'DRG Nicc', 'DRG SpiritZ1', 'DRG Akeman']",Haven,Icebox,Lotus,Sunset,-,Lotus,Bind,Sunset,-,-,https://www.vlr.gg/527579/xi-lai-gaming-vs-dragon-ranger-gaming-vct-2025-china-stage-2-ubsf
TYLOO,TYL,0,Bo3,A,loss,"[['Haven', 13, 9, 4], ['Ascent', 13, 7, 6]]",26,16,10,VCT 2025: China Stage 2,Playoffs: Lower Round 2,"['TYL slowly', 'TYL Scales', 'TYL sword9', 'TYL Yoyo', 'TYL Ninebody']",Sunset,Corrode,Haven,Lotus,-,Haven,Ascent,-,-,-,https://www.vlr.gg/527585/tyloo-vs-edward-gaming-vct-2025-china-stage-2-lr2
EDward Gaming,EDG,2,Bo3,B,win,"[['Haven', 3, 0, 3], ['Ascent', 11, 6, 5]]",14,6,8,VCT 2025: China Stage 2,Playoffs: Lower Round 2,"['EDG ZmjjKK', 'EDG Jieni7', 'EDG nobody', 'EDG CHICHOO', 'EDG Smoggy']",Icebox,Bind,Ascent,Lotus,-,Haven,Ascent,-,-,-,https://www.vlr.gg/527585/tyloo-vs-edward-gaming-vct-2025-china-stage-2-lr2
Xi Lai Gaming,XLG,2,Bo3,A,win,"[['Ascent', 8, 5, 3], ['Icebox', 13, 4, 9], ['Lotus', 1, 0, 1]]",22,9,13,VCT 2025: China Stage 2,Playoffs: Lower Round 2,"['XLG NoMan', 'XLG happywei', 'XLG Viva', 'XLG Rarga', 'XLG coconut']",Corrode,Sunset,Ascent,Lotus,-,Ascent,Icebox,Lotus,-,-,https://www.vlr.gg/527586/xi-lai-gaming-vs-all-gamers-vct-2025-china-stage-2-lr2
All Gamers,AG,1,Bo3,B,loss,"[['Ascent', 13, 9, 4], ['Icebox', 9, 3, 6], ['Lotus', 13, 11, 2]]",35,23,12,VCT 2025: China Stage 2,Playoffs: Lower Round 2,"['AG K1ra', 'AG Shr1mp', 'AG HanChe', 'AG Spitfires', 'AG deLb']",Haven,Bind,Icebox,Lotus,-,Ascent,Icebox,Lotus,-,-,https://www.vlr.gg/527586/xi-lai-gaming-vs-all-gamers-vct-2025-china-stage-2-lr2
Dragon Ranger Gaming,DRG,2,Bo3,B,win,"[['Haven', 13, 5, 8], ['Lotus', 9, 5, 4], ['Sunset', 13, 8, 5]]",35,18,17,VCT 2025: China Stage 2,Playoffs: Upper Final,"['DRG vo0kashu', 'DRG Flex1n', 'DRG SpiritZ1', 'DRG Nicc', 'DRG Akeman']",Bind,Icebox,Lotus,Sunset,-,Haven,Lotus,Sunset,-,-,https://www.vlr.gg/527581/dragon-ranger-gaming-vs-bilibili-gaming-vct-2025-china-stage-2-ubf
Bilibili Gaming,BLG,1,Bo3,A,loss,"[['Haven', 10, 3, 7], ['Lotus', 13, 6, 7], ['Sunset', 11, 7, 4]]",34,16,18,VCT 2025: China Stage 2,Playoffs: Upper Final,"['BLG Knight', 'BLG rushia', 'BLG nephh', 'BLG whzy', 'BLG Levius']",Corrode,Ascent,Haven,Sunset,-,Haven,Lotus,Sunset,-,-,https://www.vlr.gg/527581/dragon-ranger-gaming-vs-bilibili-gaming-vct-2025-china-stage-2-ubf
EDward Gaming,EDG,2,Bo3,B,win,"[['Lotus', 13, 8, 5], ['Corrode', 13, 9, 4]]",26,17,9,VCT 2025: China Stage 2,Playoffs: Lower Round 3,"['EDG Jieni7', 'EDG Smoggy', 'EDG ZmjjKK', 'EDG nobody', 'EDG CHICHOO']",Icebox,Haven,Corrode,Bind,-,Lotus,Corrode,-,-,-,https://www.vlr.gg/527587/edward-gaming-vs-xi-lai-gaming-vct-2025-china-stage-2-lr3
Xi Lai Gaming,XLG,0,Bo3,A,loss,"[['Lotus', 11, 7, 4], ['Corrode', 5, 2, 3]]",16,9,7,VCT 2025: China Stage 2,Playoffs: Lower Round 3,"['XLG Rarga', 'XLG coconut', 'XLG Viva', 'XLG NoMan', 'XLG happywei']",Sunset,Ascent,Lotus,Bind,-,Lotus,Corrode,-,-,-,https://www.vlr.gg/527587/edward-gaming-vs-xi-lai-gaming-vct-2025-china-stage-2-lr3
Bilibili Gaming,BLG,3,Bo5,A,win,"[['Bind', 14, 6, 6], ['Haven', 8, 5, 3], ['Lotus', 10, 4, 6], ['Ascent', 7, 6, 1]]",39,21,16,VCT 2025: China Stage 2,Playoffs: Lower Final,"['BLG nephh', 'BLG rushia', 'BLG whzy', 'BLG Knight', 'BLG Levius']",Corrode,-,Bind,Lotus,Sunset,Bind,Haven,Lotus,Ascent,-,https://www.vlr.gg/527588/bilibili-gaming-vs-edward-gaming-vct-2025-china-stage-2-lbf
EDward Gaming,EDG,1,Bo5,B,loss,"[['Bind', 12, 6, 6], ['Haven', 13, 9, 4], ['Lotus', 13, 5, 8], ['Ascent', 13, 7, 6]]",51,27,24,VCT 2025: China Stage 2,Playoffs: Lower Final,"['EDG Smoggy', 'EDG CHICHOO', 'EDG nobody', 'EDG Jieni7', 'EDG ZmjjKK']",Icebox,-,Haven,Ascent,Sunset,Bind,Haven,Lotus,Ascent,-,https://www.vlr.gg/527588/bilibili-gaming-vs-edward-gaming-vct-2025-china-stage-2-lbf
Dragon Ranger Gaming,DRG,1,Bo5,A,loss,"[['Sunset', 2, 2, 0], ['Haven', 13, 9, 4], ['Corrode', 13, 7, 6], ['Lotus', 13, 5, 8]]",41,23,18,VCT 2025: China Stage 2,Playoffs: Grand Final,"['DRG vo0kashu', 'DRG Flex1n', 'DRG SpiritZ1', 'DRG Nicc', 'DRG Akeman']",Bind,Icebox,Sunset,Corrode,Ascent,Sunset,Haven,Corrode,Lotus,-,https://www.vlr.gg/527582/dragon-ranger-gaming-vs-bilibili-gaming-vct-2025-china-stage-2-gf
Bilibili Gaming,BLG,3,Bo5,B,win,"[['Sunset', 13, 3, 10], ['Haven', 8, 5, 3], ['Corrode', 10, 6, 4], ['Lotus', 9, 4, 5]]",40,18,22,VCT 2025: China Stage 2,Playoffs: Grand Final,"['BLG rushia', 'BLG Knight', 'BLG whzy', 'BLG nephh', 'BLG Levius']",-,-,Haven,Lotus,Ascent,Sunset,Haven,Corrode,Lotus,-,https://www.vlr.gg/527582/dragon-ranger-gaming-vs-bilibili-gaming-vct-2025-china-stage-2-gf
Team Heretics,TH,0,Bo3,B,loss,"[['Pearl', 1, 0, 1], ['Icebox', 9, 7, 2]]",10,7,3,Valorant Masters Toronto 2025,Swiss Stage: Round 1,"['TH Wo0t', 'TH benjyfishy', 'TH RieNs', 'TH Boo', 'TH MiniBoo']",Split,Sunset,Icebox,Lotus,-,Pearl,Icebox,-,-,-,https://www.vlr.gg/490309/team-heretics-vs-paper-rex-champions-tour-2025-masters-toronto-r1
Paper Rex,PRX,2,Bo3,A,win,"[['Pearl', 13, 11, 2], ['Icebox', 13, 8, 5]]",26,19,7,Valorant Masters Toronto 2025,Swiss Stage: Round 1,"['PRX Jinggg', 'PRX f0rsakeN', 'PRX PatMen', 'PRX d4v41', 'PRX something']",Haven,Ascent,Pearl,Lotus,-,Pearl,Icebox,-,-,-,https://www.vlr.gg/490309/team-heretics-vs-paper-rex-champions-tour-2025-masters-toronto-r1
Bilibili Gaming,BLG,2,Bo3,A,win,"[['Icebox', 10, 7, 3], ['Haven', 16, 8, 4], ['Sunset', 10, 5, 5]]",36,20,12,Valorant Masters Toronto 2025,Swiss Stage: Round 1,"['BLG rushia', 'BLG whzy', 'BLG nephh', 'BLG Knight', 'BLG Levius']",Split,Lotus,Icebox,Sunset,-,Icebox,Haven,Sunset,-,-,https://www.vlr.gg/490307/bilibili-gaming-vs-team-liquid-champions-tour-2025-masters-toronto-r1
Team Liquid,TL,1,Bo3,B,loss,"[['Icebox', 13, 8, 5], ['Haven', 14, 8, 4], ['Sunset', 13, 7, 6]]",40,23,15,Valorant Masters Toronto 2025,Swiss Stage: Round 1,"['TL penny', 'TL keiko', 'TL kamo', 'TL Serial', 'TL paTiTek']",Pearl,Ascent,Haven,Sunset,-,Icebox,Haven,Sunset,-,-,https://www.vlr.gg/490307/bilibili-gaming-vs-team-liquid-champions-tour-2025-masters-toronto-r1
Sentinels,SEN,2,Bo3,B,win,"[['Split', 13, 9, 4], ['Lotus', 13, 4, 9]]",26,13,13,Valorant Masters Toronto 2025,Swiss Stage: Round 1,"['SEN N4RRATE', 'SEN johnqt', 'SEN bang', 'SEN zekken', 'SEN Zellsis']",Sunset,Ascent,Lotus,Icebox,-,Split,Lotus,-,-,-,https://www.vlr.gg/490308/sentinels-vs-wolves-esports-champions-tour-2025-masters-toronto-r1
Wolves Esports,WOL,0,Bo3,A,loss,"[['Split', 11, 8, 3], ['Lotus', 8, 3, 5]]",19,11,8,Valorant Masters Toronto 2025,Swiss Stage: Round 1,"['WOL Spring', 'WOL SiuFatBB', 'WOL Juicy', 'WOL Yuicaw', 'WOL Lysoar']",Haven,Pearl,Split,Icebox,-,Split,Lotus,-,-,-,https://www.vlr.gg/490308/sentinels-vs-wolves-esports-champions-tour-2025-masters-toronto-r1
Gen.G,GEN,2,Bo3,B,win,"[['Sunset', 13, 4, 9], ['Haven', 13, 2, 11]]",26,6,20,Valorant Masters Toronto 2025,Swiss Stage: Round 1,"['GEN t3xture', 'GEN Karon', 'GEN Ash', 'GEN Foxy9', 'GEN Munchkin']",Icebox,Split,Haven,Ascent,-,Sunset,Haven,-,-,-,https://www.vlr.gg/490306/gen-g-vs-mibr-champions-tour-2025-masters-toronto-r1
MIBR,MIBR,0,Bo3,A,loss,"[['Sunset', 5, 3, 2], ['Haven', 1, 1, 0]]",6,4,2,Valorant Masters Toronto 2025,Swiss Stage: Round 1,"['MIBR Verno', 'MIBR cortezia', 'MIBR xenom', 'MIBR aspas', 'MIBR artzin']",Lotus,Pearl,Sunset,Ascent,-,Sunset,Haven,-,-,-,https://www.vlr.gg/490306/gen-g-vs-mibr-champions-tour-2025-masters-toronto-r1
Bilibili Gaming,BLG,1,Bo3,A,loss,"[['Icebox', 9, 5, 4], ['Sunset', 13, 6, 7], ['Lotus', 13, 8, 5]]",35,19,16,Valorant Masters Toronto 2025,Swiss Stage: Round 2 (1-0),"['BLG whzy', 'BLG rushia', 'BLG Levius', 'BLG nephh', 'BLG Knight']",Haven,Pearl,Icebox,Lotus,-,Icebox,Sunset,Lotus,-,-,https://www.vlr.gg/490311/bilibili-gaming-vs-sentinels-champions-tour-2025-masters-toronto-r2-1-0
Sentinels,SEN,2,Bo3,B,win,"[['Icebox', 13, 8, 5], ['Sunset', 5, 5, 0], ['Lotus', 9, 7, 2]]",27,20,7,Valorant Masters Toronto 2025,Swiss Stage: Round 2 (1-0),"['SEN zekken', 'SEN Zellsis', 'SEN johnqt', 'SEN bang', 'SEN N4RRATE']",Ascent,Split,Sunset,Lotus,-,Icebox,Sunset,Lotus,-,-,https://www.vlr.gg/490311/bilibili-gaming-vs-sentinels-champions-tour-2025-masters-toronto-r2-1-0
Paper Rex,PRX,0,Bo3,B,loss,"[['Ascent', 11, 7, 4], ['Icebox', 3, 3, 0]]",14,10,4,Valorant Masters Toronto 2025,Swiss Stage: Round 2 (1-0),"['PRX Jinggg', 'PRX PatMen', 'PRX f0rsakeN', 'PRX d4v41', 'PRX something']",Haven,Lotus,Icebox,Split,-,Ascent,Icebox,-,-,-,https://www.vlr.gg/490310/paper-rex-vs-gen-g-champions-tour-2025-masters-toronto-r2-1-0
Gen.G,GEN,2,Bo3,A,win,"[['Ascent', 13, 8, 5], ['Icebox', 13, 4, 9]]",26,12,14,Valorant Masters Toronto 2025,Swiss Stage: Round 2 (1-0),"['GEN t3xture', 'GEN Foxy9', 'GEN Munchkin', 'GEN Karon', 'GEN Ash']",Pearl,Sunset,Ascent,Split,-,Ascent,Icebox,-,-,-,https://www.vlr.gg/490310/paper-rex-vs-gen-g-champions-tour-2025-masters-toronto-r2-1-0
Team Heretics,TH,0,Bo3,B,loss,"[['Pearl', 10, 4, 6], ['Lotus', 9, 4, 5]]",19,8,11,Valorant Masters Toronto 2025,Swiss Stage: Round 2 (0-1),"['TH RieNs', 'TH MiniBoo', 'TH Boo', 'TH Wo0t', 'TH benjyfishy']",Split,Icebox,Lotus,Ascent,-,Pearl,Lotus,-,-,-,https://www.vlr.gg/490312/team-heretics-vs-wolves-esports-valorant-masters-2025-toronto-r2-0-1
Wolves Esports,WOL,2,Bo3,A,win,"[['Pearl', 13, 5, 8], ['Lotus', 13, 7, 6]]",26,12,14,Valorant Masters Toronto 2025,Swiss Stage: Round 2 (0-1),"['WOL Spring', 'WOL Juicy', 'WOL Yuicaw', 'WOL Lysoar', 'WOL SiuFatBB']",Haven,Sunset,Pearl,Ascent,-,Pearl,Lotus,-,-,-,https://www.vlr.gg/490312/team-heretics-vs-wolves-esports-valorant-masters-2025-toronto-r2-0-1
Team Liquid,TL,2,Bo3,B,win,"[['Icebox', 13, 6, 7], ['Sunset', 13, 7, 6]]",26,13,13,Valorant Masters Toronto 2025,Swiss Stage: Round 2 (0-1),"['TL keiko', 'TL nAts', 'TL penny', 'TL Serial', 'TL kamo', 'TL paTiTek']",Pearl,Ascent,Sunset,Split,-,Icebox,Sunset,-,-,-,https://www.vlr.gg/490313/team-liquid-vs-mibr-valorant-masters-2025-toronto-r2-0-1
MIBR,MIBR,0,Bo3,A,loss,"[['Icebox', 6, 5, 1], ['Sunset', 7, 2, 5]]",13,7,6,Valorant Masters Toronto 2025,Swiss Stage: Round 2 (0-1),"['MIBR Verno', 'MIBR xenom', 'MIBR cortezia', 'MIBR artzin', 'MIBR aspas']",Haven,Lotus,Icebox,Split,-,Icebox,Sunset,-,-,-,https://www.vlr.gg/490313/team-liquid-vs-mibr-valorant-masters-2025-toronto-r2-0-1
Bilibili Gaming,BLG,0,Bo3,A,loss,"[['Split', 13, 8, 5], ['Ascent', 13, 6, 7]]",26,14,12,Valorant Masters Toronto 2025,Swiss Stage: Round 3 (1-1),"['BLG whzy', 'BLG Levius', 'BLG nephh', 'BLG Knight', 'BLG rushia']",Haven,Lotus,Ascent,Pearl,-,Ascent,Split,-,-,-,https://www.vlr.gg/490315/bilibili-gaming-vs-wolves-esports-valorant-masters-2025-toronto-r3-1-1
Wolves Esports,WOL,2,Bo3,B,win,"[['Split', 10, 6, 4], ['Ascent', 5, 5, 0]]",15,11,4,Valorant Masters Toronto 2025,Swiss Stage: Round 3 (1-1),"['WOL Spring', 'WOL Lysoar', 'WOL SiuFatBB', 'WOL Yuicaw', 'WOL Juicy']",Icebox,Sunset,Split,Pearl,-,Ascent,Split,-,-,-,https://www.vlr.gg/490315/bilibili-gaming-vs-wolves-esports-valorant-masters-2025-toronto-r3-1-1
Paper Rex,PRX,2,Bo3,A,win,"[['Split', 15, 4, 8], ['Sunset', 5, 0, 5], ['Lotus', 12, 1, 11]]",32,5,24,Valorant Masters Toronto 2025,Swiss Stage: Round 3 (1-1),"['PRX Jinggg', 'PRX f0rsakeN', 'PRX PatMen', 'PRX d4v41', 'PRX something']",Haven,Ascent,Split,Lotus,-,Split,Sunset,Lotus,-,-,https://www.vlr.gg/490314/paper-rex-vs-team-liquid-valorant-masters-toronto-2025-r3-1-1
Team Liquid,TL,1,Bo3,B,loss,"[['Split', 13, 4, 8], ['Sunset', 13, 7, 6], ['Lotus', 14, 1, 11]]",40,12,25,Valorant Masters Toronto 2025,Swiss Stage: Round 3 (1-1),"['TL keiko', 'TL paTiTek', 'TL kamo', 'TL penny', 'TL Serial', 'TL nAts']",Pearl,Icebox,Sunset,Lotus,-,Split,Sunset,Lotus,-,-,https://www.vlr.gg/490314/paper-rex-vs-team-liquid-valorant-masters-toronto-2025-r3-1-1
G2 Esports,G2,0,Bo3,B,loss,"[['Split', 10, 7, 3], ['Lotus', 11, 6, 5]]",21,13,8,Valorant Masters Toronto 2025,Playoffs: Upper Quarterfinals,"['G2 trent', 'G2 jawgemo', 'G2 valyn', 'G2 leaf', 'G2 JonahP']",Sunset,Pearl,Lotus,Icebox,-,Split,Lotus,-,-,-,https://www.vlr.gg/498622/g2-esports-vs-paper-rex-valorant-masters-toronto-2025-ubqf
Paper Rex,PRX,2,Bo3,A,win,"[['Split', 13, 8, 5], ['Lotus', 13, 7, 6]]",26,15,11,Valorant Masters Toronto 2025,Playoffs: Upper Quarterfinals,"['PRX PatMen', 'PRX f0rsakeN', 'PRX Jinggg', 'PRX something', 'PRX d4v41']",Haven,Ascent,Split,Icebox,-,Split,Lotus,-,-,-,https://www.vlr.gg/498622/g2-esports-vs-paper-rex-valorant-masters-toronto-2025-ubqf
Xi Lai Gaming,XLG,0,Bo3,A,loss,"[['Sunset', 13, 8, 5], ['Lotus', 13, 5, 8]]",26,13,13,Valorant Masters Toronto 2025,Playoffs: Upper Quarterfinals,"['XLG happywei', 'XLG Rarga', 'XLG coconut', 'XLG Viva', 'XLG Midi']",Split,Ascent,Sunset,Pearl,-,Sunset,Lotus,-,-,-,https://www.vlr.gg/498621/xi-lai-gaming-vs-sentinels-valorant-masters-toronto-2025-ubqf
Sentinels,SEN,2,Bo3,B,win,"[['Sunset', 6, 2, 4], ['Lotus', 6, 4, 2]]",12,6,6,Valorant Masters Toronto 2025,Playoffs: Upper Quarterfinals,"['SEN zekken', 'SEN johnqt', 'SEN N4RRATE', 'SEN bang', 'SEN Zellsis']",Haven,Icebox,Lotus,Pearl,-,Sunset,Lotus,-,-,-,https://www.vlr.gg/498621/xi-lai-gaming-vs-sentinels-valorant-masters-toronto-2025-ubqf
Rex Regum Qeon,RRQ,0,Bo3,B,loss,"[['Ascent', 11, 7, 4], ['Icebox', 8, 8, 0]]",19,15,4,Valorant Masters Toronto 2025,Playoffs: Upper Quarterfinals,"['RRQ Monyet', 'RRQ Kushy', 'RRQ Jemkin', 'RRQ xffero', 'RRQ crazyguy']",Split,Pearl,Icebox,Lotus,-,Ascent,Icebox,-,-,-,https://www.vlr.gg/498623/rex-regum-qeon-vs-wolves-esports-valorant-masters-toronto-2025-ubqf
Wolves Esports,WOL,2,Bo3,A,win,"[['Ascent', 13, 8, 5], ['Icebox', 13, 9, 4]]",26,17,9,Valorant Masters Toronto 2025,Playoffs: Upper Quarterfinals,"['WOL Juicy', 'WOL Spring', 'WOL Lysoar', 'WOL SiuFatBB', 'WOL Yuicaw']",Haven,Sunset,Ascent,Lotus,-,Ascent,Icebox,-,-,-,https://www.vlr.gg/498623/rex-regum-qeon-vs-wolves-esports-valorant-masters-toronto-2025-ubqf
FNATIC,FNC,1,Bo3,B,loss,"[['Haven', 11, 3, 8], ['Split', 14, 9, 3], ['Sunset', 6, 4, 2]]",31,16,13,Valorant Masters Toronto 2025,Playoffs: Upper Quarterfinals,"['FNC crashies', 'FNC kaajak', 'FNC Alfajer', 'FNC Chronicle', 'FNC Boaster']",Pearl,Ascent,Split,Sunset,-,Haven,Split,Sunset,-,-,https://www.vlr.gg/498624/fnatic-vs-gen-g-valorant-masters-toronto-2025-ubqf
Gen.G,GEN,2,Bo3,A,win,"[['Haven', 13, 4, 9], ['Split', 12, 9, 3], ['Sunset', 13, 5, 8]]",38,18,20,Valorant Masters Toronto 2025,Playoffs: Upper Quarterfinals,"['GEN t3xture', 'GEN Ash', 'GEN Karon', 'GEN Munchkin', 'GEN Foxy9']",Icebox,Lotus,Haven,Sunset,-,Haven,Split,Sunset,-,-,https://www.vlr.gg/498624/fnatic-vs-gen-g-valorant-masters-toronto-2025-ubqf
Xi Lai Gaming,XLG,0,Bo3,A,loss,"[['Icebox', 13, 3, 10], ['Haven', 13, 6, 7]]",26,9,17,Valorant Masters Toronto 2025,Playoffs: Lower Round 1,"['XLG happywei', 'XLG Rarga', 'XLG Viva', 'XLG Midi', 'XLG coconut']",Split,Lotus,Icebox,Pearl,-,Icebox,Haven,-,-,-,https://www.vlr.gg/498629/xi-lai-gaming-vs-g2-esports-valorant-masters-toronto-2025-lr1
G2 Esports,G2,2,Bo3,B,win,"[['Icebox', 3, 2, 1], ['Haven', 8, 5, 3]]",11,7,4,Valorant Masters Toronto 2025,Playoffs: Lower Round 1,"['G2 leaf', 'G2 jawgemo', 'G2 trent', 'G2 JonahP', 'G2 valyn']",Sunset,Ascent,Haven,Pearl,-,Icebox,Haven,-,-,-,https://www.vlr.gg/498629/xi-lai-gaming-vs-g2-esports-valorant-masters-toronto-2025-lr1
Rex Regum Qeon,RRQ,1,Bo3,B,loss,"[['Lotus', 5, 3, 2], ['Haven', 13, 10, 3], ['Ascent', 5, 2, 3]]",23,15,8,Valorant Masters Toronto 2025,Playoffs: Lower Round 1,"['RRQ xffero', 'RRQ Monyet', 'RRQ crazyguy', 'RRQ Kushy', 'RRQ Jemkin']",Split,Icebox,Haven,Ascent,-,Lotus,Haven,Ascent,-,-,https://www.vlr.gg/498630/rex-regum-qeon-vs-fnatic-valorant-masters-toronto-2025-lr1
FNATIC,FNC,2,Bo3,A,win,"[['Lotus', 13, 4, 9], ['Haven', 6, 4, 2], ['Ascent', 13, 9, 4]]",32,17,15,Valorant Masters Toronto 2025,Playoffs: Lower Round 1,"['FNC crashies', 'FNC Chronicle', 'FNC kaajak', 'FNC Alfajer', 'FNC Boaster']",Pearl,Sunset,Lotus,Ascent,-,Lotus,Haven,Ascent,-,-,https://www.vlr.gg/498630/rex-regum-qeon-vs-fnatic-valorant-masters-toronto-2025-lr1
Wolves Esports,WOL,2,Bo3,A,win,"[['Split', 11, 2, 9], ['Sunset', 9, 8, 1]]",20,10,10,Valorant Masters Toronto 2025,Playoffs: Upper Semifinals,"['WOL Spring', 'WOL Lysoar', 'WOL Yuicaw', 'WOL SiuFatBB', 'WOL Juicy']",Haven,Icebox,Split,Lotus,-,Split,Sunset,-,-,-,https://www.vlr.gg/498626/wolves-esports-vs-gen-g-valorant-masters-toronto-2025-ubsf
Gen.G,GEN,0,Bo3,B,loss,"[['Split', 13, 3, 10], ['Sunset', 13, 9, 4]]",26,12,14,Valorant Masters Toronto 2025,Playoffs: Upper Semifinals,"['GEN t3xture', 'GEN Karon', 'GEN Ash', 'GEN Munchkin', 'GEN Foxy9']",Pearl,Ascent,Sunset,Lotus,-,Split,Sunset,-,-,-,https://www.vlr.gg/498626/wolves-esports-vs-gen-g-valorant-masters-toronto-2025-ubsf
Sentinels,SEN,0,Bo3,B,loss,"[['Split', 3, 1, 2], ['Sunset', 11, 4, 7]]",14,5,9,Valorant Masters Toronto 2025,Playoffs: Upper Semifinals,"['SEN N4RRATE', 'SEN zekken', 'SEN bang', 'SEN johnqt', 'SEN Zellsis']",Icebox,Lotus,Sunset,Pearl,-,Split,Sunset,-,-,-,https://www.vlr.gg/498625/sentinels-vs-paper-rex-valorant-masters-toronto-2025-ubsf
Paper Rex,PRX,2,Bo3,A,win,"[['Split', 13, 10, 3], ['Sunset', 13, 5, 8]]",26,15,11,Valorant Masters Toronto 2025,Playoffs: Upper Semifinals,"['PRX Jinggg', 'PRX something', 'PRX d4v41', 'PRX PatMen', 'PRX f0rsakeN']",Haven,Ascent,Split,Pearl,-,Split,Sunset,-,-,-,https://www.vlr.gg/498625/sentinels-vs-paper-rex-valorant-masters-toronto-2025-ubsf
Gen.G,GEN,1,Bo3,B,loss,"[['Lotus', 7, 2, 5], ['Haven', 13, 5, 8], ['Icebox', 11, 8, 3]]",31,15,16,Valorant Masters Toronto 2025,Playoffs: Lower Round 2,"['GEN t3xture', 'GEN Munchkin', 'GEN Ash', 'GEN Karon', 'GEN Foxy9']",Pearl,Ascent,Haven,Icebox,-,Lotus,Haven,Icebox,-,-,https://www.vlr.gg/498631/gen-g-vs-g2-esports-valorant-masters-toronto-2025-lr2
G2 Esports,G2,2,Bo3,A,win,"[['Lotus', 13, 3, 10], ['Haven', 11, 4, 7], ['Icebox', 13, 9, 4]]",37,16,21,Valorant Masters Toronto 2025,Playoffs: Lower Round 2,"['G2 leaf', 'G2 trent', 'G2 jawgemo', 'G2 valyn', 'G2 JonahP']",Sunset,Split,Lotus,Icebox,-,Lotus,Haven,Icebox,-,-,https://www.vlr.gg/498631/gen-g-vs-g2-esports-valorant-masters-toronto-2025-lr2
Sentinels,SEN,1,Bo3,A,loss,"[['Sunset', 9, 4, 5], ['Ascent', 13, 8, 5], ['Icebox', 13, 8, 5]]",35,20,15,Valorant Masters Toronto 2025,Playoffs: Lower Round 2,"['SEN N4RRATE', 'SEN Zellsis', 'SEN bang', 'SEN zekken', 'SEN johnqt']",Split,Haven,Sunset,Icebox,-,Sunset,Ascent,Icebox,-,-,https://www.vlr.gg/498632/sentinels-vs-fnatic-valorant-masters-toronto-2025-lr2
FNATIC,FNC,2,Bo3,B,win,"[['Sunset', 13, 5, 8], ['Ascent', 7, 3, 4], ['Icebox', 9, 7, 2]]",29,15,14,Valorant Masters Toronto 2025,Playoffs: Lower Round 2,"['FNC Alfajer', 'FNC kaajak', 'FNC Chronicle', 'FNC crashies', 'FNC Boaster']",Pearl,Lotus,Ascent,Icebox,-,Sunset,Ascent,Icebox,-,-,https://www.vlr.gg/498632/sentinels-vs-fnatic-valorant-masters-toronto-2025-lr2
Paper Rex,PRX,2,Bo3,A,win,"[['Lotus', 12, 7, 5], ['Ascent', 8, 4, 4]]",20,11,9,Valorant Masters Toronto 2025,Playoffs: Upper Final,"['PRX f0rsakeN', 'PRX d4v41', 'PRX something', 'PRX Jinggg', 'PRX PatMen']",Haven,Pearl,Lotus,Split,-,Lotus,Ascent,-,-,-,https://www.vlr.gg/498627/paper-rex-vs-wolves-esports-valorant-masters-toronto-2025-ubf
Wolves Esports,WOL,0,Bo3,B,loss,"[['Lotus', 14, 7, 5], ['Ascent', 13, 5, 8]]",27,12,13,Valorant Masters Toronto 2025,Playoffs: Upper Final,"['WOL Spring', 'WOL Yuicaw', 'WOL SiuFatBB', 'WOL Juicy', 'WOL Lysoar']",Icebox,Sunset,Ascent,Split,-,Lotus,Ascent,-,-,-,https://www.vlr.gg/498627/paper-rex-vs-wolves-esports-valorant-masters-toronto-2025-ubf
G2 Esports,G2,0,Bo3,A,loss,"[['Lotus', 13, 7, 6], ['Split', 13, 5, 8]]",26,12,14,Valorant Masters Toronto 2025,Playoffs: Lower Round 3,"['G2 trent', 'G2 JonahP', 'G2 leaf', 'G2 valyn', 'G2 jawgemo']",Ascent,Icebox,Lotus,Haven,-,Lotus,Split,-,-,-,https://www.vlr.gg/498633/g2-esports-vs-fnatic-valorant-masters-toronto-2025-lr3
FNATIC,FNC,2,Bo3,B,win,"[['Lotus', 10, 6, 4], ['Split', 10, 3, 7]]",20,9,11,Valorant Masters Toronto 2025,Playoffs: Lower Round 3,"['FNC Alfajer', 'FNC Chronicle', 'FNC kaajak', 'FNC Boaster', 'FNC crashies']",Pearl,Sunset,Split,Haven,-,Lotus,Split,-,-,-,https://www.vlr.gg/498633/g2-esports-vs-fnatic-valorant-masters-toronto-2025-lr3
Wolves Esports,WOL,1,Bo5,B,loss,"[['Split', 9, 7, 2], ['Icebox', 4, 3, 1], ['Lotus', 13, 7, 6], ['Ascent', 5, 4, 1]]",31,21,10,Valorant Masters Toronto 2025,Playoffs: Lower Final,"['WOL Spring', 'WOL Lysoar', 'WOL Juicy', 'WOL SiuFatBB', 'WOL Yuicaw']",Haven,-,Icebox,Ascent,Sunset,Split,Icebox,Lotus,Ascent,-,https://www.vlr.gg/498634/wolves-esports-vs-fnatic-valorant-masters-toronto-2025-lbf
FNATIC,FNC,3,Bo5,A,win,"[['Split', 13, 10, 3], ['Icebox', 13, 4, 9], ['Lotus', 10, 6, 4], ['Ascent', 13, 5, 8]]",49,25,24,Valorant Masters Toronto 2025,Playoffs: Lower Final,"['FNC Alfajer', 'FNC Chronicle', 'FNC crashies', 'FNC Boaster', 'FNC kaajak']",Pearl,-,Split,Lotus,Sunset,Split,Icebox,Lotus,Ascent,-,https://www.vlr.gg/498634/wolves-esports-vs-fnatic-valorant-masters-toronto-2025-lbf
Paper Rex,PRX,3,Bo5,A,win,"[['Sunset', 11, 7, 4], ['Icebox', 17, 6, 6], ['Pearl', 10, 7, 3], ['Lotus', 12, 5, 7]]",50,25,20,Valorant Masters Toronto 2025,Playoffs: Grand Final,"['PRX d4v41', 'PRX f0rsakeN', 'PRX Jinggg', 'PRX PatMen', 'PRX something']",Haven,Ascent,Sunset,Pearl,Split,Sunset,Icebox,Pearl,Lotus,-,https://www.vlr.gg/498628/paper-rex-vs-fnatic-valorant-masters-toronto-2025-gf
FNATIC,FNC,1,Bo5,B,loss,"[['Sunset', 13, 8, 5], ['Icebox', 15, 6, 6], ['Pearl', 13, 8, 5], ['Lotus', 14, 5, 7]]",55,27,23,Valorant Masters Toronto 2025,Playoffs: Grand Final,"['FNC Alfajer', 'FNC Chronicle', 'FNC kaajak', 'FNC crashies', 'FNC Boaster']",-,-,Icebox,Lotus,Split,Sunset,Icebox,Pearl,Lotus,-,https://www.vlr.gg/498628/paper-rex-vs-fnatic-valorant-masters-toronto-2025-gf
Team Vitality,VIT,2,Bo3,A,win,"[['Split', 9, 6, 3], ['Lotus', 2, 0, 2]]",11,6,5,VCT 2025: EMEA Stage 1,Group Stage: Week 1,"['VIT CyvOph', 'VIT Sayf', 'VIT Less', 'VIT Derke', 'VIT Kicks']",Pearl,Ascent,Split,Haven,-,Split,Lotus,-,-,-,https://www.vlr.gg/459826/team-vitality-vs-giantx-champions-tour-2025-emea-stage-1-w1
GIANTX,GX,0,Bo3,B,loss,"[['Split', 13, 9, 4], ['Lotus', 13, 10, 3]]",26,19,7,VCT 2025: EMEA Stage 1,Group Stage: Week 1,"['GX westside', 'GX Cloud', 'GX runneR', 'GX purp0', 'GX tomaszy']",Icebox,Fracture,Lotus,Haven,-,Split,Lotus,-,-,-,https://www.vlr.gg/459826/team-vitality-vs-giantx-champions-tour-2025-emea-stage-1-w1
BBL Esports,BBL,2,Bo3,B,win,"[['Icebox', 3, 3, 0], ['Pearl', 13, 5, 8], ['Fracture', 13, 6, 7]]",29,14,15,VCT 2025: EMEA Stage 1,Group Stage: Week 1,"['BBL LewN', 'BBL MAGNUM', 'BBL sociablEE', 'BBL Jamppi', 'BBL PROFEK']",Lotus,Split,Pearl,Fracture,-,Icebox,Pearl,Fracture,-,-,https://www.vlr.gg/459827/bbl-esports-vs-karmine-corp-champions-tour-2025-emea-stage-1-w1
Karmine Corp,KC,1,Bo3,A,loss,"[['Icebox', 13, 4, 9], ['Pearl', 11, 4, 7], ['Fracture', 8, 5, 3]]",32,13,19,VCT 2025: EMEA Stage 1,Group Stage: Week 1,"['KC marteen', 'KC Elite', 'KC SUYGETSU', 'KC Avez', 'KC saadhak']",Haven,Ascent,Icebox,Fracture,-,Icebox,Pearl,Fracture,-,-,https://www.vlr.gg/459827/bbl-esports-vs-karmine-corp-champions-tour-2025-emea-stage-1-w1
Team Heretics,TH,2,Bo3,A,win,"[['Ascent', 13, 6, 7], ['Split', 8, 6, 2], ['Icebox', 6, 1, 5]]",27,13,14,VCT 2025: EMEA Stage 1,Group Stage: Week 1,"['TH MiniBoo', 'TH RieNs', 'TH Wo0t', 'TH Boo', 'TH benjyfishy']",Pearl,Lotus,Ascent,Icebox,-,Ascent,Split,Icebox,-,-,https://www.vlr.gg/459828/team-heretics-vs-apeks-champions-tour-2025-emea-stage-1-w1
Apeks,APK,1,Bo3,B,loss,"[['Ascent', 5, 5, 0], ['Split', 13, 7, 6], ['Icebox', 13, 7, 6]]",31,19,12,VCT 2025: EMEA Stage 1,Group Stage: Week 1,"['APK AvovA', 'APK MOLSI', 'APK batujnax', 'APK florescent', 'APK Governor']",Fracture,Haven,Split,Icebox,-,Ascent,Split,Icebox,-,-,https://www.vlr.gg/459828/team-heretics-vs-apeks-champions-tour-2025-emea-stage-1-w1
FUT Esports,FUT,2,Bo3,A,win,"[['Pearl', 4, 0, 4], ['Lotus', 12, 3, 9]]",16,3,13,VCT 2025: EMEA Stage 1,Group Stage: Week 1,"['FUT xeus', 'FUT MrFaliN', 'FUT yetujey', 'FUT AtaKaptan', 'FUT qRaxs']",Fracture,Ascent,Pearl,Split,-,Pearl,Lotus,-,-,-,https://www.vlr.gg/459829/fut-esports-vs-koi-champions-tour-2025-emea-stage-1-w1
KOI,MKOI,0,Bo3,B,loss,"[['Pearl', 13, 8, 5], ['Lotus', 14, 3, 9]]",27,11,14,VCT 2025: EMEA Stage 1,Group Stage: Week 1,"['MKOI Filu', 'MKOI sheydos', 'MKOI grubinho', 'MKOI soulcas', 'MKOI flyuh']",Haven,Icebox,Lotus,Split,-,Pearl,Lotus,-,-,-,https://www.vlr.gg/459829/fut-esports-vs-koi-champions-tour-2025-emea-stage-1-w1
FNATIC,FNC,2,Bo3,A,win,"[['Split', 5, 1, 4], ['Fracture', 11, 5, 6]]",16,6,10,VCT 2025: EMEA Stage 1,Group Stage: Week 1,"['FNC crashies', 'FNC Chronicle', 'FNC Boaster', 'FNC kaajak', 'FNC Alfajer']",Pearl,Lotus,Split,Haven,-,Split,Fracture,-,-,-,https://www.vlr.gg/459830/fnatic-vs-natus-vincere-champions-tour-2025-emea-stage-1-w1
Natus Vincere,NAVI,0,Bo3,B,loss,"[['Split', 13, 8, 5], ['Fracture', 13, 6, 7]]",26,14,12,VCT 2025: EMEA Stage 1,Group Stage: Week 1,"['NAVI koalanoob', 'NAVI Shao', 'NAVI Ruxic', 'NAVI hiro', 'NAVI ANGE1']",Ascent,Icebox,Fracture,Haven,-,Split,Fracture,-,-,-,https://www.vlr.gg/459830/fnatic-vs-natus-vincere-champions-tour-2025-emea-stage-1-w1
Team Liquid,TL,1,Bo3,A,loss,"[['Split', 6, 4, 2], ['Haven', 14, 7, 5], ['Icebox', 13, 8, 5]]",33,19,12,VCT 2025: EMEA Stage 1,Group Stage: Week 1,"['TL keiko', 'TL nAts', 'TL paTiTek', 'TL kamo', 'TL Serial']",Pearl,Lotus,Split,Icebox,-,Split,Haven,Icebox,-,-,https://www.vlr.gg/459831/team-liquid-vs-gentle-mates-champions-tour-2025-emea-stage-1-w1
Gentle Mates,M8,2,Bo3,B,win,"[['Split', 13, 5, 8], ['Haven', 12, 7, 5], ['Icebox', 6, 2, 4]]",31,14,17,VCT 2025: EMEA Stage 1,Group Stage: Week 1,"['M8 Minny', 'M8 Zyppan', 'M8 kamyk', 'M8 Kada', 'M8 Click']",Ascent,Fracture,Haven,Icebox,-,Split,Haven,Icebox,-,-,https://www.vlr.gg/459831/team-liquid-vs-gentle-mates-champions-tour-2025-emea-stage-1-w1
Team Liquid,TL,2,Bo3,A,win,"[['Fracture', 7, 3, 4], ['Haven', 13, 5, 8], ['Ascent', 4, 0, 4]]",24,8,16,VCT 2025: EMEA Stage 1,Group Stage: Week 2,"['TL nAts', 'TL keiko', 'TL paTiTek', 'TL Serial', 'TL kamo']",Pearl,Icebox,Fracture,Ascent,-,Fracture,Haven,Ascent,-,-,https://www.vlr.gg/459832/team-liquid-vs-bbl-esports-champions-tour-2025-emea-stage-1-w2
BBL Esports,BBL,1,Bo3,B,loss,"[['Fracture', 13, 4, 9], ['Haven', 4, 4, 0], ['Ascent', 13, 1, 12]]",30,9,21,VCT 2025: EMEA Stage 1,Group Stage: Week 2,"['BBL MAGNUM', 'BBL PROFEK', 'BBL Jamppi', 'BBL sociablEE', 'BBL LewN']",Split,Lotus,Haven,Ascent,-,Fracture,Haven,Ascent,-,-,https://www.vlr.gg/459832/team-liquid-vs-bbl-esports-champions-tour-2025-emea-stage-1-w2
Apeks,APK,1,Bo3,B,loss,"[['Lotus', 13, 7, 6], ['Haven', 11, 7, 4], ['Split', 6, 3, 3]]",30,17,13,VCT 2025: EMEA Stage 1,Group Stage: Week 2,"['APK florescent', 'APK MOLSI', 'APK batujnax', 'APK AvovA', 'APK Governor']",Fracture,Icebox,Haven,Split,-,Lotus,Haven,Split,-,-,https://www.vlr.gg/459833/apeks-vs-natus-vincere-champions-tour-2025-emea-stage-1-w2
Natus Vincere,NAVI,2,Bo3,A,win,"[['Lotus', 10, 5, 5], ['Haven', 13, 8, 5], ['Split', 13, 9, 4]]",36,22,14,VCT 2025: EMEA Stage 1,Group Stage: Week 2,"['NAVI Shao', 'NAVI hiro', 'NAVI Ruxic', 'NAVI koalanoob', 'NAVI ANGE1']",Ascent,Pearl,Lotus,Split,-,Lotus,Haven,Split,-,-,https://www.vlr.gg/459833/apeks-vs-natus-vincere-champions-tour-2025-emea-stage-1-w2
FUT Esports,FUT,2,Bo3,B,win,"[['Icebox', 10, 6, 4], ['Fracture', 18, 4, 8], ['Lotus', 13, 5, 8]]",41,15,20,VCT 2025: EMEA Stage 1,Group Stage: Week 2,"['FUT MrFaliN', 'FUT qRaxs', 'FUT AtaKaptan', 'FUT xeus', 'FUT yetujey']",Haven,Pearl,Fracture,Lotus,-,Icebox,Fracture,Lotus,-,-,https://www.vlr.gg/459834/fut-esports-vs-gentle-mates-champions-tour-2025-emea-stage-1-w2
Gentle Mates,M8,1,Bo3,A,loss,"[['Icebox', 13, 7, 6], ['Fracture', 16, 4, 8], ['Lotus', 4, 4, 0]]",33,15,14,VCT 2025: EMEA Stage 1,Group Stage: Week 2,"['M8 kamyk', 'M8 Kada', 'M8 Minny', 'M8 Zyppan', 'M8 Click']",Ascent,Split,Icebox,Lotus,-,Icebox,Fracture,Lotus,-,-,https://www.vlr.gg/459834/fut-esports-vs-gentle-mates-champions-tour-2025-emea-stage-1-w2
Team Heretics,TH,2,Bo3,B,win,"[['Haven', 13, 9, 4], ['Split', 11, 1, 10], ['Lotus', 13, 5, 8]]",37,15,22,VCT 2025: EMEA Stage 1,Group Stage: Week 2,"['TH Wo0t', 'TH RieNs', 'TH Boo', 'TH MiniBoo', 'TH benjyfishy']",Pearl,Fracture,Split,Lotus,-,Haven,Split,Lotus,-,-,https://www.vlr.gg/459835/team-heretics-vs-giantx-champions-tour-2025-emea-stage-1-w2
GIANTX,GX,1,Bo3,A,loss,"[['Haven', 3, 0, 3], ['Split', 13, 2, 11], ['Lotus', 8, 4, 4]]",24,6,18,VCT 2025: EMEA Stage 1,Group Stage: Week 2,"['GX Cloud', 'GX purp0', 'GX runneR', 'GX tomaszy', 'GX westside']",Icebox,Ascent,Haven,Lotus,-,Haven,Split,Lotus,-,-,https://www.vlr.gg/459835/team-heretics-vs-giantx-champions-tour-2025-emea-stage-1-w2
Team Vitality,VIT,1,Bo3,B,loss,"[['Split', 18, 4, 8], ['Lotus', 6, 2, 4], ['Haven', 10, 9, 1]]",34,15,13,VCT 2025: EMEA Stage 1,Group Stage: Week 2,"['VIT CyvOph', 'VIT Less', 'VIT Kicks', 'VIT Sayf', 'VIT Derke']",Pearl,Ascent,Lotus,Haven,-,Split,Lotus,Haven,-,-,https://www.vlr.gg/459836/team-vitality-vs-fnatic-champions-tour-2025-emea-stage-1-w2
FNATIC,FNC,2,Bo3,A,win,"[['Split', 16, 4, 8], ['Lotus', 13, 8, 5], ['Haven', 13, 10, 3]]",42,22,16,VCT 2025: EMEA Stage 1,Group Stage: Week 2,"['FNC Boaster', 'FNC kaajak', 'FNC Chronicle', 'FNC crashies', 'FNC Alfajer']",Icebox,Fracture,Split,Haven,-,Split,Lotus,Haven,-,-,https://www.vlr.gg/459836/team-vitality-vs-fnatic-champions-tour-2025-emea-stage-1-w2
KOI,MKOI,0,Bo3,A,loss,"[['Lotus', 13, 10, 3], ['Icebox', 14, 6, 6]]",27,16,9,VCT 2025: EMEA Stage 1,Group Stage: Week 2,"['MKOI flyuh', 'MKOI grubinho', 'MKOI soulcas', 'MKOI sheydos', 'MKOI Filu']",Pearl,Haven,Lotus,Ascent,-,Lotus,Icebox,-,-,-,https://www.vlr.gg/459837/koi-vs-karmine-corp-champions-tour-2025-emea-stage-1-w2
Karmine Corp,KC,2,Bo3,B,win,"[['Lotus', 2, 0, 2], ['Icebox', 12, 6, 6]]",14,6,8,VCT 2025: EMEA Stage 1,Group Stage: Week 2,"['KC Avez', 'KC Elite', 'KC marteen', 'KC saadhak', 'KC SUYGETSU']",Fracture,Split,Icebox,Ascent,-,Lotus,Icebox,-,-,-,https://www.vlr.gg/459837/koi-vs-karmine-corp-champions-tour-2025-emea-stage-1-w2
KOI,MKOI,0,Bo3,B,loss,"[['Pearl', 6, 1, 5], ['Icebox', 9, 5, 4]]",15,6,9,VCT 2025: EMEA Stage 1,Group Stage: Week 3,"['MKOI Filu', 'MKOI soulcas', 'MKOI sheydos', 'MKOI grubinho', 'MKOI flyuh']",Haven,Ascent,Icebox,Split,-,Pearl,Icebox,-,-,-,https://www.vlr.gg/459839/koi-vs-bbl-esports-champions-tour-2025-emea-stage-1-w3
BBL Esports,BBL,2,Bo3,A,win,"[['Pearl', 13, 7, 6], ['Icebox', 13, 6, 7]]",26,13,13,VCT 2025: EMEA Stage 1,Group Stage: Week 3,"['BBL LewN', 'BBL sociablEE', 'BBL Jamppi', 'BBL MAGNUM', 'BBL PROFEK']",Lotus,Fracture,Pearl,Split,-,Pearl,Icebox,-,-,-,https://www.vlr.gg/459839/koi-vs-bbl-esports-champions-tour-2025-emea-stage-1-w3
Natus Vincere,NAVI,2,Bo3,A,win,"[['Fracture', 13, 6, 7], ['Pearl', 7, 4, 3], ['Split', 0, 0, 0]]",20,10,10,VCT 2025: EMEA Stage 1,Group Stage: Week 3,"['NAVI hiro', 'NAVI Ruxic', 'NAVI Shao', 'NAVI ANGE1', 'NAVI koalanoob']",Ascent,Lotus,Fracture,Split,-,Fracture,Pearl,Split,-,-,https://www.vlr.gg/459840/natus-vincere-vs-giantx-champions-tour-2025-emea-stage-1-w3
GIANTX,GX,1,Bo3,B,loss,"[['Fracture', 9, 3, 6], ['Pearl', 13, 9, 4], ['Split', 13, 1, 12]]",35,13,22,VCT 2025: EMEA Stage 1,Group Stage: Week 3,"['GX westside', 'GX purp0', 'GX Cloud', 'GX runneR', 'GX tomaszy']",Icebox,Haven,Pearl,Split,-,Fracture,Pearl,Split,-,-,https://www.vlr.gg/459840/natus-vincere-vs-giantx-champions-tour-2025-emea-stage-1-w3
Team Liquid,TL,2,Bo3,B,win,"[['Lotus', 13, 2, 11], ['Split', 13, 6, 7]]",26,8,18,VCT 2025: EMEA Stage 1,Group Stage: Week 3,"['TL kamo', 'TL nAts', 'TL Serial', 'TL keiko', 'TL paTiTek']",Pearl,Icebox,Split,Haven,-,Lotus,Split,-,-,-,https://www.vlr.gg/459841/team-liquid-vs-fut-esports-champions-tour-2025-emea-stage-1-w3
FUT Esports,FUT,0,Bo3,A,loss,"[['Lotus', 1, 1, 0], ['Split', 9, 3, 6]]",10,4,6,VCT 2025: EMEA Stage 1,Group Stage: Week 3,"['FUT AtaKaptan', 'FUT xeus', 'FUT MrFaliN', 'FUT yetujey', 'FUT qRaxs']",Fracture,Ascent,Lotus,Haven,-,Lotus,Split,-,-,-,https://www.vlr.gg/459841/team-liquid-vs-fut-esports-champions-tour-2025-emea-stage-1-w3
Team Vitality,VIT,0,Bo3,B,loss,"[['Haven', 10, 6, 4], ['Icebox', 6, 1, 5]]",16,7,9,VCT 2025: EMEA Stage 1,Group Stage: Week 3,"['VIT Sayf', 'VIT Less', 'VIT Derke', 'VIT CyvOph', 'VIT Kicks']",Pearl,Ascent,Icebox,Split,-,Haven,Icebox,-,-,-,https://www.vlr.gg/459842/team-vitality-vs-team-heretics-champions-tour-2025-emea-stage-1-w3
Team Heretics,TH,2,Bo3,A,win,"[['Haven', 13, 7, 6], ['Icebox', 13, 7, 6]]",26,14,12,VCT 2025: EMEA Stage 1,Group Stage: Week 3,"['TH MiniBoo', 'TH Wo0t', 'TH Boo', 'TH RieNs', 'TH benjyfishy']",Fracture,Lotus,Haven,Split,-,Haven,Icebox,-,-,-,https://www.vlr.gg/459842/team-vitality-vs-team-heretics-champions-tour-2025-emea-stage-1-w3
Apeks,APK,0,Bo3,A,loss,"[['Lotus', 13, 9, 4], ['Split', 16, 8, 4]]",29,17,8,VCT 2025: EMEA Stage 1,Group Stage: Week 3,"['APK batujnax', 'APK florescent', 'APK MOLSI', 'APK Governor', 'APK AvovA']",Fracture,Haven,Lotus,Ascent,-,Lotus,Split,-,-,-,https://www.vlr.gg/459843/apeks-vs-fnatic-champions-tour-2025-emea-stage-1-w3
FNATIC,FNC,2,Bo3,B,win,"[['Lotus', 5, 2, 3], ['Split', 14, 8, 4]]",19,10,7,VCT 2025: EMEA Stage 1,Group Stage: Week 3,"['FNC kaajak', 'FNC Chronicle', 'FNC Alfajer', 'FNC crashies', 'FNC Boaster']",Pearl,Icebox,Split,Ascent,-,Lotus,Split,-,-,-,https://www.vlr.gg/459843/apeks-vs-fnatic-champions-tour-2025-emea-stage-1-w3
Karmine Corp,KC,2,Bo3,B,win,"[['Haven', 14, 5, 7], ['Pearl', 13, 3, 10]]",27,8,17,VCT 2025: EMEA Stage 1,Group Stage: Week 3,"['KC marteen', 'KC SUYGETSU', 'KC Avez', 'KC saadhak', 'KC Elite']",Fracture,Ascent,Pearl,Icebox,-,Haven,Pearl,-,-,-,https://www.vlr.gg/459844/karmine-corp-vs-gentle-mates-champions-tour-2025-emea-stage-1-w3
Gentle Mates,M8,0,Bo3,A,loss,"[['Haven', 12, 5, 7], ['Pearl', 2, 2, 0]]",14,7,7,VCT 2025: EMEA Stage 1,Group Stage: Week 3,"['M8 kamyk', 'M8 Click', 'M8 Kada', 'M8 Minny', 'M8 Zyppan']",Lotus,Split,Haven,Icebox,-,Haven,Pearl,-,-,-,https://www.vlr.gg/459844/karmine-corp-vs-gentle-mates-champions-tour-2025-emea-stage-1-w3
Team Vitality,VIT,2,Bo3,B,win,"[['Ascent', 13, 2, 11], ['Lotus', 13, 10, 3]]",26,12,14,VCT 2025: EMEA Stage 1,Group Stage: Week 4,"['VIT Kicks', 'VIT Less', 'VIT CyvOph', 'VIT Derke', 'VIT Sayf']",Pearl,Split,Lotus,Haven,-,Ascent,Lotus,-,-,-,https://www.vlr.gg/459845/team-vitality-vs-apeks-champions-tour-2025-emea-stage-1-w4
Apeks,APK,0,Bo3,A,loss,"[['Ascent', 5, 1, 4], ['Lotus', 10, 9, 1]]",15,10,5,VCT 2025: EMEA Stage 1,Group Stage: Week 4,"['APK MOLSI', 'APK batujnax', 'APK florescent', 'APK AvovA', 'APK Governor']",Fracture,Icebox,Ascent,Haven,-,Ascent,Lotus,-,-,-,https://www.vlr.gg/459845/team-vitality-vs-apeks-champions-tour-2025-emea-stage-1-w4
Team Liquid,TL,2,Bo3,B,win,"[['Split', 13, 8, 5], ['Lotus', 13, 6, 7]]",26,14,12,VCT 2025: EMEA Stage 1,Group Stage: Week 4,"['TL keiko', 'TL kamo', 'TL nAts', 'TL paTiTek', 'TL Serial']",Pearl,Ascent,Split,Icebox,-,Lotus,Split,-,-,-,https://www.vlr.gg/459846/team-liquid-vs-koi-champions-tour-2025-emea-stage-1-w4
KOI,MKOI,0,Bo3,A,loss,"[['Split', 5, 1, 4], ['Lotus', 9, 5, 4]]",14,6,8,VCT 2025: EMEA Stage 1,Group Stage: Week 4,"['MKOI soulcas', 'MKOI sheydos', 'MKOI flyuh', 'MKOI Filu', 'MKOI grubinho']",Haven,Fracture,Lotus,Icebox,-,Lotus,Split,-,-,-,https://www.vlr.gg/459846/team-liquid-vs-koi-champions-tour-2025-emea-stage-1-w4
Gentle Mates,M8,0,Bo3,B,loss,"[['Lotus', 12, 7, 5], ['Haven', 2, 2, 0]]",14,9,5,VCT 2025: EMEA Stage 1,Group Stage: Week 4,"['M8 Kada', 'M8 kamyk', 'M8 Minny', 'M8 Click', 'M8 Zyppan']",Pearl,Split,Haven,Ascent,-,Lotus,Haven,-,-,-,https://www.vlr.gg/459847/gentle-mates-vs-bbl-esports-champions-tour-2025-emea-stage-1-w4
BBL Esports,BBL,2,Bo3,A,win,"[['Lotus', 14, 7, 5], ['Haven', 13, 3, 10]]",27,10,15,VCT 2025: EMEA Stage 1,Group Stage: Week 4,"['BBL sociablEE', 'BBL Jamppi', 'BBL LewN', 'BBL MAGNUM', 'BBL PROFEK']",Icebox,Fracture,Lotus,Ascent,-,Lotus,Haven,-,-,-,https://www.vlr.gg/459847/gentle-mates-vs-bbl-esports-champions-tour-2025-emea-stage-1-w4
GIANTX,GX,1,Bo3,A,loss,"[['Ascent', 10, 5, 5], ['Lotus', 13, 4, 9], ['Haven', 13, 7, 6]]",36,16,20,VCT 2025: EMEA Stage 1,Group Stage: Week 4,"['GX Cloud', 'GX Flickless', 'GX westside', 'GX ara', 'GX purp0']",Split,Icebox,Ascent,Haven,-,Ascent,Lotus,Haven,-,-,https://www.vlr.gg/459848/giantx-vs-fnatic-champions-tour-2025-emea-stage-1-w4
FNATIC,FNC,2,Bo3,B,win,"[['Ascent', 13, 7, 6], ['Lotus', 5, 3, 2], ['Haven', 10, 6, 4]]",28,16,12,VCT 2025: EMEA Stage 1,Group Stage: Week 4,"['FNC kaajak', 'FNC crashies', 'FNC Alfajer', 'FNC Boaster', 'FNC Chronicle']",Pearl,Fracture,Lotus,Haven,-,Ascent,Lotus,Haven,-,-,https://www.vlr.gg/459848/giantx-vs-fnatic-champions-tour-2025-emea-stage-1-w4
Karmine Corp,KC,1,Bo3,B,loss,"[['Lotus', 5, 5, 0], ['Ascent', 11, 3, 8], ['Pearl', 14, 6, 6]]",30,14,14,VCT 2025: EMEA Stage 1,Group Stage: Week 4,"['KC SUYGETSU', 'KC marteen', 'KC saadhak', 'KC Avez', 'KC Elite']",Fracture,Haven,Lotus,Ascent,-,Pearl,Lotus,Ascent,-,-,https://www.vlr.gg/459849/karmine-corp-vs-fut-esports-champions-tour-2025-emea-stage-1-w4
FUT Esports,FUT,2,Bo3,A,win,"[['Lotus', 13, 6, 7], ['Ascent', 13, 4, 9], ['Pearl', 12, 6, 6]]",38,16,22,VCT 2025: EMEA Stage 1,Group Stage: Week 4,"['FUT xeus', 'FUT MrFaliN', 'FUT AtaKaptan', 'FUT qRaxs', 'FUT yetujey']",Icebox,Split,Pearl,Ascent,-,Pearl,Lotus,Ascent,-,-,https://www.vlr.gg/459849/karmine-corp-vs-fut-esports-champions-tour-2025-emea-stage-1-w4
Natus Vincere,NAVI,0,Bo3,B,loss,"[['Haven', 3, 2, 1], ['Pearl', 8, 5, 3]]",11,7,4,VCT 2025: EMEA Stage 1,Group Stage: Week 4,"['NAVI Shao', 'NAVI Ruxic', 'NAVI ANGE1', 'NAVI koalanoob', 'NAVI hiro']",Lotus,Icebox,Pearl,Split,-,Haven,Pearl,-,-,-,https://www.vlr.gg/459850/natus-vincere-vs-team-heretics-champions-tour-2025-emea-stage-1-w4
Team Heretics,TH,2,Bo3,A,win,"[['Haven', 13, 3, 10], ['Pearl', 13, 9, 4]]",26,12,14,VCT 2025: EMEA Stage 1,Group Stage: Week 4,"['TH MiniBoo', 'TH RieNs', 'TH benjyfishy', 'TH Wo0t', 'TH Boo']",Fracture,Ascent,Haven,Split,-,Haven,Pearl,-,-,-,https://www.vlr.gg/459850/natus-vincere-vs-team-heretics-champions-tour-2025-emea-stage-1-w4
BBL Esports,BBL,2,Bo3,A,win,"[['Ascent', 23, 7, 5], ['Icebox', 11, 5, 6]]",34,12,11,VCT 2025: EMEA Stage 1,Group Stage: Week 5,"['BBL PROFEK', 'BBL MAGNUM', 'BBL sociablEE', 'BBL LewN', 'BBL Jamppi']",Lotus,Pearl,Ascent,Fracture,-,Ascent,Icebox,-,-,-,https://www.vlr.gg/459852/bbl-esports-vs-fut-esports-champions-tour-2025-emea-stage-1-w5
FUT Esports,FUT,0,Bo3,B,loss,"[['Ascent', 25, 7, 5], ['Icebox', 13, 6, 7]]",38,13,12,VCT 2025: EMEA Stage 1,Group Stage: Week 5,"['FUT yetujey', 'FUT qRaxs', 'FUT MrFaliN', 'FUT AtaKaptan', 'FUT xeus']",Haven,Split,Icebox,Fracture,-,Ascent,Icebox,-,-,-,https://www.vlr.gg/459852/bbl-esports-vs-fut-esports-champions-tour-2025-emea-stage-1-w5
GIANTX,GX,2,Bo3,B,win,"[['Lotus', 13, 7, 6], ['Ascent', 13, 9, 4]]",26,16,10,VCT 2025: EMEA Stage 1,Group Stage: Week 5,"['GX Cloud', 'GX ara', 'GX westside', 'GX runneR', 'GX Flickless']",Split,Pearl,Ascent,Icebox,-,Lotus,Ascent,-,-,-,https://www.vlr.gg/459853/giantx-vs-apeks-champions-tour-2025-emea-stage-1-w5
Apeks,APK,0,Bo3,A,loss,"[['Lotus', 7, 6, 1], ['Ascent', 9, 6, 3]]",16,12,4,VCT 2025: EMEA Stage 1,Group Stage: Week 5,"['APK florescent', 'APK MOLSI', 'APK AvovA', 'APK batujnax', 'APK Governor']",Fracture,Haven,Lotus,Icebox,-,Lotus,Ascent,-,-,-,https://www.vlr.gg/459853/giantx-vs-apeks-champions-tour-2025-emea-stage-1-w5
Gentle Mates,M8,1,Bo3,A,loss,"[['Split', 11, 6, 5], ['Icebox', 13, 6, 7], ['Fracture', 13, 4, 9]]",37,16,21,VCT 2025: EMEA Stage 1,Group Stage: Week 5,"['M8 Minny', 'M8 kamyk', 'M8 Zyppan', 'M8 Click', 'M8 Kada']",Lotus,Ascent,Split,Fracture,-,Split,Icebox,Fracture,-,-,https://www.vlr.gg/459854/gentle-mates-vs-koi-champions-tour-2025-emea-stage-1-w5
KOI,MKOI,2,Bo3,B,win,"[['Split', 13, 7, 6], ['Icebox', 6, 5, 1], ['Fracture', 9, 1, 8]]",28,13,15,VCT 2025: EMEA Stage 1,Group Stage: Week 5,"['MKOI soulcas', 'MKOI grubinho', 'MKOI Filu', 'MKOI flyuh', 'MKOI sheydos']",Haven,Pearl,Icebox,Fracture,-,Split,Icebox,Fracture,-,-,https://www.vlr.gg/459854/gentle-mates-vs-koi-champions-tour-2025-emea-stage-1-w5
Team Vitality,VIT,0,Bo3,A,loss,"[['Haven', 13, 5, 8], ['Icebox', 13, 8, 5]]",26,13,13,VCT 2025: EMEA Stage 1,Group Stage: Week 5,"['VIT Derke', 'VIT CyvOph', 'VIT Sayf', 'VIT Less', 'VIT Kicks']",Pearl,Split,Haven,Ascent,-,Haven,Icebox,-,-,-,https://www.vlr.gg/459855/team-vitality-vs-natus-vincere-champions-tour-2025-emea-stage-1-w5
Natus Vincere,NAVI,2,Bo3,B,win,"[['Haven', 5, 4, 1], ['Icebox', 11, 7, 4]]",16,11,5,VCT 2025: EMEA Stage 1,Group Stage: Week 5,"['NAVI koalanoob', 'NAVI Ruxic', 'NAVI hiro', 'NAVI ANGE1', 'NAVI Shao']",Lotus,Fracture,Icebox,Ascent,-,Haven,Icebox,-,-,-,https://www.vlr.gg/459855/team-vitality-vs-natus-vincere-champions-tour-2025-emea-stage-1-w5
FNATIC,FNC,0,Bo3,A,loss,"[['Haven', 13, 8, 5], ['Lotus', 13, 5, 8]]",26,13,13,VCT 2025: EMEA Stage 1,Group Stage: Week 5,"['FNC kaajak', 'FNC crashies', 'FNC Chronicle', 'FNC Alfajer', 'FNC Boaster']",Pearl,Ascent,Lotus,Icebox,-,Lotus,Haven,-,-,-,https://www.vlr.gg/459857/fnatic-vs-team-heretics-champions-tour-2025-emea-stage-1-w5
Team Heretics,TH,2,Bo3,B,win,"[['Haven', 5, 1, 4], ['Lotus', 10, 3, 7]]",15,4,11,VCT 2025: EMEA Stage 1,Group Stage: Week 5,"['TH MiniBoo', 'TH Boo', 'TH RieNs', 'TH benjyfishy', 'TH Wo0t']",Split,Fracture,Haven,Icebox,-,Lotus,Haven,-,-,-,https://www.vlr.gg/459857/fnatic-vs-team-heretics-champions-tour-2025-emea-stage-1-w5
BBL Esports,BBL,2,Bo3,A,win,"[['Lotus', 9, 4, 5], ['Fracture', 10, 6, 4]]",19,10,9,VCT 2025: EMEA Stage 1,Playoffs: Upper Round 1,"['BBL sociablEE', 'BBL MAGNUM', 'BBL PROFEK', 'BBL LewN', 'BBL Jamppi']",Split,Icebox,Lotus,Ascent,-,Lotus,Fracture,-,-,-,https://www.vlr.gg/482503/bbl-esports-vs-natus-vincere-champions-tour-2025-emea-stage-1-playoffs-ubr1
Natus Vincere,NAVI,0,Bo3,B,loss,"[['Lotus', 13, 7, 6], ['Fracture', 13, 7, 6]]",26,14,12,VCT 2025: EMEA Stage 1,Playoffs: Upper Round 1,"['NAVI koalanoob', 'NAVI Ruxic', 'NAVI Shao', 'NAVI hiro', 'NAVI ANGE1']",Pearl,Haven,Fracture,Ascent,-,Lotus,Fracture,-,-,-,https://www.vlr.gg/482503/bbl-esports-vs-natus-vincere-champions-tour-2025-emea-stage-1-playoffs-ubr1
FNATIC,FNC,2,Bo3,B,win,"[['Split', 13, 5, 8], ['Lotus', 13, 8, 5]]",26,13,13,VCT 2025: EMEA Stage 1,Playoffs: Upper Round 1,"['FNC Alfajer', 'FNC Chronicle', 'FNC crashies', 'FNC kaajak', 'FNC Boaster']",Pearl,Ascent,Split,Haven,-,Lotus,Split,-,-,-,https://www.vlr.gg/482504/fnatic-vs-fut-esports-champions-tour-2025-emea-stage-1-playoffs-ubr1
FUT Esports,FUT,0,Bo3,A,loss,"[['Split', 8, 4, 4], ['Lotus', 6, 2, 4]]",14,6,8,VCT 2025: EMEA Stage 1,Playoffs: Upper Round 1,"['FUT xeus', 'FUT yetujey', 'FUT MrFaliN', 'FUT qRaxs', 'FUT AtaKaptan']",Icebox,Fracture,Lotus,Haven,-,Lotus,Split,-,-,-,https://www.vlr.gg/482504/fnatic-vs-fut-esports-champions-tour-2025-emea-stage-1-playoffs-ubr1
Natus Vincere,NAVI,2,Bo3,B,win,"[['Icebox', 12, 8, 4], ['Split', 13, 9, 4], ['Ascent', 13, 7, 6]]",38,24,14,VCT 2025: EMEA Stage 1,Playoffs: Lower Round 1,"['NAVI Ruxic', 'NAVI hiro', 'NAVI Shao', 'NAVI koalanoob', 'NAVI ANGE1']",Pearl,Haven,Split,Ascent,-,Icebox,Split,Ascent,-,-,https://www.vlr.gg/482505/natus-vincere-vs-karmine-corp-champions-tour-2025-emea-stage-1-playoffs-lr1
Karmine Corp,KC,1,Bo3,A,loss,"[['Icebox', 14, 8, 4], ['Split', 11, 8, 3], ['Ascent', 11, 6, 5]]",36,22,12,VCT 2025: EMEA Stage 1,Playoffs: Lower Round 1,"['KC marteen', 'KC Elite', 'KC SUYGETSU', 'KC Avez', 'KC saadhak']",Fracture,Lotus,Icebox,Ascent,-,Icebox,Split,Ascent,-,-,https://www.vlr.gg/482505/natus-vincere-vs-karmine-corp-champions-tour-2025-emea-stage-1-playoffs-lr1
FUT Esports,FUT,2,Bo3,A,win,"[['Split', 6, 3, 3], ['Fracture', 7, 6, 1]]",13,9,4,VCT 2025: EMEA Stage 1,Playoffs: Lower Round 1,"['FUT yetujey', 'FUT AtaKaptan', 'FUT xeus', 'FUT qRaxs', 'FUT MrFaliN']",Icebox,Haven,Fracture,Ascent,-,Fracture,Split,-,-,-,https://www.vlr.gg/482506/fut-esports-vs-team-vitality-champions-tour-2025-emea-stage-1-playoffs-lr1
Team Vitality,VIT,0,Bo3,B,loss,"[['Split', 13, 4, 9], ['Fracture', 13, 7, 6]]",26,11,15,VCT 2025: EMEA Stage 1,Playoffs: Lower Round 1,"['VIT CyvOph', 'VIT Derke', 'VIT Less', 'VIT Kicks', 'VIT Sayf']",Pearl,Lotus,Split,Ascent,-,Fracture,Split,-,-,-,https://www.vlr.gg/482506/fut-esports-vs-team-vitality-champions-tour-2025-emea-stage-1-playoffs-lr1
Team Heretics,TH,2,Bo3,B,win,"[['Icebox', 14, 6, 6], ['Ascent', 13, 4, 9]]",27,10,15,VCT 2025: EMEA Stage 1,Playoffs: Upper Semifinals,"['TH benjyfishy', 'TH RieNs', 'TH Boo', 'TH Wo0t', 'TH MiniBoo']",Fracture,Pearl,Icebox,Haven,-,Ascent,Icebox,-,-,-,https://www.vlr.gg/482507/team-heretics-vs-bbl-esports-champions-tour-2025-emea-stage-1-playoffs-ubsf
BBL Esports,BBL,0,Bo3,A,loss,"[['Icebox', 12, 6, 6], ['Ascent', 10, 3, 7]]",22,9,13,VCT 2025: EMEA Stage 1,Playoffs: Upper Semifinals,"['BBL PROFEK', 'BBL Jamppi', 'BBL LewN', 'BBL sociablEE', 'BBL MAGNUM']",Lotus,Split,Ascent,Haven,-,Ascent,Icebox,-,-,-,https://www.vlr.gg/482507/team-heretics-vs-bbl-esports-champions-tour-2025-emea-stage-1-playoffs-ubsf
Team Liquid,TL,1,Bo3,A,loss,"[['Split', 13, 5, 8], ['Icebox', 11, 6, 5], ['Fracture', 14, 8, 4]]",38,19,17,VCT 2025: EMEA Stage 1,Playoffs: Upper Semifinals,"['TL nAts', 'TL keiko', 'TL kamo', 'TL paTiTek', 'TL Serial']",Pearl,Haven,Split,Fracture,-,Split,Icebox,Fracture,-,-,https://www.vlr.gg/482508/team-liquid-vs-fnatic-champions-tour-2025-emea-stage-1-playoffs-ubsf
FNATIC,FNC,2,Bo3,B,win,"[['Split', 10, 3, 7], ['Icebox', 13, 7, 6], ['Fracture', 12, 8, 4]]",35,18,17,VCT 2025: EMEA Stage 1,Playoffs: Upper Semifinals,"['FNC kaajak', 'FNC crashies', 'FNC Chronicle', 'FNC Alfajer', 'FNC Boaster']",Ascent,Lotus,Icebox,Fracture,-,Split,Icebox,Fracture,-,-,https://www.vlr.gg/482508/team-liquid-vs-fnatic-champions-tour-2025-emea-stage-1-playoffs-ubsf
Team Liquid,TL,2,Bo3,B,win,"[['Icebox', 11, 7, 4], ['Split', 13, 9, 4], ['Ascent', 13, 6, 7]]",37,22,15,VCT 2025: EMEA Stage 1,Playoffs: Lower Round 2,"['TL keiko', 'TL Serial', 'TL paTiTek', 'TL nAts', 'TL kamo']",Pearl,Haven,Split,Ascent,-,Icebox,Split,Ascent,-,-,https://www.vlr.gg/482509/team-liquid-vs-natus-vincere-champions-tour-2025-emea-stage-1-playoffs-lr2
Natus Vincere,NAVI,1,Bo3,A,loss,"[['Icebox', 13, 8, 5], ['Split', 4, 1, 3], ['Ascent', 8, 2, 6]]",25,11,14,VCT 2025: EMEA Stage 1,Playoffs: Lower Round 2,"['NAVI Shao', 'NAVI hiro', 'NAVI koalanoob', 'NAVI ANGE1', 'NAVI Ruxic']",Lotus,Fracture,Icebox,Ascent,-,Icebox,Split,Ascent,-,-,https://www.vlr.gg/482509/team-liquid-vs-natus-vincere-champions-tour-2025-emea-stage-1-playoffs-lr2
Team Heretics,TH,0,Bo3,B,loss,"[['Fracture', 6, 5, 1], ['Icebox', 8, 5, 3]]",14,10,4,VCT 2025: EMEA Stage 1,Playoffs: Upper Final,"['TH RieNs', 'TH Boo', 'TH benjyfishy', 'TH MiniBoo', 'TH Wo0t']",Split,Ascent,Icebox,Lotus,-,Fracture,Icebox,-,-,-,https://www.vlr.gg/482515/team-heretics-vs-fnatic-champions-tour-2025-emea-stage-1-playoffs-ubf
FNATIC,FNC,2,Bo3,A,win,"[['Fracture', 13, 6, 7], ['Icebox', 13, 6, 7]]",26,12,14,VCT 2025: EMEA Stage 1,Playoffs: Upper Final,"['FNC kaajak', 'FNC Alfajer', 'FNC Chronicle', 'FNC Boaster', 'FNC crashies']",Pearl,Haven,Fracture,Lotus,-,Fracture,Icebox,-,-,-,https://www.vlr.gg/482515/team-heretics-vs-fnatic-champions-tour-2025-emea-stage-1-playoffs-ubf
Team Liquid,TL,2,Bo3,B,win,"[['Haven', 13, 9, 4], ['Split', 7, 2, 5], ['Fracture', 13, 9, 4]]",33,20,13,VCT 2025: EMEA Stage 1,Playoffs: Lower Round 3,"['TL nAts', 'TL paTiTek', 'TL Serial', 'TL kamo', 'TL keiko']",Pearl,Icebox,Split,Fracture,-,Haven,Split,Fracture,-,-,https://www.vlr.gg/482511/team-liquid-vs-bbl-esports-champions-tour-2025-emea-stage-1-playoffs-lr3
BBL Esports,BBL,1,Bo3,A,loss,"[['Haven', 11, 8, 3], ['Split', 13, 3, 10], ['Fracture', 8, 5, 3]]",32,16,16,VCT 2025: EMEA Stage 1,Playoffs: Lower Round 3,"['BBL PROFEK', 'BBL MAGNUM', 'BBL sociablEE', 'BBL LewN', 'BBL Jamppi']",Lotus,Ascent,Haven,Fracture,-,Haven,Split,Fracture,-,-,https://www.vlr.gg/482511/team-liquid-vs-bbl-esports-champions-tour-2025-emea-stage-1-playoffs-lr3
Team Heretics,TH,3,Bo5,A,win,"[['Haven', 3, 1, 2], ['Ascent', 10, 7, 3], ['Icebox', 2, 0, 2]]",15,8,7,VCT 2025: EMEA Stage 1,Playoffs: Lower Final,"['TH benjyfishy', 'TH Wo0t', 'TH MiniBoo', 'TH RieNs', 'TH Boo']",Fracture,-,Haven,Icebox,Split,Haven,Ascent,Icebox,-,-,https://www.vlr.gg/482512/team-heretics-vs-team-liquid-champions-tour-2025-emea-stage-1-playoffs-lbf
Team Liquid,TL,0,Bo5,B,loss,"[['Haven', 13, 10, 3], ['Ascent', 13, 8, 5], ['Icebox', 13, 10, 3]]",39,28,11,VCT 2025: EMEA Stage 1,Playoffs: Lower Final,"['TL Serial', 'TL paTiTek', 'TL keiko', 'TL kamo', 'TL nAts']",Pearl,-,Ascent,Lotus,Split,Haven,Ascent,Icebox,-,-,https://www.vlr.gg/482512/team-heretics-vs-team-liquid-champions-tour-2025-emea-stage-1-playoffs-lbf
FNATIC,FNC,3,Bo5,A,win,"[['Split', 4, 1, 3], ['Icebox', 9, 2, 7], ['Fracture', 12, 5, 7]]",25,8,17,VCT 2025: EMEA Stage 1,Playoffs: Grand Final,"['FNC kaajak', 'FNC Chronicle', 'FNC Alfajer', 'FNC crashies', 'FNC Boaster']",Pearl,Haven,Split,Fracture,Ascent,Split,Icebox,Fracture,-,-,https://www.vlr.gg/482513/fnatic-vs-team-heretics-champions-tour-2025-emea-stage-1-playoffs-gf
Team Heretics,TH,0,Bo5,B,loss,"[['Split', 13, 9, 4], ['Icebox', 13, 3, 10], ['Fracture', 14, 5, 7]]",40,17,21,VCT 2025: EMEA Stage 1,Playoffs: Grand Final,"['TH Wo0t', 'TH benjyfishy', 'TH MiniBoo', 'TH RieNs', 'TH Boo']",-,-,Icebox,Lotus,Ascent,Split,Icebox,Fracture,-,-,https://www.vlr.gg/482513/fnatic-vs-team-heretics-champions-tour-2025-emea-stage-1-playoffs-gf
DetonatioN FocusMe,DFM,0,Bo3,B,loss,"[['Lotus', 7, 4, 3], ['Pearl', 11, 5, 6]]",18,9,9,VCT 2025: Pacific Stage 1,Group Stage: Week 1,"['DFM Akame', 'DFM Meiy', 'DFM Jinboong', 'DFM gyen', 'DFM Art']",Icebox,Fracture,Pearl,Split,-,Lotus,Pearl,-,-,-,https://www.vlr.gg/458805/detonation-focusme-vs-global-esports-champions-tour-2025-pacific-stage-1-w1
Global Esports,GE,2,Bo3,A,win,"[['Lotus', 13, 9, 4], ['Pearl', 13, 6, 7]]",26,15,11,VCT 2025: Pacific Stage 1,Group Stage: Week 1,"['GE Kr1stal', 'GE kellyS', 'GE Papi', 'GE UdoTan', 'GE yokam']",Ascent,Haven,Lotus,Split,-,Lotus,Pearl,-,-,-,https://www.vlr.gg/458805/detonation-focusme-vs-global-esports-champions-tour-2025-pacific-stage-1-w1
T1,T1,2,Bo3,B,win,"[['Fracture', 13, 7, 6], ['Split', 12, 6, 6], ['Haven', 13, 10, 3]]",38,23,15,VCT 2025: Pacific Stage 1,Group Stage: Week 1,"['T1 Meteor', 'T1 iZu', 'T1 BuZz', 'T1 Sylvan', 'T1 stax']",Ascent,Lotus,Split,Haven,-,Fracture,Split,Haven,-,-,https://www.vlr.gg/458806/t1-vs-zeta-division-champions-tour-2025-pacific-stage-1-w1
ZETA DIVISION,ZETA,1,Bo3,A,loss,"[['Fracture', 7, 6, 1], ['Split', 14, 6, 6], ['Haven', 5, 3, 2]]",26,15,9,VCT 2025: Pacific Stage 1,Group Stage: Week 1,"['ZETA SugarZ3ro', 'ZETA Xdll', 'ZETA Dep', 'ZETA CLZ', 'ZETA SyouTa']",Icebox,Pearl,Fracture,Haven,-,Fracture,Split,Haven,-,-,https://www.vlr.gg/458806/t1-vs-zeta-division-champions-tour-2025-pacific-stage-1-w1
DRX,DRX,2,Bo3,A,win,"[['Haven', 9, 8, 1], ['Icebox', 13, 10, 3], ['Lotus', 7, 5, 2]]",29,23,6,VCT 2025: Pacific Stage 1,Group Stage: Week 1,"['DRX HYUNMIN', 'DRX MaKo', 'DRX BeYN', 'DRX Flashback', 'DRX free1ng']",Pearl,Fracture,Haven,Lotus,-,Haven,Icebox,Lotus,-,-,https://www.vlr.gg/458807/drx-vs-paper-rex-champions-tour-2025-pacific-stage-1-w1
Paper Rex,PRX,1,Bo3,B,loss,"[['Haven', 13, 9, 4], ['Icebox', 10, 9, 1], ['Lotus', 13, 10, 3]]",36,28,8,VCT 2025: Pacific Stage 1,Group Stage: Week 1,"['PRX Jinggg', 'PRX something', 'PRX f0rsakeN', 'PRX d4v41', 'PRX mindfreak']",Ascent,Split,Icebox,Lotus,-,Haven,Icebox,Lotus,-,-,https://www.vlr.gg/458807/drx-vs-paper-rex-champions-tour-2025-pacific-stage-1-w1
TALON,TLN,2,Bo3,B,win,"[['Pearl', 5, 0, 5], ['Fracture', 13, 10, 3], ['Haven', 13, 5, 8]]",31,15,16,VCT 2025: Pacific Stage 1,Group Stage: Week 1,"['TLN thyy', 'TLN Killua', 'TLN primmie', 'TLN JitBoyS', 'TLN Crws']",Lotus,Split,Fracture,Haven,-,Pearl,Fracture,Haven,-,-,https://www.vlr.gg/458808/talon-vs-team-secret-champions-tour-2025-pacific-stage-1-w1
Team Secret,TS,1,Bo3,A,loss,"[['Pearl', 13, 7, 6], ['Fracture', 2, 0, 2], ['Haven', 9, 2, 7]]",24,9,15,VCT 2025: Pacific Stage 1,Group Stage: Week 1,"['TS invy', 'TS Jremy', 'TS Wild0reoo', 'TS 2GE', 'TS JessieVash']",Ascent,Icebox,Pearl,Haven,-,Pearl,Fracture,Haven,-,-,https://www.vlr.gg/458808/talon-vs-team-secret-champions-tour-2025-pacific-stage-1-w1
Gen.G,GEN,0,Bo3,B,loss,"[['Ascent', 8, 5, 3], ['Haven', 15, 7, 5]]",23,12,8,VCT 2025: Pacific Stage 1,Group Stage: Week 1,"['GEN Munchkin', 'GEN t3xture', 'GEN Karon', 'GEN Ash', 'GEN Suggest']",Pearl,Icebox,Haven,Fracture,-,Ascent,Haven,-,-,-,https://www.vlr.gg/458809/gen-g-vs-boom-esports-champions-tour-2025-pacific-stage-1-w1
BOOM Esports,BME,2,Bo3,A,win,"[['Ascent', 13, 9, 4], ['Haven', 17, 7, 5]]",30,16,9,VCT 2025: Pacific Stage 1,Group Stage: Week 1,"['BME dos9', 'BME Famouz', 'BME NcSlasher', 'BME BerserX', 'BME Shiro']",Split,Lotus,Ascent,Fracture,-,Ascent,Haven,-,-,-,https://www.vlr.gg/458809/gen-g-vs-boom-esports-champions-tour-2025-pacific-stage-1-w1
Nongshim RedForce,NS,2,Bo3,B,win,"[['Ascent', 5, 2, 3], ['Split', 13, 4, 9], ['Pearl', 13, 8, 5]]",31,14,17,VCT 2025: Pacific Stage 1,Group Stage: Week 1,"['NS Persia', 'NS Ivy', 'NS Francis', 'NS margaret', 'NS Dambi']",Fracture,Haven,Split,Pearl,-,Ascent,Split,Pearl,-,-,https://www.vlr.gg/458810/nongshim-redforce-vs-rex-regum-qeon-champions-tour-2025-pacific-stage-1-w1
Rex Regum Qeon,RRQ,1,Bo3,A,loss,"[['Ascent', 13, 3, 10], ['Split', 8, 0, 8], ['Pearl', 10, 7, 3]]",31,10,21,VCT 2025: Pacific Stage 1,Group Stage: Week 1,"['RRQ Kushy', 'RRQ Monyet', 'RRQ Jemkin', 'RRQ xffero', 'RRQ crazyguy']",Lotus,Icebox,Ascent,Pearl,-,Ascent,Split,Pearl,-,-,https://www.vlr.gg/458810/nongshim-redforce-vs-rex-regum-qeon-champions-tour-2025-pacific-stage-1-w1
Team Secret,TS,0,Bo3,B,loss,"[['Lotus', 11, 4, 7], ['Icebox', 10, 5, 5]]",21,9,12,VCT 2025: Pacific Stage 1,Group Stage: Week 2,"['TS invy', 'TS JessieVash', 'TS Wild0reoo', 'TS Jremy', 'TS 2GE']",Fracture,Ascent,Icebox,Haven,-,Lotus,Icebox,-,-,-,https://www.vlr.gg/458811/team-secret-vs-zeta-division-champions-tour-2025-pacific-stage-1-w2
ZETA DIVISION,ZETA,2,Bo3,A,win,"[['Lotus', 13, 5, 8], ['Icebox', 13, 7, 6]]",26,12,14,VCT 2025: Pacific Stage 1,Group Stage: Week 2,"['ZETA CLZ', 'ZETA SugarZ3ro', 'ZETA Dep', 'ZETA SyouTa', 'ZETA Xdll']",Pearl,Split,Lotus,Haven,-,Lotus,Icebox,-,-,-,https://www.vlr.gg/458811/team-secret-vs-zeta-division-champions-tour-2025-pacific-stage-1-w2
T1,T1,2,Bo3,A,win,"[['Icebox', 10, 7, 3], ['Split', 11, 8, 3]]",21,15,6,VCT 2025: Pacific Stage 1,Group Stage: Week 2,"['T1 stax', 'T1 iZu', 'T1 Sylvan', 'T1 Meteor', 'T1 BuZz']",Lotus,Pearl,Icebox,Ascent,-,Icebox,Split,-,-,-,https://www.vlr.gg/458812/t1-vs-nongshim-redforce-champions-tour-2025-pacific-stage-1-w2
Nongshim RedForce,NS,0,Bo3,B,loss,"[['Icebox', 13, 8, 5], ['Split', 13, 9, 4]]",26,17,9,VCT 2025: Pacific Stage 1,Group Stage: Week 2,"['NS Persia', 'NS Ivy', 'NS margaret', 'NS Francis', 'NS Dambi']",Haven,Fracture,Split,Ascent,-,Icebox,Split,-,-,-,https://www.vlr.gg/458812/t1-vs-nongshim-redforce-champions-tour-2025-pacific-stage-1-w2
Gen.G,GEN,2,Bo3,A,win,"[['Lotus', 10, 5, 5], ['Fracture', 13, 5, 8], ['Haven', 4, 2, 2]]",27,12,15,VCT 2025: Pacific Stage 1,Group Stage: Week 2,"['GEN Karon', 'GEN t3xture', 'GEN Munchkin', 'GEN Ash', 'GEN Suggest']",Icebox,Split,Lotus,Haven,-,Lotus,Fracture,Haven,-,-,https://www.vlr.gg/458813/gen-g-vs-paper-rex-champions-tour-2025-pacific-stage-1-w2
Paper Rex,PRX,1,Bo3,B,loss,"[['Lotus', 13, 6, 7], ['Fracture', 6, 4, 2], ['Haven', 13, 10, 3]]",32,20,12,VCT 2025: Pacific Stage 1,Group Stage: Week 2,"['PRX f0rsakeN', 'PRX something', 'PRX Jinggg', 'PRX mindfreak', 'PRX d4v41']",Ascent,Pearl,Fracture,Haven,-,Lotus,Fracture,Haven,-,-,https://www.vlr.gg/458813/gen-g-vs-paper-rex-champions-tour-2025-pacific-stage-1-w2
DRX,DRX,2,Bo3,A,win,"[['Lotus', 3, 3, 0], ['Ascent', 8, 2, 6]]",11,5,6,VCT 2025: Pacific Stage 1,Group Stage: Week 2,"['DRX free1ng', 'DRX MaKo', 'DRX HYUNMIN', 'DRX Flashback', 'DRX BeYN']",Pearl,Split,Lotus,Fracture,-,Lotus,Ascent,-,-,-,https://www.vlr.gg/458814/drx-vs-detonation-focusme-champions-tour-2025-pacific-stage-1-w2
DetonatioN FocusMe,DFM,0,Bo3,B,loss,"[['Lotus', 13, 4, 9], ['Ascent', 13, 6, 7]]",26,10,16,VCT 2025: Pacific Stage 1,Group Stage: Week 2,"['DFM Meiy', 'DFM Akame', 'DFM gyen', 'DFM Art', 'DFM Jinboong']",Icebox,Haven,Ascent,Fracture,-,Lotus,Ascent,-,-,-,https://www.vlr.gg/458814/drx-vs-detonation-focusme-champions-tour-2025-pacific-stage-1-w2
TALON,TLN,0,Bo3,A,loss,"[['Lotus', 13, 6, 7], ['Ascent', 13, 8, 5]]",26,14,12,VCT 2025: Pacific Stage 1,Group Stage: Week 2,"['TLN Killua', 'TLN JitBoyS', 'TLN Crws', 'TLN primmie', 'TLN thyy']",Pearl,Icebox,Lotus,Haven,-,Lotus,Ascent,-,-,-,https://www.vlr.gg/458815/talon-vs-rex-regum-qeon-champions-tour-2025-pacific-stage-1-w2
Rex Regum Qeon,RRQ,2,Bo3,B,win,"[['Lotus', 8, 5, 3], ['Ascent', 5, 1, 4]]",13,6,7,VCT 2025: Pacific Stage 1,Group Stage: Week 2,"['RRQ Jemkin', 'RRQ Kushy', 'RRQ xffero', 'RRQ Monyet', 'RRQ crazyguy']",Fracture,Split,Ascent,Haven,-,Lotus,Ascent,-,-,-,https://www.vlr.gg/458815/talon-vs-rex-regum-qeon-champions-tour-2025-pacific-stage-1-w2
BOOM Esports,BME,2,Bo3,B,win,"[['Lotus', 13, 2, 11], ['Haven', 13, 5, 8]]",26,7,19,VCT 2025: Pacific Stage 1,Group Stage: Week 2,"['BME BerserX', 'BME dos9', 'BME NcSlasher', 'BME Famouz', 'BME Shiro']",Split,Pearl,Haven,Fracture,-,Lotus,Haven,-,-,-,https://www.vlr.gg/458816/boom-esports-vs-global-esports-champions-tour-2025-pacific-stage-1-w2
Global Esports,GE,0,Bo3,A,loss,"[['Lotus', 1, 1, 0], ['Haven', 11, 4, 7]]",12,5,7,VCT 2025: Pacific Stage 1,Group Stage: Week 2,"['GE UdoTan', 'GE Kr1stal', 'GE kellyS', 'GE Papi', 'GE yokam']",Ascent,Icebox,Lotus,Fracture,-,Lotus,Haven,-,-,-,https://www.vlr.gg/458816/boom-esports-vs-global-esports-champions-tour-2025-pacific-stage-1-w2
Gen.G,GEN,2,Bo3,A,win,"[['Lotus', 2, 2, 0], ['Fracture', 4, 4, 0]]",6,6,0,VCT 2025: Pacific Stage 1,Group Stage: Week 3,"['GEN Karon', 'GEN Foxy9', 'GEN Ash', 'GEN Munchkin', 'GEN t3xture']",Ascent,Pearl,Lotus,Haven,-,Lotus,Fracture,-,-,-,https://www.vlr.gg/458817/gen-g-vs-detonation-focusme-champions-tour-2025-pacific-stage-1-w3
DetonatioN FocusMe,DFM,0,Bo3,B,loss,"[['Lotus', 13, 3, 10], ['Fracture', 13, 5, 8]]",26,8,18,VCT 2025: Pacific Stage 1,Group Stage: Week 3,"['DFM gyen', 'DFM Akame', 'DFM Jinboong', 'DFM Meiy', 'DFM Art']",Icebox,Split,Fracture,Haven,-,Lotus,Fracture,-,-,-,https://www.vlr.gg/458817/gen-g-vs-detonation-focusme-champions-tour-2025-pacific-stage-1-w3
Rex Regum Qeon,RRQ,2,Bo3,B,win,"[['Split', 13, 6, 7], ['Haven', 13, 8, 5]]",26,14,12,VCT 2025: Pacific Stage 1,Group Stage: Week 3,"['RRQ crazyguy', 'RRQ Kushy', 'RRQ Jemkin', 'RRQ Monyet', 'RRQ xffero']",Lotus,Pearl,Haven,Fracture,-,Split,Haven,-,-,-,https://www.vlr.gg/458818/rex-regum-qeon-vs-zeta-division-champions-tour-2025-pacific-stage-1-w3
ZETA DIVISION,ZETA,0,Bo3,A,loss,"[['Split', 6, 5, 1], ['Haven', 9, 7, 2]]",15,12,3,VCT 2025: Pacific Stage 1,Group Stage: Week 3,"['ZETA Dep', 'ZETA CLZ', 'ZETA SugarZ3ro', 'ZETA SyouTa', 'ZETA Xdll']",Ascent,Icebox,Split,Fracture,-,Split,Haven,-,-,-,https://www.vlr.gg/458818/rex-regum-qeon-vs-zeta-division-champions-tour-2025-pacific-stage-1-w3
Paper Rex,PRX,1,Bo3,A,loss,"[['Ascent', 8, 2, 6], ['Fracture', 13, 7, 6], ['Pearl', 13, 5, 8]]",34,14,20,VCT 2025: Pacific Stage 1,Group Stage: Week 3,"['PRX Jinggg', 'PRX f0rsakeN', 'PRX PatMen', 'PRX something', 'PRX d4v41']",Haven,Icebox,Pearl,Fracture,-,Pearl,Ascent,Fracture,-,-,https://www.vlr.gg/458819/paper-rex-vs-boom-esports-champions-tour-2025-pacific-stage-1-w3
BOOM Esports,BME,2,Bo3,B,win,"[['Ascent', 13, 3, 10], ['Fracture', 9, 4, 5], ['Pearl', 10, 4, 6]]",32,11,21,VCT 2025: Pacific Stage 1,Group Stage: Week 3,"['BME Famouz', 'BME NcSlasher', 'BME dos9', 'BME Shiro', 'BME BerserX']",Split,Lotus,Ascent,Fracture,-,Pearl,Ascent,Fracture,-,-,https://www.vlr.gg/458819/paper-rex-vs-boom-esports-champions-tour-2025-pacific-stage-1-w3
TALON,TLN,2,Bo3,A,win,"[['Haven', 13, 7, 6], ['Lotus', 8, 3, 5], ['Fracture', 6, 2, 4]]",27,12,15,VCT 2025: Pacific Stage 1,Group Stage: Week 3,"['TLN thyy', 'TLN primmie', 'TLN Crws', 'TLN Killua', 'TLN JitBoyS']",Pearl,Split,Haven,Fracture,-,Haven,Lotus,Fracture,-,-,https://www.vlr.gg/458820/talon-vs-nongshim-redforce-champions-tour-2025-pacific-stage-1-w3
Nongshim RedForce,NS,1,Bo3,B,loss,"[['Haven', 5, 0, 5], ['Lotus', 13, 7, 6], ['Fracture', 13, 3, 10]]",31,10,21,VCT 2025: Pacific Stage 1,Group Stage: Week 3,"['NS margaret', 'NS Dambi', 'NS Francis', 'NS Persia', 'NS Ivy']",Ascent,Icebox,Lotus,Fracture,-,Haven,Lotus,Fracture,-,-,https://www.vlr.gg/458820/talon-vs-nongshim-redforce-champions-tour-2025-pacific-stage-1-w3
DRX,DRX,2,Bo3,A,win,"[['Ascent', 3, 0, 3], ['Split', 10, 4, 6]]",13,4,9,VCT 2025: Pacific Stage 1,Group Stage: Week 3,"['DRX Flashback', 'DRX Estrella', 'DRX free1ng', 'DRX MaKo', 'DRX HYUNMIN']",Pearl,Haven,Ascent,Fracture,-,Ascent,Split,-,-,-,https://www.vlr.gg/458821/drx-vs-global-esports-champions-tour-2025-pacific-stage-1-w3
Global Esports,GE,0,Bo3,B,loss,"[['Ascent', 13, 9, 4], ['Split', 13, 6, 7]]",26,15,11,VCT 2025: Pacific Stage 1,Group Stage: Week 3,"['GE Kr1stal', 'GE UdoTan', 'GE Papi', 'GE kellyS', 'GE yokam']",Icebox,Lotus,Split,Fracture,-,Ascent,Split,-,-,-,https://www.vlr.gg/458821/drx-vs-global-esports-champions-tour-2025-pacific-stage-1-w3
T1,T1,2,Bo3,A,win,"[['Haven', 6, 2, 4], ['Icebox', 13, 4, 9], ['Lotus', 8, 7, 1]]",27,13,14,VCT 2025: Pacific Stage 1,Group Stage: Week 3,"['T1 BuZz', 'T1 Sylvan', 'T1 Meteor', 'T1 stax', 'T1 iZu']",Pearl,Split,Haven,Lotus,-,Haven,Icebox,Lotus,-,-,https://www.vlr.gg/458822/t1-vs-team-secret-champions-tour-2025-pacific-stage-1-w3
Team Secret,TS,1,Bo3,B,loss,"[['Haven', 13, 8, 5], ['Icebox', 9, 3, 6], ['Lotus', 13, 8, 5]]",35,19,16,VCT 2025: Pacific Stage 1,Group Stage: Week 3,"['TS invy', 'TS JessieVash', 'TS Jremy', 'TS 2GE', 'TS Wild0reoo']",Fracture,Ascent,Icebox,Lotus,-,Haven,Icebox,Lotus,-,-,https://www.vlr.gg/458822/t1-vs-team-secret-champions-tour-2025-pacific-stage-1-w3
Nongshim RedForce,NS,2,Bo3,A,win,"[['Pearl', 10, 3, 7], ['Split', 3, 3, 0]]",13,6,7,VCT 2025: Pacific Stage 1,Group Stage: Week 4,"['NS Francis', 'NS Persia', 'NS Dambi', 'NS Ivy', 'NS margaret']",Icebox,Fracture,Pearl,Fracture,-,Pearl,Split,-,-,-,https://www.vlr.gg/458823/nongshim-redforce-vs-team-secret-champions-tour-2025-pacific-stage-1-w4
Team Secret,TS,0,Bo3,B,loss,"[['Pearl', 13, 5, 8], ['Split', 13, 4, 9]]",26,9,17,VCT 2025: Pacific Stage 1,Group Stage: Week 4,"['TS invy', 'TS JessieVash', 'TS Jremy', 'TS 2GE', 'TS Wild0reoo']",Haven,Ascent,Split,Fracture,-,Pearl,Split,-,-,-,https://www.vlr.gg/458823/nongshim-redforce-vs-team-secret-champions-tour-2025-pacific-stage-1-w4
DRX,DRX,1,Bo3,A,loss,"[['Icebox', 13, 8, 5], ['Haven', 12, 5, 7], ['Ascent', 13, 8, 5]]",38,21,17,VCT 2025: Pacific Stage 1,Group Stage: Week 4,"['DRX HYUNMIN', 'DRX Estrella', 'DRX BeYN', 'DRX free1ng', 'DRX MaKo']",Pearl,Fracture,Icebox,Ascent,-,Icebox,Haven,Ascent,-,-,https://www.vlr.gg/458824/drx-vs-boom-esports-champions-tour-2025-pacific-stage-1-w4
BOOM Esports,BME,2,Bo3,B,win,"[['Icebox', 8, 4, 4], ['Haven', 14, 5, 7], ['Ascent', 8, 7, 1]]",30,16,12,VCT 2025: Pacific Stage 1,Group Stage: Week 4,"['BME BerserX', 'BME NcSlasher', 'BME Shiro', 'BME dos9', 'BME Famouz']",Split,Lotus,Haven,Ascent,-,Icebox,Haven,Ascent,-,-,https://www.vlr.gg/458824/drx-vs-boom-esports-champions-tour-2025-pacific-stage-1-w4
T1,T1,1,Bo3,A,loss,"[['Pearl', 10, 6, 4], ['Icebox', 13, 7, 6], ['Lotus', 13, 9, 4]]",36,22,14,VCT 2025: Pacific Stage 1,Group Stage: Week 4,"['T1 iZu', 'T1 stax', 'T1 Meteor', 'T1 Sylvan', 'T1 BuZz']",Ascent,Fracture,Pearl,Lotus,-,Pearl,Icebox,Lotus,-,-,https://www.vlr.gg/458825/t1-vs-rex-regum-qeon-champions-tour-2025-pacific-stage-1-w4
Rex Regum Qeon,RRQ,2,Bo3,B,win,"[['Pearl', 13, 7, 6], ['Icebox', 10, 6, 4], ['Lotus', 5, 2, 3]]",28,15,13,VCT 2025: Pacific Stage 1,Group Stage: Week 4,"['RRQ xffero', 'RRQ Jemkin', 'RRQ Monyet', 'RRQ Kushy', 'RRQ crazyguy']",Haven,Split,Icebox,Lotus,-,Pearl,Icebox,Lotus,-,-,https://www.vlr.gg/458825/t1-vs-rex-regum-qeon-champions-tour-2025-pacific-stage-1-w4
Gen.G,GEN,2,Bo3,A,win,"[['Haven', 5, 4, 1], ['Pearl', 7, 4, 3]]",12,8,4,VCT 2025: Pacific Stage 1,Group Stage: Week 4,"['GEN Karon', 'GEN Foxy9', 'GEN Ash', 'GEN Munchkin', 'GEN t3xture']",Split,Fracture,Haven,Ascent,-,Haven,Pearl,-,-,-,https://www.vlr.gg/458826/gen-g-vs-global-esports-champions-tour-2025-pacific-stage-1-w4
Global Esports,GE,0,Bo3,B,loss,"[['Haven', 13, 5, 8], ['Pearl', 13, 5, 8]]",26,10,16,VCT 2025: Pacific Stage 1,Group Stage: Week 4,"['GE Kr1stal', 'GE UdoTan', 'GE kellyS', 'GE Papi', 'GE Deryeon']",Lotus,Icebox,Pearl,Ascent,-,Haven,Pearl,-,-,-,https://www.vlr.gg/458826/gen-g-vs-global-esports-champions-tour-2025-pacific-stage-1-w4
TALON,TLN,0,Bo3,A,loss,"[['Lotus', 13, 4, 9], ['Split', 13, 5, 8]]",26,9,17,VCT 2025: Pacific Stage 1,Group Stage: Week 4,"['TLN primmie', 'TLN Crws', 'TLN Killua', 'TLN JitBoyS', 'TLN thyy']",Pearl,Haven,Lotus,Icebox,-,Lotus,Split,-,-,-,https://www.vlr.gg/458827/talon-vs-zeta-division-champions-tour-2025-pacific-stage-1-w4
ZETA DIVISION,ZETA,2,Bo3,B,win,"[['Lotus', 4, 3, 1], ['Split', 10, 3, 7]]",14,6,8,VCT 2025: Pacific Stage 1,Group Stage: Week 4,"['ZETA SugarZ3ro', 'ZETA Xdll', 'ZETA TenTen', 'ZETA SyouTa', 'ZETA CLZ']",Fracture,Ascent,Split,Icebox,-,Lotus,Split,-,-,-,https://www.vlr.gg/458827/talon-vs-zeta-division-champions-tour-2025-pacific-stage-1-w4
DetonatioN FocusMe,DFM,1,Bo3,A,loss,"[['Ascent', 11, 3, 8], ['Lotus', 13, 3, 10], ['Pearl', 15, 5, 7]]",39,11,25,VCT 2025: Pacific Stage 1,Group Stage: Week 4,"['DFM Akame', 'DFM gyen', 'DFM Jinboong', 'DFM Meiy', 'DFM Art']",Icebox,Split,Ascent,Pearl,-,Ascent,Lotus,Pearl,-,-,https://www.vlr.gg/458828/detonation-focusme-vs-paper-rex-champions-tour-2025-pacific-stage-1-w4
Paper Rex,PRX,2,Bo3,B,win,"[['Ascent', 13, 4, 9], ['Lotus', 7, 2, 5], ['Pearl', 13, 5, 7]]",33,11,21,VCT 2025: Pacific Stage 1,Group Stage: Week 4,"['PRX Jinggg', 'PRX something', 'PRX PatMen', 'PRX d4v41', 'PRX f0rsakeN']",Haven,Fracture,Lotus,Pearl,-,Ascent,Lotus,Pearl,-,-,https://www.vlr.gg/458828/detonation-focusme-vs-paper-rex-champions-tour-2025-pacific-stage-1-w4
Paper Rex,PRX,2,Bo3,B,win,"[['Split', 13, 6, 7], ['Lotus', 13, 6, 7]]",26,12,14,VCT 2025: Pacific Stage 1,Group Stage: Week 5,"['PRX d4v41', 'PRX f0rsakeN', 'PRX Jinggg', 'PRX PatMen', 'PRX something']",Haven,Ascent,Lotus,Pearl,-,Split,Lotus,-,-,-,https://www.vlr.gg/458830/paper-rex-vs-global-esports-champions-tour-2025-pacific-stage-1-w5
Global Esports,GE,0,Bo3,A,loss,"[['Split', 5, 5, 0], ['Lotus', 9, 5, 4]]",14,10,4,VCT 2025: Pacific Stage 1,Group Stage: Week 5,"['GE Deryeon', 'GE UdoTan', 'GE Kr1stal', 'GE Papi', 'GE kellyS']",Fracture,Icebox,Split,Pearl,-,Split,Lotus,-,-,-,https://www.vlr.gg/458830/paper-rex-vs-global-esports-champions-tour-2025-pacific-stage-1-w5
T1,T1,0,Bo3,B,loss,"[['Icebox', 6, 0, 6], ['Haven', 7, 5, 2]]",13,5,8,VCT 2025: Pacific Stage 1,Group Stage: Week 5,"['T1 Meteor', 'T1 BuZz', 'T1 stax', 'T1 Sylvan', 'T1 iZu']",Fracture,Ascent,Haven,Lotus,-,Icebox,Haven,-,-,-,https://www.vlr.gg/458831/t1-vs-talon-champions-tour-2025-pacific-stage-1-w5
TALON,TLN,2,Bo3,A,win,"[['Icebox', 13, 6, 7], ['Haven', 13, 6, 7]]",26,12,14,VCT 2025: Pacific Stage 1,Group Stage: Week 5,"['TLN primmie', 'TLN Killua', 'TLN Crws', 'TLN thyy', 'TLN JitBoyS']",Pearl,Split,Icebox,Lotus,-,Icebox,Haven,-,-,-,https://www.vlr.gg/458831/t1-vs-talon-champions-tour-2025-pacific-stage-1-w5
DRX,DRX,2,Bo3,B,win,"[['Lotus', 8, 6, 2], ['Split', 13, 5, 8], ['Ascent', 13, 4, 9]]",34,15,19,VCT 2025: Pacific Stage 1,Group Stage: Week 5,"['DRX HYUNMIN', 'DRX BeYN', 'DRX MaKo', 'DRX free1ng', 'DRX Estrella']",Pearl,Haven,Split,Ascent,-,Lotus,Split,Ascent,-,-,https://www.vlr.gg/458832/drx-vs-gen-g-champions-tour-2025-pacific-stage-1-w5
Gen.G,GEN,1,Bo3,A,loss,"[['Lotus', 13, 7, 6], ['Split', 10, 4, 6], ['Ascent', 9, 1, 8]]",32,12,20,VCT 2025: Pacific Stage 1,Group Stage: Week 5,"['GEN Foxy9', 'GEN t3xture', 'GEN Ash', 'GEN Karon', 'GEN Munchkin']",Fracture,Icebox,Lotus,Ascent,-,Lotus,Split,Ascent,-,-,https://www.vlr.gg/458832/drx-vs-gen-g-champions-tour-2025-pacific-stage-1-w5
Nongshim RedForce,NS,2,Bo3,B,win,"[['Lotus', 13, 8, 5], ['Pearl', 11, 4, 7], ['Split', 13, 5, 8]]",37,17,20,VCT 2025: Pacific Stage 1,Group Stage: Week 5,"['NS margaret', 'NS Dambi', 'NS Ivy', 'NS Francis', 'NS Persia']",Fracture,Icebox,Pearl,Split,-,Lotus,Pearl,Split,-,-,https://www.vlr.gg/458833/nongshim-redforce-vs-zeta-division-champions-tour-2025-pacific-stage-1-w5
ZETA DIVISION,ZETA,1,Bo3,A,loss,"[['Lotus', 6, 2, 4], ['Pearl', 13, 5, 8], ['Split', 7, 0, 7]]",26,7,19,VCT 2025: Pacific Stage 1,Group Stage: Week 5,"['ZETA Xdll', 'ZETA SugarZ3ro', 'ZETA CLZ', 'ZETA TenTen', 'ZETA SyouTa']",Haven,Ascent,Lotus,Split,-,Lotus,Pearl,Split,-,-,https://www.vlr.gg/458833/nongshim-redforce-vs-zeta-division-champions-tour-2025-pacific-stage-1-w5
DetonatioN FocusMe,DFM,0,Bo3,B,loss,"[['Fracture', 8, 2, 6], ['Ascent', 6, 4, 2]]",14,6,8,VCT 2025: Pacific Stage 1,Group Stage: Week 5,"['DFM Akame', 'DFM Meiy', 'DFM gyen', 'DFM Jinboong', 'DFM Art']",Icebox,Lotus,Ascent,Haven,-,Fracture,Ascent,-,-,-,https://www.vlr.gg/458834/detonation-focusme-vs-boom-esports-champions-tour-2025-pacific-stage-1-w5
BOOM Esports,BME,2,Bo3,A,win,"[['Fracture', 13, 6, 7], ['Ascent', 13, 5, 8]]",26,11,15,VCT 2025: Pacific Stage 1,Group Stage: Week 5,"['BME Shiro', 'BME dos9', 'BME Famouz', 'BME NcSlasher', 'BME BerserX']",Split,Pearl,Fracture,Haven,-,Fracture,Ascent,-,-,-,https://www.vlr.gg/458834/detonation-focusme-vs-boom-esports-champions-tour-2025-pacific-stage-1-w5
Rex Regum Qeon,RRQ,1,Bo3,A,loss,"[['Haven', 13, 9, 3], ['Ascent', 13, 9, 4], ['Lotus', 13, 8, 5]]",39,26,12,VCT 2025: Pacific Stage 1,Group Stage: Week 5,"['RRQ crazyguy', 'RRQ Jemkin', 'RRQ xffero', 'RRQ Kushy', 'RRQ Monyet']",Pearl,Split,Haven,Lotus,-,Haven,Ascent,Lotus,-,-,https://www.vlr.gg/458835/rex-regum-qeon-vs-team-secret-champions-tour-2025-pacific-stage-1-w5
Team Secret,TS,2,Bo3,B,win,"[['Haven', 15, 9, 3], ['Ascent', 5, 2, 3], ['Lotus', 9, 5, 4]]",29,16,10,VCT 2025: Pacific Stage 1,Group Stage: Week 5,"['TS invy', 'TS JessieVash', 'TS Wild0reoo', 'TS 2GE', 'TS Jremy']",Fracture,Icebox,Ascent,Lotus,-,Haven,Ascent,Lotus,-,-,https://www.vlr.gg/458835/rex-regum-qeon-vs-team-secret-champions-tour-2025-pacific-stage-1-w5
TALON,TLN,1,Bo3,B,loss,"[['Haven', 13, 6, 7], ['Icebox', 6, 2, 4], ['Pearl', 3, 1, 2]]",22,9,13,VCT 2025: Pacific Stage 1,Playoffs: Upper Round 1,"['TLN primmie', 'TLN JitBoyS', 'TLN thyy', 'TLN Crws', 'TLN Killua']",Lotus,Split,Icebox,Pearl,-,Haven,Icebox,Pearl,-,-,https://www.vlr.gg/473833/talon-vs-gen-g-champions-tour-2025-pacific-stage-1-ur1
Gen.G,GEN,2,Bo3,A,win,"[['Haven', 6, 5, 1], ['Icebox', 13, 8, 5], ['Pearl', 13, 2, 11]]",32,15,17,VCT 2025: Pacific Stage 1,Playoffs: Upper Round 1,"['GEN t3xture', 'GEN Ash', 'GEN Foxy9', 'GEN Munchkin', 'GEN Karon']",Fracture,Ascent,Haven,Pearl,-,Haven,Icebox,Pearl,-,-,https://www.vlr.gg/473833/talon-vs-gen-g-champions-tour-2025-pacific-stage-1-ur1
DRX,DRX,2,Bo3,B,win,"[['Lotus', 15, 7, 5], ['Fracture', 14, 7, 5]]",29,14,10,VCT 2025: Pacific Stage 1,Playoffs: Upper Round 1,"['DRX MaKo', 'DRX BeYN', 'DRX HYUNMIN', 'DRX free1ng', 'DRX Estrella']",Pearl,Split,Fracture,Haven,-,Lotus,Fracture,-,-,-,https://www.vlr.gg/473834/drx-vs-t1-champions-tour-2025-pacific-stage-1-ur1
T1,T1,0,Bo3,A,loss,"[['Lotus', 13, 7, 5], ['Fracture', 12, 7, 5]]",25,14,10,VCT 2025: Pacific Stage 1,Playoffs: Upper Round 1,"['T1 iZu', 'T1 stax', 'T1 Sylvan', 'T1 BuZz', 'T1 Meteor']",Icebox,Ascent,Lotus,Haven,-,Lotus,Fracture,-,-,-,https://www.vlr.gg/473834/drx-vs-t1-champions-tour-2025-pacific-stage-1-ur1
BOOM Esports,BME,0,Bo3,B,loss,"[['Split', 8, 6, 2], ['Ascent', 6, 0, 6]]",14,6,8,VCT 2025: Pacific Stage 1,Playoffs: Upper Semifinals,"['BME NcSlasher', 'BME dos9', 'BME BerserX', 'BME Shiro', 'BME Famouz']",Lotus,Pearl,Ascent,Haven,-,Split,Ascent,-,-,-,https://www.vlr.gg/473837/boom-esports-vs-gen-g-champions-tour-2025-pacific-stage-1-ubsf
Gen.G,GEN,2,Bo3,A,win,"[['Split', 13, 10, 3], ['Ascent', 13, 1, 12]]",26,11,15,VCT 2025: Pacific Stage 1,Playoffs: Upper Semifinals,"['GEN Karon', 'GEN Munchkin', 'GEN t3xture', 'GEN Ash', 'GEN Foxy9']",Fracture,Icebox,Split,Haven,-,Split,Ascent,-,-,-,https://www.vlr.gg/473837/boom-esports-vs-gen-g-champions-tour-2025-pacific-stage-1-ubsf
Rex Regum Qeon,RRQ,2,Bo3,B,win,"[['Fracture', 11, 5, 6], ['Icebox', 13, 5, 8], ['Lotus', 14, 7, 5]]",38,17,19,VCT 2025: Pacific Stage 1,Playoffs: Upper Semifinals,"['RRQ Jemkin', 'RRQ xffero', 'RRQ crazyguy', 'RRQ Kushy', 'RRQ Monyet']",Split,Ascent,Icebox,Lotus,-,Fracture,Icebox,Lotus,-,-,https://www.vlr.gg/473838/rex-regum-qeon-vs-drx-champions-tour-2025-pacific-stage-1-ubsf
DRX,DRX,1,Bo3,A,loss,"[['Fracture', 13, 6, 7], ['Icebox', 4, 4, 0], ['Lotus', 12, 7, 5]]",29,17,12,VCT 2025: Pacific Stage 1,Playoffs: Upper Semifinals,"['DRX MaKo', 'DRX HYUNMIN', 'DRX free1ng', 'DRX BeYN', 'DRX Estrella']",Pearl,Haven,Fracture,Lotus,-,Fracture,Icebox,Lotus,-,-,https://www.vlr.gg/473838/rex-regum-qeon-vs-drx-champions-tour-2025-pacific-stage-1-ubsf
TALON,TLN,2,Bo3,A,win,"[['Haven', 9, 6, 3], ['Pearl', 13, 9, 4], ['Ascent', 9, 4, 5]]",31,19,12,VCT 2025: Pacific Stage 1,Playoffs: Lower Round 1,"['TLN Killua', 'TLN primmie', 'TLN JitBoyS', 'TLN Crws', 'TLN thyy']",Split,Lotus,Haven,Ascent,-,Haven,Pearl,Ascent,-,-,https://www.vlr.gg/473835/talon-vs-nongshim-redforce-champions-tour-2025-pacific-stage-1-lr1
Nongshim RedForce,NS,1,Bo3,B,loss,"[['Haven', 13, 9, 4], ['Pearl', 7, 4, 3], ['Ascent', 13, 5, 8]]",33,18,15,VCT 2025: Pacific Stage 1,Playoffs: Lower Round 1,"['NS Ivy', 'NS Francis', 'NS Dambi', 'NS Persia', 'NS margaret']",Fracture,Icebox,Pearl,Ascent,-,Haven,Pearl,Ascent,-,-,https://www.vlr.gg/473835/talon-vs-nongshim-redforce-champions-tour-2025-pacific-stage-1-lr1
T1,T1,1,Bo3,B,loss,"[['Fracture', 13, 3, 10], ['Ascent', 4, 4, 0], ['Lotus', 2, 2, 0]]",19,9,10,VCT 2025: Pacific Stage 1,Playoffs: Lower Round 1,"['T1 BuZz', 'T1 Meteor', 'T1 iZu', 'T1 Sylvan', 'T1 stax']",Icebox,Split,Ascent,Lotus,-,Fracture,Ascent,Lotus,-,-,https://www.vlr.gg/473836/t1-vs-paper-rex-champions-tour-2025-pacific-stage-1-lr1
Paper Rex,PRX,2,Bo3,A,win,"[['Fracture', 3, 2, 1], ['Ascent', 13, 5, 8], ['Lotus', 13, 3, 10]]",29,10,19,VCT 2025: Pacific Stage 1,Playoffs: Lower Round 1,"['PRX Jinggg', 'PRX f0rsakeN', 'PRX something', 'PRX PatMen', 'PRX d4v41']",Haven,Pearl,Fracture,Lotus,-,Fracture,Ascent,Lotus,-,-,https://www.vlr.gg/473836/t1-vs-paper-rex-champions-tour-2025-pacific-stage-1-lr1
DRX,DRX,2,Bo3,B,win,"[['Icebox', 13, 9, 4], ['Fracture', 14, 7, 5]]",27,16,9,VCT 2025: Pacific Stage 1,Playoffs: Lower Round 2,"['DRX MaKo', 'DRX BeYN', 'DRX HYUNMIN', 'DRX free1ng', 'DRX Estrella']",Pearl,Haven,Fracture,Lotus,-,Icebox,Fracture,-,-,-,https://www.vlr.gg/473839/drx-vs-talon-champions-tour-2025-pacific-stage-1-lr2
TALON,TLN,0,Bo3,A,loss,"[['Icebox', 4, 1, 3], ['Fracture', 12, 7, 5]]",16,8,8,VCT 2025: Pacific Stage 1,Playoffs: Lower Round 2,"['TLN primmie', 'TLN thyy', 'TLN JitBoyS', 'TLN Killua', 'TLN Crws']",Split,Ascent,Icebox,Lotus,-,Icebox,Fracture,-,-,-,https://www.vlr.gg/473839/drx-vs-talon-champions-tour-2025-pacific-stage-1-lr2
BOOM Esports,BME,0,Bo3,B,loss,"[['Lotus', 5, 3, 2], ['Fracture', 8, 4, 4]]",13,7,6,VCT 2025: Pacific Stage 1,Playoffs: Lower Round 2,"['BME dos9', 'BME NcSlasher', 'BME BerserX', 'BME Famouz', 'BME Shiro']",Split,Icebox,Fracture,Ascent,-,Lotus,Fracture,-,-,-,https://www.vlr.gg/473840/boom-esports-vs-paper-rex-champions-tour-2025-pacific-stage-1-lr2
Paper Rex,PRX,2,Bo3,A,win,"[['Lotus', 13, 4, 9], ['Fracture', 13, 8, 5]]",26,12,14,VCT 2025: Pacific Stage 1,Playoffs: Lower Round 2,"['PRX Jinggg', 'PRX PatMen', 'PRX something', 'PRX f0rsakeN', 'PRX d4v41']",Haven,Pearl,Lotus,Ascent,-,Lotus,Fracture,-,-,-,https://www.vlr.gg/473840/boom-esports-vs-paper-rex-champions-tour-2025-pacific-stage-1-lr2
Gen.G,GEN,2,Bo3,A,win,"[['Lotus', 5, 1, 4], ['Icebox', 8, 5, 3]]",13,6,7,VCT 2025: Pacific Stage 1,Playoffs: Upper Final,"['GEN t3xture', 'GEN Foxy9', 'GEN Ash', 'GEN Karon', 'GEN Munchkin']",Fracture,Pearl,Lotus,Split,-,Lotus,Icebox,-,-,-,https://www.vlr.gg/473841/gen-g-vs-rex-regum-qeon-champions-tour-2025-pacific-stage-1-ubf
Rex Regum Qeon,RRQ,0,Bo3,B,loss,"[['Lotus', 13, 8, 5], ['Icebox', 13, 6, 7]]",26,14,12,VCT 2025: Pacific Stage 1,Playoffs: Upper Final,"['RRQ Jemkin', 'RRQ crazyguy', 'RRQ Kushy', 'RRQ xffero', 'RRQ Monyet']",Haven,Ascent,Icebox,Split,-,Lotus,Icebox,-,-,-,https://www.vlr.gg/473841/gen-g-vs-rex-regum-qeon-champions-tour-2025-pacific-stage-1-ubf
DRX,DRX,0,Bo3,B,loss,"[['Lotus', 11, 5, 6], ['Icebox', 8, 5, 3]]",19,10,9,VCT 2025: Pacific Stage 1,Playoffs: Lower Round 3,"['DRX MaKo', 'DRX HYUNMIN', 'DRX free1ng', 'DRX BeYN', 'DRX Estrella']",Pearl,Split,Icebox,Fracture,-,Lotus,Icebox,-,-,-,https://www.vlr.gg/473842/drx-vs-paper-rex-champions-tour-2025-pacific-stage-1-lr3
Paper Rex,PRX,2,Bo3,A,win,"[['Lotus', 13, 6, 7], ['Icebox', 13, 6, 7]]",26,12,14,VCT 2025: Pacific Stage 1,Playoffs: Lower Round 3,"['PRX f0rsakeN', 'PRX d4v41', 'PRX something', 'PRX PatMen', 'PRX Jinggg']",Haven,Ascent,Lotus,Fracture,-,Lotus,Icebox,-,-,-,https://www.vlr.gg/473842/drx-vs-paper-rex-champions-tour-2025-pacific-stage-1-lr3
Rex Regum Qeon,RRQ,3,Bo5,A,win,"[['Fracture', 13, 10, 3], ['Split', 12, 8, 4], ['Pearl', 12, 6, 6], ['Icebox', 13, 4, 9], ['Ascent', 6, 3, 3]]",56,31,25,VCT 2025: Pacific Stage 1,Playoffs: Lower Final,"['RRQ Jemkin', 'RRQ Kushy', 'RRQ xffero', 'RRQ Monyet', 'RRQ crazyguy']",Lotus,-,Fracture,Pearl,Ascent,Fracture,Split,Pearl,Icebox,Ascent,https://www.vlr.gg/473843/rex-regum-qeon-vs-paper-rex-champions-tour-2025-pacific-stage-1-lbf
Paper Rex,PRX,2,Bo5,B,loss,"[['Fracture', 2, 0, 2], ['Split', 14, 8, 4], ['Pearl', 14, 6, 6], ['Icebox', 3, 3, 0], ['Ascent', 13, 9, 4]]",46,26,16,VCT 2025: Pacific Stage 1,Playoffs: Lower Final,"['PRX f0rsakeN', 'PRX something', 'PRX d4v41', 'PRX Jinggg', 'PRX PatMen']",Haven,-,Split,Icebox,Ascent,Fracture,Split,Pearl,Icebox,Ascent,https://www.vlr.gg/473843/rex-regum-qeon-vs-paper-rex-champions-tour-2025-pacific-stage-1-lbf
Gen.G,GEN,1,Bo5,A,loss,"[['Haven', 8, 4, 4], ['Ascent', 13, 10, 3], ['Lotus', 13, 5, 8], ['Icebox', 13, 6, 7]]",47,25,22,VCT 2025: Pacific Stage 1,Playoffs: Grand Final,"['GEN Munchkin', 'GEN Karon', 'GEN t3xture', 'GEN Foxy9', 'GEN Ash']",Fracture,Pearl,Haven,Lotus,Split,Haven,Ascent,Lotus,Icebox,-,https://www.vlr.gg/473844/gen-g-vs-rex-regum-qeon-champions-tour-2025-pacific-stage-1-gf
Rex Regum Qeon,RRQ,3,Bo5,B,win,"[['Haven', 13, 5, 8], ['Ascent', 11, 9, 2], ['Lotus', 9, 2, 7], ['Icebox', 11, 5, 6]]",44,21,23,VCT 2025: Pacific Stage 1,Playoffs: Grand Final,"['RRQ Jemkin', 'RRQ Monyet', 'RRQ Kushy', 'RRQ xffero', 'RRQ crazyguy']",-,-,Ascent,Icebox,Split,Haven,Ascent,Lotus,Icebox,-,https://www.vlr.gg/473844/gen-g-vs-rex-regum-qeon-champions-tour-2025-pacific-stage-1-gf
Xi Lai Gaming,XLG,1,Bo3,B,loss,"[['Pearl', 13, 8, 5], ['Icebox', 9, 5, 4], ['Fracture', 8, 5, 3]]",30,18,12,VCT 2025: China Stage 1,Group Stage: Week 1,"['XLG Rarga', 'XLG happywei', 'XLG YOU', 'XLG Viva', 'XLG coconut']",Ascent,Haven,Icebox,Fracture,-,Pearl,Icebox,Fracture,-,-,https://www.vlr.gg/450047/xi-lai-gaming-vs-bilibili-gaming-champions-tour-2025-china-stage-1-w1
Bilibili Gaming,BLG,2,Bo3,A,win,"[['Pearl', 8, 4, 4], ['Icebox', 13, 8, 5], ['Fracture', 13, 9, 4]]",34,21,13,VCT 2025: China Stage 1,Group Stage: Week 1,"['BLG whzy', 'BLG nephh', 'BLG rushia', 'BLG Levius', 'BLG Knight']",Lotus,Split,Pearl,Fracture,-,Pearl,Icebox,Fracture,-,-,https://www.vlr.gg/450047/xi-lai-gaming-vs-bilibili-gaming-champions-tour-2025-china-stage-1-w1
Trace Esports,TE,2,Bo3,A,win,"[['Pearl', 11, 9, 2], ['Lotus', 13, 8, 5], ['Split', 1, 1, 0]]",25,18,7,VCT 2025: China Stage 1,Group Stage: Week 1,"['TE Kai', 'TE heybay', 'TE LuoK1ng', 'TE FengF', 'TE Biank']",Icebox,Haven,Pearl,Split,-,Pearl,Lotus,Split,-,-,https://www.vlr.gg/450048/trace-esports-vs-all-gamers-champions-tour-2025-china-stage-1-w1
All Gamers,AG,1,Bo3,B,loss,"[['Pearl', 13, 10, 3], ['Lotus', 11, 7, 4], ['Split', 13, 2, 11]]",37,19,18,VCT 2025: China Stage 1,Group Stage: Week 1,"['AG K1ra', 'AG deLb', 'AG player', 'AG Lsn', 'AG HanChe']",Fracture,Ascent,Lotus,Split,-,Pearl,Lotus,Split,-,-,https://www.vlr.gg/450048/trace-esports-vs-all-gamers-champions-tour-2025-china-stage-1-w1
Dragon Ranger Gaming,DRG,2,Bo3,B,win,"[['Fracture', 13, 9, 4], ['Lotus', 13, 7, 6]]",26,16,10,VCT 2025: China Stage 1,Group Stage: Week 1,"['DRG vo0kashu', 'DRG SpiritZ1', 'DRG Flex1n', 'DRG Nicc', 'DRG Cangshu']",Split,Pearl,Lotus,Haven,-,Fracture,Lotus,-,-,-,https://www.vlr.gg/450049/dragon-ranger-gaming-vs-nova-esports-champions-tour-2025-china-stage-1-w1
Nova Esports,NOVA,0,Bo3,A,loss,"[['Fracture', 6, 3, 3], ['Lotus', 10, 5, 5]]",16,8,8,VCT 2025: China Stage 1,Group Stage: Week 1,"['NOVA Ezeir', 'NOVA GuanG', 'NOVA OBONE', 'NOVA cb', 'NOVA o0o0o']",Ascent,Icebox,Fracture,Haven,-,Fracture,Lotus,-,-,-,https://www.vlr.gg/450049/dragon-ranger-gaming-vs-nova-esports-champions-tour-2025-china-stage-1-w1
TYLOO,TYL,0,Bo3,A,loss,"[['Fracture', 13, 8, 5], ['Haven', 13, 7, 6]]",26,15,11,VCT 2025: China Stage 1,Group Stage: Week 1,"['TYL Ninebody', 'TYL slowly', 'TYL waituu', 'TYL 5CM', 'TYL zjc']",Ascent,Icebox,Fracture,Split,-,Fracture,Haven,-,-,-,https://www.vlr.gg/450050/tyloo-vs-edward-gaming-champions-tour-2025-china-stage-1-w1
EDward Gaming,EDG,2,Bo3,B,win,"[['Fracture', 7, 3, 4], ['Haven', 6, 1, 5]]",13,4,9,VCT 2025: China Stage 1,Group Stage: Week 1,"['EDG ZmjjKK', 'EDG Smoggy', 'EDG CHICHOO', 'EDG nobody', 'EDG S1Mon']",Lotus,Pearl,Haven,Split,-,Fracture,Haven,-,-,-,https://www.vlr.gg/450050/tyloo-vs-edward-gaming-champions-tour-2025-china-stage-1-w1
JDG Esports,JDG,0,Bo3,B,loss,"[['Pearl', 9, 3, 6], ['Haven', 11, 7, 4]]",20,10,10,VCT 2025: China Stage 1,Group Stage: Week 1,"['JDG Babyblue', 'JDG stew', 'JDG jkuro', 'JDG Z1yan', 'JDG MrCANI']",Ascent,Fracture,Haven,Split,-,Pearl,Haven,-,-,-,https://www.vlr.gg/450051/jdg-esports-vs-wolves-esports-champions-tour-2025-china-stage-1-w1
Wolves Esports,WOL,2,Bo3,A,win,"[['Pearl', 13, 6, 7], ['Haven', 13, 8, 5]]",26,14,12,VCT 2025: China Stage 1,Group Stage: Week 1,"['WOL Juicy', 'WOL Yuicaw', 'WOL Spring', 'WOL Lysoar', 'WOL SiuFatBB']",Icebox,Lotus,Pearl,Split,-,Pearl,Haven,-,-,-,https://www.vlr.gg/450051/jdg-esports-vs-wolves-esports-champions-tour-2025-china-stage-1-w1
FunPlus Phoenix,FPX,2,Bo3,B,win,"[['Icebox', 13, 10, 3], ['Haven', 13, 6, 7]]",26,16,10,VCT 2025: China Stage 1,Group Stage: Week 1,"['FPX yosemite', 'FPX AAAAY', 'FPX Life', 'FPX Shr1mp', 'FPX Autumn']",Fracture,Lotus,Haven,Ascent,-,Icebox,Haven,-,-,-,https://www.vlr.gg/450052/funplus-phoenix-vs-titan-esports-club-champions-tour-2025-china-stage-1-w1
Titan Esports Club,TEC,0,Bo3,A,loss,"[['Icebox', 5, 3, 2], ['Haven', 6, 5, 1]]",11,8,3,VCT 2025: China Stage 1,Group Stage: Week 1,"['TEC Haodong', 'TEC Rb', 'TEC Abo', 'TEC Coco', 'TEC TvirusLuke']",Pearl,Split,Icebox,Ascent,-,Icebox,Haven,-,-,-,https://www.vlr.gg/450052/funplus-phoenix-vs-titan-esports-club-champions-tour-2025-china-stage-1-w1
Nova Esports,NOVA,2,Bo3,A,win,"[['Ascent', 11, 6, 5], ['Fracture', 8, 6, 2]]",19,12,7,VCT 2025: China Stage 1,Group Stage: Week 2,"['NOVA cb', 'NOVA GuanG', 'NOVA Ezeir', 'NOVA o0o0o', 'NOVA OBONE']",Haven,Icebox,Ascent,Pearl,-,Ascent,Fracture,-,-,-,https://www.vlr.gg/450053/nova-esports-vs-edward-gaming-champions-tour-2025-china-stage-1-w2
EDward Gaming,EDG,0,Bo3,B,loss,"[['Ascent', 13, 7, 6], ['Fracture', 13, 7, 6]]",26,14,12,VCT 2025: China Stage 1,Group Stage: Week 2,"['EDG S1Mon', 'EDG ZmjjKK', 'EDG nobody', 'EDG CHICHOO', 'EDG Smoggy']",Lotus,Split,Fracture,Pearl,-,Ascent,Fracture,-,-,-,https://www.vlr.gg/450053/nova-esports-vs-edward-gaming-champions-tour-2025-china-stage-1-w2
TYLOO,TYL,1,Bo3,A,loss,"[['Pearl', 13, 7, 6], ['Icebox', 6, 3, 3], ['Haven', 13, 4, 9]]",32,14,18,VCT 2025: China Stage 1,Group Stage: Week 2,"['TYL slowly', 'TYL Ninebody', 'TYL waituu', 'TYL zjc', 'TYL 5CM']",Ascent,Lotus,Pearl,Haven,-,Pearl,Icebox,Haven,-,-,https://www.vlr.gg/450054/tyloo-vs-funplus-phoenix-champions-tour-2025-china-stage-1-w2
FunPlus Phoenix,FPX,2,Bo3,B,win,"[['Pearl', 8, 6, 2], ['Icebox', 13, 9, 4], ['Haven', 4, 3, 1]]",25,18,7,VCT 2025: China Stage 1,Group Stage: Week 2,"['FPX Life', 'FPX yosemite', 'FPX Autumn', 'FPX AAAAY', 'FPX Shr1mp']",Fracture,Split,Icebox,Haven,-,Pearl,Icebox,Haven,-,-,https://www.vlr.gg/450054/tyloo-vs-funplus-phoenix-champions-tour-2025-china-stage-1-w2
Xi Lai Gaming,XLG,2,Bo3,A,win,"[['Fracture', 10, 4, 6], ['Lotus', 7, 3, 4]]",17,7,10,VCT 2025: China Stage 1,Group Stage: Week 2,"['XLG happywei', 'XLG YOU', 'XLG Viva', 'XLG Rarga', 'XLG coconut']",Haven,Ascent,Fracture,Pearl,-,Fracture,Lotus,-,-,-,https://www.vlr.gg/450055/xi-lai-gaming-vs-all-gamers-champions-tour-2025-china-stage-1-w2
All Gamers,AG,0,Bo3,B,loss,"[['Fracture', 13, 5, 8], ['Lotus', 13, 8, 5]]",26,13,13,VCT 2025: China Stage 1,Group Stage: Week 2,"['AG deLb', 'AG K1ra', 'AG Lsn', 'AG player', 'AG HanChe']",Icebox,Split,Lotus,Pearl,-,Fracture,Lotus,-,-,-,https://www.vlr.gg/450055/xi-lai-gaming-vs-all-gamers-champions-tour-2025-china-stage-1-w2
Wolves Esports,WOL,2,Bo3,B,win,"[['Fracture', 15, 6, 6], ['Pearl', 13, 6, 7]]",28,12,13,VCT 2025: China Stage 1,Group Stage: Week 2,"['WOL Spring', 'WOL Yuicaw', 'WOL Juicy', 'WOL Lysoar', 'WOL SiuFatBB']",Lotus,Split,Pearl,Ascent,-,Fracture,Pearl,-,-,-,https://www.vlr.gg/450056/wolves-esports-vs-trace-esports-champions-tour-2025-china-stage-1-w2
Trace Esports,TE,0,Bo3,A,loss,"[['Fracture', 13, 6, 6], ['Pearl', 10, 4, 6]]",23,10,12,VCT 2025: China Stage 1,Group Stage: Week 2,"['TE Kai', 'TE heybay', 'TE LuoK1ng', 'TE Biank', 'TE FengF']",Icebox,Haven,Fracture,Ascent,-,Fracture,Pearl,-,-,-,https://www.vlr.gg/450056/wolves-esports-vs-trace-esports-champions-tour-2025-china-stage-1-w2
Titan Esports Club,TEC,2,Bo3,B,win,"[['Lotus', 11, 7, 4], ['Fracture', 13, 8, 5], ['Icebox', 13, 2, 11]]",37,17,20,VCT 2025: China Stage 1,Group Stage: Week 2,"['TEC TvirusLuke', 'TEC Coco', 'TEC Rb', 'TEC Abo', 'TEC Haodong']",Pearl,Split,Fracture,Icebox,-,Lotus,Fracture,Icebox,-,-,https://www.vlr.gg/450057/titan-esports-club-vs-dragon-ranger-gaming-champions-tour-2025-china-stage-1-w2
Dragon Ranger Gaming,DRG,1,Bo3,A,loss,"[['Lotus', 13, 8, 5], ['Fracture', 9, 7, 2], ['Icebox', 3, 1, 2]]",25,16,9,VCT 2025: China Stage 1,Group Stage: Week 2,"['DRG Flex1n', 'DRG vo0kashu', 'DRG Cangshu', 'DRG SpiritZ1', 'DRG Nicc']",Haven,Ascent,Lotus,Icebox,-,Lotus,Fracture,Icebox,-,-,https://www.vlr.gg/450057/titan-esports-club-vs-dragon-ranger-gaming-champions-tour-2025-china-stage-1-w2
Bilibili Gaming,BLG,2,Bo3,B,win,"[['Pearl', 13, 6, 7], ['Icebox', 5, 3, 2], ['Fracture', 13, 9, 4]]",31,18,13,VCT 2025: China Stage 1,Group Stage: Week 2,"['BLG Levius', 'BLG rushia', 'BLG whzy', 'BLG nephh', 'BLG Knight']",Split,Haven,Icebox,Fracture,-,Pearl,Icebox,Fracture,-,-,https://www.vlr.gg/450058/bilibili-gaming-vs-jdg-esports-champions-tour-2025-china-stage-1-w2
JDG Esports,JDG,1,Bo3,A,loss,"[['Pearl', 10, 4, 6], ['Icebox', 13, 10, 3], ['Fracture', 8, 8, 0]]",31,22,9,VCT 2025: China Stage 1,Group Stage: Week 2,"['JDG jkuro', 'JDG Babyblue', 'JDG MrCANI', 'JDG Z1yan', 'JDG stew']",Ascent,Lotus,Pearl,Fracture,-,Pearl,Icebox,Fracture,-,-,https://www.vlr.gg/450058/bilibili-gaming-vs-jdg-esports-champions-tour-2025-china-stage-1-w2
JDG Esports,JDG,0,Bo3,B,loss,"[['Lotus', 7, 5, 2], ['Haven', 11, 7, 4]]",18,12,6,VCT 2025: China Stage 1,Group Stage: Week 3,"['JDG stew', 'JDG jkuro', 'JDG MrCANI', 'JDG Babyblue', 'JDG Z1yan']",Ascent,Split,Haven,Fracture,-,Lotus,Haven,-,-,-,https://www.vlr.gg/450059/jdg-esports-vs-trace-esports-champions-tour-2025-china-stage-1-w3
Trace Esports,TE,2,Bo3,A,win,"[['Lotus', 13, 6, 7], ['Haven', 13, 8, 5]]",26,14,12,VCT 2025: China Stage 1,Group Stage: Week 3,"['TE Kai', 'TE Biank', 'TE LuoK1ng', 'TE heybay', 'TE FengF']",Icebox,Pearl,Lotus,Fracture,-,Lotus,Haven,-,-,-,https://www.vlr.gg/450059/jdg-esports-vs-trace-esports-champions-tour-2025-china-stage-1-w3
Wolves Esports,WOL,0,Bo3,B,loss,"[['Fracture', 12, 6, 6], ['Icebox', 10, 4, 6]]",22,10,12,VCT 2025: China Stage 1,Group Stage: Week 3,"['WOL Yuicaw', 'WOL Spring', 'WOL Lysoar', 'WOL Juicy', 'WOL SiuFatBB']",Lotus,Split,Icebox,Haven,-,Fracture,Icebox,-,-,-,https://www.vlr.gg/450060/wolves-esports-vs-xi-lai-gaming-champions-tour-2025-china-stage-1-w3
Xi Lai Gaming,XLG,2,Bo3,A,win,"[['Fracture', 14, 6, 6], ['Icebox', 13, 6, 7]]",27,12,13,VCT 2025: China Stage 1,Group Stage: Week 3,"['XLG Rarga', 'XLG Viva', 'XLG YOU', 'XLG coconut', 'XLG happywei']",Ascent,Pearl,Fracture,Haven,-,Fracture,Icebox,-,-,-,https://www.vlr.gg/450060/wolves-esports-vs-xi-lai-gaming-champions-tour-2025-china-stage-1-w3
TYLOO,TYL,1,Bo3,B,loss,"[['Fracture', 13, 9, 4], ['Icebox', 8, 3, 5], ['Split', 7, 4, 3]]",28,16,12,VCT 2025: China Stage 1,Group Stage: Week 3,"['TYL slowly', 'TYL waituu', 'TYL 5CM', 'TYL Ninebody', 'TYL zjc']",Ascent,Lotus,Icebox,Split,-,Fracture,Icebox,Split,-,-,https://www.vlr.gg/450061/tyloo-vs-titan-esports-club-champions-tour-2025-china-stage-1-w3
Titan Esports Club,TEC,2,Bo3,A,win,"[['Fracture', 10, 8, 2], ['Icebox', 13, 7, 6], ['Split', 13, 5, 8]]",36,20,16,VCT 2025: China Stage 1,Group Stage: Week 3,"['TEC Rb', 'TEC TvirusLuke', 'TEC Coco', 'TEC Haodong', 'TEC Abo']",Pearl,Haven,Fracture,Split,-,Fracture,Icebox,Split,-,-,https://www.vlr.gg/450061/tyloo-vs-titan-esports-club-champions-tour-2025-china-stage-1-w3
Dragon Ranger Gaming,DRG,1,Bo3,B,loss,"[['Icebox', 2, 0, 2], ['Ascent', 13, 7, 6], ['Pearl', 10, 4, 6]]",25,11,14,VCT 2025: China Stage 1,Group Stage: Week 3,"['DRG vo0kashu', 'DRG Flex1n', 'DRG Nicc', 'DRG SpiritZ1', 'DRG Cangshu']",Haven,Split,Ascent,Pearl,-,Icebox,Ascent,Pearl,-,-,https://www.vlr.gg/450062/dragon-ranger-gaming-vs-edward-gaming-champions-tour-2025-china-stage-1-w3
EDward Gaming,EDG,2,Bo3,A,win,"[['Icebox', 13, 10, 3], ['Ascent', 9, 4, 5], ['Pearl', 13, 5, 8]]",35,19,16,VCT 2025: China Stage 1,Group Stage: Week 3,"['EDG Smoggy', 'EDG CHICHOO', 'EDG ZmjjKK', 'EDG nobody', 'EDG Jieni7']",Lotus,Fracture,Icebox,Pearl,-,Icebox,Ascent,Pearl,-,-,https://www.vlr.gg/450062/dragon-ranger-gaming-vs-edward-gaming-champions-tour-2025-china-stage-1-w3
Nova Esports,NOVA,2,Bo3,B,win,"[['Icebox', 13, 5, 8], ['Split', 13, 7, 6]]",26,12,14,VCT 2025: China Stage 1,Group Stage: Week 3,"['NOVA Ezeir', 'NOVA cb', 'NOVA OBONE', 'NOVA GuanG', 'NOVA o0o0o']",Haven,Pearl,Split,Ascent,-,Icebox,Split,-,-,-,https://www.vlr.gg/450063/nova-esports-vs-funplus-phoenix-champions-tour-2025-china-stage-1-w3
FunPlus Phoenix,FPX,0,Bo3,A,loss,"[['Icebox', 11, 4, 7], ['Split', 10, 5, 5]]",21,9,12,VCT 2025: China Stage 1,Group Stage: Week 3,"['FPX Autumn', 'FPX AAAAY', 'FPX yosemite', 'FPX Life', 'FPX Shr1mp']",Fracture,Lotus,Icebox,Ascent,-,Icebox,Split,-,-,-,https://www.vlr.gg/450063/nova-esports-vs-funplus-phoenix-champions-tour-2025-china-stage-1-w3
All Gamers,AG,0,Bo3,B,loss,"[['Pearl', 4, 2, 2], ['Fracture', 5, 2, 3]]",9,4,5,VCT 2025: China Stage 1,Group Stage: Week 3,"['AG K1ra', 'AG Lsn', 'AG player', 'AG HanChe', 'AG deLb']",Haven,Split,Fracture,Ascent,-,Pearl,Fracture,-,-,-,https://www.vlr.gg/450064/all-gamers-vs-bilibili-gaming-champions-tour-2025-china-stage-1-w3
Bilibili Gaming,BLG,2,Bo3,A,win,"[['Pearl', 13, 3, 10], ['Fracture', 13, 9, 4]]",26,12,14,VCT 2025: China Stage 1,Group Stage: Week 3,"['BLG whzy', 'BLG nephh', 'BLG Levius', 'BLG Knight', 'BLG rushia']",Lotus,Icebox,Pearl,Ascent,-,Pearl,Fracture,-,-,-,https://www.vlr.gg/450064/all-gamers-vs-bilibili-gaming-champions-tour-2025-china-stage-1-w3
FunPlus Phoenix,FPX,0,Bo3,B,loss,"[['Ascent', 11, 4, 7], ['Haven', 5, 3, 2]]",16,7,9,VCT 2025: China Stage 1,Group Stage: Week 4,"['FPX yosemite', 'FPX Autumn', 'FPX XII', 'FPX Life', 'FPX AAAAY']",Lotus,Fracture,Haven,Pearl,-,Ascent,Haven,-,-,-,https://www.vlr.gg/450065/funplus-phoenix-vs-dragon-ranger-gaming-champions-tour-2025-china-stage-1-w4
Dragon Ranger Gaming,DRG,2,Bo3,A,win,"[['Ascent', 13, 5, 8], ['Haven', 13, 4, 9]]",26,9,17,VCT 2025: China Stage 1,Group Stage: Week 4,"['DRG vo0kashu', 'DRG Flex1n', 'DRG SpiritZ1', 'DRG Cangshu', 'DRG Nicc']",Icebox,Split,Ascent,Pearl,-,Ascent,Haven,-,-,-,https://www.vlr.gg/450065/funplus-phoenix-vs-dragon-ranger-gaming-champions-tour-2025-china-stage-1-w4
Bilibili Gaming,BLG,2,Bo3,B,win,"[['Haven', 13, 11, 2], ['Ascent', 13, 8, 5], ['Lotus', 10, 3, 7]]",36,22,14,VCT 2025: China Stage 1,Group Stage: Week 4,"['BLG Knight', 'BLG rushia', 'BLG Levius', 'BLG whzy', 'BLG nephh']",Icebox,Split,Haven,Ascent,-,Lotus,Haven,Ascent,-,-,https://www.vlr.gg/450066/bilibili-gaming-vs-wolves-esports-champions-tour-2025-china-stage-1-w4
Wolves Esports,WOL,1,Bo3,A,loss,"[['Haven', 5, 4, 1], ['Ascent', 4, 0, 4], ['Lotus', 13, 4, 9]]",22,8,14,VCT 2025: China Stage 1,Group Stage: Week 4,"['WOL Yuicaw', 'WOL Lysoar', 'WOL SiuFatBB', 'WOL Spring', 'WOL Juicy']",Pearl,Fracture,Lotus,Ascent,-,Lotus,Haven,Ascent,-,-,https://www.vlr.gg/450066/bilibili-gaming-vs-wolves-esports-champions-tour-2025-china-stage-1-w4
All Gamers,AG,0,Bo3,A,loss,"[['Split', 14, 5, 7], ['Pearl', 13, 5, 8]]",27,10,15,VCT 2025: China Stage 1,Group Stage: Week 4,"['AG K1ra', 'AG deLb', 'AG Bai', 'AG Lsn', 'AG HanChe']",Haven,Icebox,Split,Fracture,-,Split,Pearl,-,-,-,https://www.vlr.gg/450067/all-gamers-vs-jdg-esports-champions-tour-2025-china-stage-1-w4
JDG Esports,JDG,2,Bo3,B,win,"[['Split', 12, 5, 7], ['Pearl', 4, 4, 0]]",16,9,7,VCT 2025: China Stage 1,Group Stage: Week 4,"['JDG stew', 'JDG Z1yan', 'JDG Babyblue', 'JDG jkuro', 'JDG MrCANI']",Ascent,Lotus,Pearl,Fracture,-,Split,Pearl,-,-,-,https://www.vlr.gg/450067/all-gamers-vs-jdg-esports-champions-tour-2025-china-stage-1-w4
EDward Gaming,EDG,2,Bo3,A,win,"[['Lotus', 13, 9, 4], ['Icebox', 9, 4, 5], ['Haven', 5, 2, 3]]",27,15,12,VCT 2025: China Stage 1,Group Stage: Week 4,"['EDG Smoggy', 'EDG CHICHOO', 'EDG ZmjjKK', 'EDG Jieni7', 'EDG nobody']",Fracture,Split,Lotus,Haven,-,Lotus,Icebox,Haven,-,-,https://www.vlr.gg/450068/edward-gaming-vs-titan-esports-club-champions-tour-2025-china-stage-1-w4
Titan Esports Club,TEC,1,Bo3,B,loss,"[['Lotus', 8, 5, 3], ['Icebox', 13, 7, 6], ['Haven', 13, 9, 4]]",34,21,13,VCT 2025: China Stage 1,Group Stage: Week 4,"['TEC Abo', 'TEC Rb', 'TEC TvirusLuke', 'TEC Coco', 'TEC Haodong']",Pearl,Ascent,Icebox,Haven,-,Lotus,Icebox,Haven,-,-,https://www.vlr.gg/450068/edward-gaming-vs-titan-esports-club-champions-tour-2025-china-stage-1-w4
Nova Esports,NOVA,2,Bo3,A,win,"[['Split', 11, 4, 7], ['Icebox', 13, 4, 9], ['Pearl', 5, 4, 1]]",29,12,17,VCT 2025: China Stage 1,Group Stage: Week 4,"['NOVA Ezeir', 'NOVA GuanG', 'NOVA o0o0o', 'NOVA cb', 'NOVA OBONE']",Haven,Fracture,Split,Pearl,-,Split,Icebox,Pearl,-,-,https://www.vlr.gg/450069/nova-esports-vs-tyloo-champions-tour-2025-china-stage-1-w4
TYLOO,TYL,1,Bo3,B,loss,"[['Split', 13, 5, 8], ['Icebox', 3, 3, 0], ['Pearl', 13, 5, 8]]",29,13,16,VCT 2025: China Stage 1,Group Stage: Week 4,"['TYL slowly', 'TYL Ninebody', 'TYL zjc', 'TYL waituu', 'TYL 5CM']",Ascent,Lotus,Icebox,Pearl,-,Split,Icebox,Pearl,-,-,https://www.vlr.gg/450069/nova-esports-vs-tyloo-champions-tour-2025-china-stage-1-w4
Trace Esports,TE,1,Bo3,A,loss,"[['Split', 13, 5, 8], ['Lotus', 10, 5, 5], ['Pearl', 13, 8, 5]]",36,18,18,VCT 2025: China Stage 1,Group Stage: Week 4,"['TE heybay', 'TE Kai', 'TE FengF', 'TE LuoK1ng', 'TE Biank']",Icebox,Haven,Split,Pearl,-,Split,Lotus,Pearl,-,-,https://www.vlr.gg/450070/trace-esports-vs-xi-lai-gaming-champions-tour-2025-china-stage-1-w4
Xi Lai Gaming,XLG,2,Bo3,B,win,"[['Split', 7, 4, 3], ['Lotus', 13, 7, 6], ['Pearl', 11, 7, 4]]",31,18,13,VCT 2025: China Stage 1,Group Stage: Week 4,"['XLG Rarga', 'XLG Viva', 'XLG happywei', 'XLG coconut', 'XLG YOU']",Ascent,Fracture,Lotus,Pearl,-,Split,Lotus,Pearl,-,-,https://www.vlr.gg/450070/trace-esports-vs-xi-lai-gaming-champions-tour-2025-china-stage-1-w4
JDG Esports,JDG,1,Bo3,B,loss,"[['Lotus', 6, 4, 2], ['Fracture', 6, 5, 1], ['Icebox', 13, 7, 6]]",25,16,9,VCT 2025: China Stage 1,Group Stage: Week 5,"['JDG Z1yan', 'JDG Babyblue', 'JDG MrCANI', 'JDG jkuro', 'JDG stew']",Ascent,Pearl,Icebox,Fracture,-,Lotus,Icebox,Fracture,-,-,https://www.vlr.gg/450071/jdg-esports-vs-xi-lai-gaming-champions-tour-2025-china-stage-1-w5
Xi Lai Gaming,XLG,2,Bo3,A,win,"[['Lotus', 13, 5, 8], ['Fracture', 13, 6, 7], ['Icebox', 11, 6, 5]]",37,17,20,VCT 2025: China Stage 1,Group Stage: Week 5,"['XLG YOU', 'XLG Viva', 'XLG coconut', 'XLG happywei', 'XLG Rarga']",Haven,Split,Lotus,Fracture,-,Lotus,Icebox,Fracture,-,-,https://www.vlr.gg/450071/jdg-esports-vs-xi-lai-gaming-champions-tour-2025-china-stage-1-w5
Dragon Ranger Gaming,DRG,1,Bo3,A,loss,"[['Haven', 10, 3, 7], ['Split', 13, 6, 7], ['Fracture', 13, 4, 9]]",36,13,23,VCT 2025: China Stage 1,Group Stage: Week 5,"['DRG vo0kashu', 'DRG Nicc', 'DRG Flex1n', 'DRG SpiritZ1', 'DRG Cangshu']",Icebox,Pearl,Haven,Fracture,-,Haven,Split,Fracture,-,-,https://www.vlr.gg/450072/dragon-ranger-gaming-vs-tyloo-champions-tour-2025-china-stage-1-w5
TYLOO,TYL,2,Bo3,B,win,"[['Haven', 13, 5, 8], ['Split', 9, 3, 6], ['Fracture', 5, 3, 2]]",27,11,16,VCT 2025: China Stage 1,Group Stage: Week 5,"['TYL slowly', 'TYL Ninebody', 'TYL Scales', 'TYL zjc', 'TYL waituu']",Ascent,Lotus,Split,Fracture,-,Haven,Split,Fracture,-,-,https://www.vlr.gg/450072/dragon-ranger-gaming-vs-tyloo-champions-tour-2025-china-stage-1-w5
Wolves Esports,WOL,2,Bo3,A,win,"[['Pearl', 7, 2, 5], ['Fracture', 13, 7, 6], ['Lotus', 6, 3, 3]]",26,12,14,VCT 2025: China Stage 1,Group Stage: Week 5,"['WOL Lysoar', 'WOL Juicy', 'WOL Spring', 'WOL SiuFatBB', 'WOL Yuicaw']",Split,Ascent,Pearl,Lotus,-,Pearl,Fracture,Lotus,-,-,https://www.vlr.gg/450073/wolves-esports-vs-all-gamers-champions-tour-2025-china-stage-1-w5
All Gamers,AG,1,Bo3,B,loss,"[['Pearl', 13, 3, 10], ['Fracture', 7, 2, 5], ['Lotus', 13, 4, 9]]",33,9,24,VCT 2025: China Stage 1,Group Stage: Week 5,"['AG Bai', 'AG K1ra', 'AG HanChe', 'AG Lsn', 'AG deLb']",Haven,Icebox,Fracture,Lotus,-,Pearl,Fracture,Lotus,-,-,https://www.vlr.gg/450073/wolves-esports-vs-all-gamers-champions-tour-2025-china-stage-1-w5
Bilibili Gaming,BLG,1,Bo3,A,loss,"[['Haven', 13, 11, 2], ['Ascent', 5, 3, 2], ['Split', 13, 11, 2]]",31,25,6,VCT 2025: China Stage 1,Group Stage: Week 5,"['BLG whzy', 'BLG Levius', 'BLG nephh', 'BLG Knight', 'BLG rushia']",Lotus,Fracture,Haven,Split,-,Haven,Ascent,Split,-,-,https://www.vlr.gg/450074/bilibili-gaming-vs-trace-esports-champions-tour-2025-china-stage-1-w5
Trace Esports,TE,2,Bo3,B,win,"[['Haven', 4, 3, 1], ['Ascent', 13, 4, 9], ['Split', 1, 0, 1]]",18,7,11,VCT 2025: China Stage 1,Group Stage: Week 5,"['TE LuoK1ng', 'TE heybay', 'TE Kai', 'TE Biank', 'TE Midi']",Icebox,Pearl,Ascent,Split,-,Haven,Ascent,Split,-,-,https://www.vlr.gg/450074/bilibili-gaming-vs-trace-esports-champions-tour-2025-china-stage-1-w5
Titan Esports Club,TEC,2,Bo3,A,win,"[['Fracture', 9, 3, 6], ['Split', 3, 3, 0]]",12,6,6,VCT 2025: China Stage 1,Group Stage: Week 5,"['TEC Coco', 'TEC TvirusLuke', 'TEC Haodong', 'TEC Abo', 'TEC Rb']",Pearl,Ascent,Fracture,Lotus,-,Fracture,Split,-,-,-,https://www.vlr.gg/450075/titan-esports-club-vs-nova-esports-champions-tour-2025-china-stage-1-w5
Nova Esports,NOVA,0,Bo3,B,loss,"[['Fracture', 13, 6, 7], ['Split', 13, 4, 9]]",26,10,16,VCT 2025: China Stage 1,Group Stage: Week 5,"['NOVA cb', 'NOVA Ezeir', 'NOVA GuanG', 'NOVA OBONE', 'NOVA o0o0o']",Haven,Icebox,Split,Lotus,-,Fracture,Split,-,-,-,https://www.vlr.gg/450075/titan-esports-club-vs-nova-esports-champions-tour-2025-china-stage-1-w5
EDward Gaming,EDG,2,Bo3,A,win,"[['Split', 9, 4, 5], ['Fracture', 7, 1, 6]]",16,5,11,VCT 2025: China Stage 1,Group Stage: Week 5,"['EDG Jieni7', 'EDG ZmjjKK', 'EDG Smoggy', 'EDG nobody', 'EDG CHICHOO']",Lotus,Icebox,Split,Pearl,-,Split,Fracture,-,-,-,https://www.vlr.gg/450076/edward-gaming-vs-funplus-phoenix-champions-tour-2025-china-stage-1-w5
FunPlus Phoenix,FPX,0,Bo3,B,loss,"[['Split', 13, 7, 6], ['Fracture', 13, 6, 7]]",26,13,13,VCT 2025: China Stage 1,Group Stage: Week 5,"['FPX AAAAY', 'FPX yosemite', 'FPX Shr1mp', 'FPX Autumn', 'FPX Life']",Haven,Ascent,Fracture,Pearl,-,Split,Fracture,-,-,-,https://www.vlr.gg/450076/edward-gaming-vs-funplus-phoenix-champions-tour-2025-china-stage-1-w5
Titan Esports Club,TEC,0,Bo3,B,loss,"[['Haven', 11, 6, 5], ['Icebox', 10, 4, 6]]",21,10,11,VCT 2025: China Stage 1,Playoffs: Upper Round 1,"['TEC Coco', 'TEC Haodong', 'TEC Abo', 'TEC Rb', 'TEC TvirusLuke']",Pearl,Lotus,Haven,Split,-,Haven,Icebox,-,-,-,https://www.vlr.gg/473233/titan-esports-club-vs-wolves-esports-champions-tour-2025-china-stage-1-ur1
Wolves Esports,WOL,2,Bo3,A,win,"[['Haven', 13, 7, 6], ['Icebox', 13, 5, 8]]",26,12,14,VCT 2025: China Stage 1,Playoffs: Upper Round 1,"['WOL Juicy', 'WOL Lysoar', 'WOL SiuFatBB', 'WOL Spring', 'WOL Yuicaw']",Fracture,Ascent,Icebox,Split,-,Haven,Icebox,-,-,-,https://www.vlr.gg/473233/titan-esports-club-vs-wolves-esports-champions-tour-2025-china-stage-1-ur1
Xi Lai Gaming,XLG,2,Bo3,A,win,"[['Lotus', 6, 5, 1], ['Ascent', 2, 2, 0]]",8,7,1,VCT 2025: China Stage 1,Playoffs: Upper Round 1,"['XLG happywei', 'XLG coconut', 'XLG YOU', 'XLG Viva', 'XLG Rarga']",Split,Pearl,Lotus,Icebox,-,Lotus,Ascent,-,-,-,https://www.vlr.gg/473234/xi-lai-gaming-vs-nova-esports-champions-tour-2025-china-stage-1-ur1
Nova Esports,NOVA,0,Bo3,B,loss,"[['Lotus', 13, 6, 7], ['Ascent', 13, 3, 10]]",26,9,17,VCT 2025: China Stage 1,Playoffs: Upper Round 1,"['NOVA Ezeir', 'NOVA OBONE', 'NOVA GuanG', 'NOVA cb', 'NOVA o0o0o']",Haven,Fracture,Ascent,Icebox,-,Lotus,Ascent,-,-,-,https://www.vlr.gg/473234/xi-lai-gaming-vs-nova-esports-champions-tour-2025-china-stage-1-ur1
Titan Esports Club,TEC,1,Bo3,B,loss,"[['Ascent', 13, 2, 11], ['Fracture', 12, 7, 5], ['Lotus', 16, 4, 8]]",41,13,24,VCT 2025: China Stage 1,Playoffs: Lower Round 1,"['TEC Rb', 'TEC Abo', 'TEC Haodong', 'TEC TvirusLuke', 'TEC Coco']",Pearl,Haven,Fracture,Lotus,-,Ascent,Fracture,Lotus,-,-,https://www.vlr.gg/473235/titan-esports-club-vs-dragon-ranger-gaming-champions-tour-2025-china-stage-1-lr1
Dragon Ranger Gaming,DRG,2,Bo3,A,win,"[['Ascent', 1, 1, 0], ['Fracture', 14, 7, 5], ['Lotus', 18, 4, 8]]",33,12,13,VCT 2025: China Stage 1,Playoffs: Lower Round 1,"['DRG Flex1n', 'DRG Nicc', 'DRG vo0kashu', 'DRG SpiritZ1', 'DRG Cangshu']",Icebox,Split,Ascent,Lotus,-,Ascent,Fracture,Lotus,-,-,https://www.vlr.gg/473235/titan-esports-club-vs-dragon-ranger-gaming-champions-tour-2025-china-stage-1-lr1
Nova Esports,NOVA,0,Bo3,A,loss,"[['Split', 13, 8, 5], ['Lotus', 13, 4, 9]]",26,12,14,VCT 2025: China Stage 1,Playoffs: Lower Round 1,"['NOVA cb', 'NOVA GuanG', 'NOVA o0o0o', 'NOVA Ezeir', 'NOVA OBONE']",Haven,Fracture,Split,Pearl,-,Split,Lotus,-,-,-,https://www.vlr.gg/473236/nova-esports-vs-trace-esports-champions-tour-2025-china-stage-1-lr1
Trace Esports,TE,2,Bo3,B,win,"[['Split', 9, 7, 2], ['Lotus', 4, 3, 1]]",13,10,3,VCT 2025: China Stage 1,Playoffs: Lower Round 1,"['TE LuoK1ng', 'TE Kai', 'TE Biank', 'TE heybay', 'TE Midi']",Icebox,Ascent,Lotus,Pearl,-,Split,Lotus,-,-,-,https://www.vlr.gg/473236/nova-esports-vs-trace-esports-champions-tour-2025-china-stage-1-lr1
Bilibili Gaming,BLG,0,Bo3,B,loss,"[['Split', 8, 5, 3], ['Haven', 8, 3, 5]]",16,8,8,VCT 2025: China Stage 1,Playoffs: Upper Semifinals,"['BLG Knight', 'BLG nephh', 'BLG Levius', 'BLG whzy', 'BLG rushia']",Lotus,Pearl,Haven,Icebox,-,Split,Haven,-,-,-,https://www.vlr.gg/473237/bilibili-gaming-vs-wolves-esports-champions-tour-2025-china-stage-1-ubsf
Wolves Esports,WOL,2,Bo3,A,win,"[['Split', 13, 6, 7], ['Haven', 13, 7, 6]]",26,13,13,VCT 2025: China Stage 1,Playoffs: Upper Semifinals,"['WOL Lysoar', 'WOL SiuFatBB', 'WOL Juicy', 'WOL Yuicaw', 'WOL Spring']",Ascent,Fracture,Split,Icebox,-,Split,Haven,-,-,-,https://www.vlr.gg/473237/bilibili-gaming-vs-wolves-esports-champions-tour-2025-china-stage-1-ubsf
EDward Gaming,EDG,0,Bo3,B,loss,"[['Lotus', 9, 4, 5], ['Haven', 11, 6, 5]]",20,10,10,VCT 2025: China Stage 1,Playoffs: Upper Semifinals,"['EDG CHICHOO', 'EDG nobody', 'EDG Smoggy', 'EDG Jieni7', 'EDG ZmjjKK']",Icebox,Ascent,Haven,Fracture,-,Lotus,Haven,-,-,-,https://www.vlr.gg/473238/edward-gaming-vs-xi-lai-gaming-champions-tour-2025-china-stage-1-ubsf
Xi Lai Gaming,XLG,2,Bo3,A,win,"[['Lotus', 13, 5, 8], ['Haven', 13, 7, 6]]",26,12,14,VCT 2025: China Stage 1,Playoffs: Upper Semifinals,"['XLG Rarga', 'XLG Viva', 'XLG coconut', 'XLG YOU', 'XLG happywei']",Split,Pearl,Lotus,Fracture,-,Lotus,Haven,-,-,-,https://www.vlr.gg/473238/edward-gaming-vs-xi-lai-gaming-champions-tour-2025-china-stage-1-ubsf
Bilibili Gaming,BLG,2,Bo3,A,win,"[['Fracture', 8, 7, 1], ['Lotus', 4, 1, 3]]",12,8,4,VCT 2025: China Stage 1,Playoffs: Lower Round 2,"['BLG whzy', 'BLG nephh', 'BLG Levius', 'BLG rushia', 'BLG Knight']",Split,Pearl,Fracture,Haven,-,Fracture,Lotus,-,-,-,https://www.vlr.gg/473240/bilibili-gaming-vs-trace-esports-champions-tour-2025-china-stage-1-lr2
Trace Esports,TE,0,Bo3,B,loss,"[['Fracture', 13, 8, 5], ['Lotus', 13, 9, 4]]",26,17,9,VCT 2025: China Stage 1,Playoffs: Lower Round 2,"['TE Kai', 'TE Biank', 'TE Midi', 'TE LuoK1ng', 'TE heybay']",Icebox,Ascent,Lotus,Haven,-,Fracture,Lotus,-,-,-,https://www.vlr.gg/473240/bilibili-gaming-vs-trace-esports-champions-tour-2025-china-stage-1-lr2
EDward Gaming,EDG,2,Bo3,B,win,"[['Lotus', 13, 8, 5], ['Split', 11, 6, 5], ['Ascent', 13, 5, 8]]",37,19,18,VCT 2025: China Stage 1,Playoffs: Lower Round 2,"['EDG ZmjjKK', 'EDG CHICHOO', 'EDG Smoggy', 'EDG Jieni7', 'EDG nobody']",Fracture,Pearl,Split,Ascent,-,Lotus,Split,Ascent,-,-,https://www.vlr.gg/473239/edward-gaming-vs-dragon-ranger-gaming-champions-tour-2025-china-stage-1-lr2
Dragon Ranger Gaming,DRG,1,Bo3,A,loss,"[['Lotus', 8, 4, 4], ['Split', 13, 7, 6], ['Ascent', 8, 1, 7]]",29,12,17,VCT 2025: China Stage 1,Playoffs: Lower Round 2,"['DRG vo0kashu', 'DRG Nicc', 'DRG Flex1n', 'DRG SpiritZ1', 'DRG Cangshu']",Icebox,Haven,Lotus,Ascent,-,Lotus,Split,Ascent,-,-,https://www.vlr.gg/473239/edward-gaming-vs-dragon-ranger-gaming-champions-tour-2025-china-stage-1-lr2
Wolves Esports,WOL,0,Bo3,A,loss,"[['Pearl', 13, 6, 7], ['Lotus', 14, 7, 5]]",27,13,12,VCT 2025: China Stage 1,Playoffs: Upper Final,"['WOL Yuicaw', 'WOL Lysoar', 'WOL Juicy', 'WOL SiuFatBB', 'WOL Spring']",Fracture,Haven,Pearl,Ascent,-,Pearl,Lotus,-,-,-,https://www.vlr.gg/473241/wolves-esports-vs-xi-lai-gaming-champions-tour-2025-china-stage-1-ubf
Xi Lai Gaming,XLG,2,Bo3,B,win,"[['Pearl', 7, 1, 6], ['Lotus', 12, 7, 5]]",19,8,11,VCT 2025: China Stage 1,Playoffs: Upper Final,"['XLG Rarga', 'XLG Viva', 'XLG happywei', 'XLG coconut', 'XLG YOU']",Split,Icebox,Lotus,Ascent,-,Pearl,Lotus,-,-,-,https://www.vlr.gg/473241/wolves-esports-vs-xi-lai-gaming-champions-tour-2025-china-stage-1-ubf
EDward Gaming,EDG,1,Bo3,B,loss,"[['Fracture', 13, 7, 6], ['Icebox', 8, 5, 3], ['Pearl', 11, 6, 5]]",32,18,14,VCT 2025: China Stage 1,Playoffs: Lower Round 3,"['EDG ZmjjKK', 'EDG Smoggy', 'EDG CHICHOO', 'EDG nobody', 'EDG Jieni7']",Ascent,Lotus,Icebox,Pearl,-,Fracture,Icebox,Pearl,-,-,https://www.vlr.gg/473242/edward-gaming-vs-bilibili-gaming-champions-tour-2025-china-stage-1-lr3
Bilibili Gaming,BLG,2,Bo3,A,win,"[['Fracture', 8, 3, 5], ['Icebox', 13, 9, 4], ['Pearl', 13, 7, 6]]",34,19,15,VCT 2025: China Stage 1,Playoffs: Lower Round 3,"['BLG Knight', 'BLG rushia', 'BLG whzy', 'BLG Levius', 'BLG nephh']",Split,Haven,Fracture,Pearl,-,Fracture,Icebox,Pearl,-,-,https://www.vlr.gg/473242/edward-gaming-vs-bilibili-gaming-champions-tour-2025-china-stage-1-lr3
Wolves Esports,WOL,0,Bo5,B,loss,"[['Pearl', 9, 2, 7], ['Lotus', 11, 3, 8], ['Icebox', 7, 6, 1]]",27,11,16,VCT 2025: China Stage 1,Playoffs: Lower Final,"['WOL Spring', 'WOL Lysoar', 'WOL Yuicaw', 'WOL Juicy', 'WOL SiuFatBB']",Fracture,-,Lotus,Haven,Ascent,Pearl,Lotus,Icebox,-,-,https://www.vlr.gg/473243/wolves-esports-vs-bilibili-gaming-champions-tour-2025-china-stage-1-lbf
Bilibili Gaming,BLG,3,Bo5,A,win,"[['Pearl', 13, 5, 8], ['Lotus', 13, 4, 9], ['Icebox', 13, 7, 6]]",39,16,23,VCT 2025: China Stage 1,Playoffs: Lower Final,"['BLG whzy', 'BLG rushia', 'BLG nephh', 'BLG Knight', 'BLG Levius']",Split,-,Pearl,Icebox,Ascent,Pearl,Lotus,Icebox,-,-,https://www.vlr.gg/473243/wolves-esports-vs-bilibili-gaming-champions-tour-2025-china-stage-1-lbf
Xi Lai Gaming,XLG,3,Bo5,A,win,"[['Fracture', 13, 5, 7], ['Lotus', 10, 5, 5], ['Pearl', 13, 7, 6], ['Haven', 12, 5, 7]]",48,22,25,VCT 2025: China Stage 1,Playoffs: Grand Final,"['XLG Rarga', 'XLG coconut', 'XLG YOU', 'XLG happywei', 'XLG Viva']",Split,Icebox,Lotus,Haven,Ascent,Fracture,Lotus,Pearl,Haven,-,https://www.vlr.gg/473244/xi-lai-gaming-vs-bilibili-gaming-champions-tour-2025-china-stage-1-gf
Bilibili Gaming,BLG,1,Bo5,B,loss,"[['Fracture', 15, 5, 7], ['Lotus', 13, 6, 7], ['Pearl', 8, 6, 2], ['Haven', 14, 5, 7]]",50,22,23,VCT 2025: China Stage 1,Playoffs: Grand Final,"['BLG whzy', 'BLG rushia', 'BLG Knight', 'BLG nephh', 'BLG Levius']",-,-,Fracture,Pearl,Ascent,Fracture,Lotus,Pearl,Haven,-,https://www.vlr.gg/473244/xi-lai-gaming-vs-bilibili-gaming-champions-tour-2025-china-stage-1-gf
Cloud9,C9,2,Bo3,B,win,"[['Lotus', 6, 5, 1], ['Fracture', 13, 5, 8], ['Pearl', 13, 4, 9]]",32,14,18,VCT 2025: Americas Stage 1,Group Stage: Week 1,"['C9 Xeppaa', 'C9 mitch', 'C9 neT', 'C9 OXY', 'C9 v1c']",Haven,Ascent,Fracture,Pearl,-,Lotus,Fracture,Pearl,-,-,https://www.vlr.gg/459517/cloud9-vs-nrg-esports-champions-tour-2025-americas-stage-1-w1
NRG,NRG,1,Bo3,A,loss,"[['Lotus', 13, 6, 7], ['Fracture', 5, 4, 1], ['Pearl', 9, 3, 6]]",27,13,14,VCT 2025: Americas Stage 1,Group Stage: Week 1,"['NRG s0m', 'NRG brawk', 'NRG mada', 'NRG FiNESSE', 'NRG Ethan']",Split,Icebox,Lotus,Pearl,-,Lotus,Fracture,Pearl,-,-,https://www.vlr.gg/459517/cloud9-vs-nrg-esports-champions-tour-2025-americas-stage-1-w1
KRÜ Esports,KRÜ,2,Bo3,A,win,"[['Fracture', 13, 11, 2], ['Haven', 2, 2, 0], ['Split', 10, 8, 2]]",25,21,4,VCT 2025: Americas Stage 1,Group Stage: Week 1,"['KRÜ keznit', 'KRÜ Melser', 'KRÜ Shyy', 'KRÜ Mazino', 'KRÜ adverso']",Ascent,Pearl,Fracture,Split,-,Fracture,Haven,Split,-,-,https://www.vlr.gg/459518/kr-esports-vs-loud-champions-tour-2025-americas-stage-1-w1
LOUD,LOUD,1,Bo3,B,loss,"[['Fracture', 3, 2, 1], ['Haven', 13, 3, 10], ['Split', 13, 9, 4]]",29,14,15,VCT 2025: Americas Stage 1,Group Stage: Week 1,"['LOUD pANcada', 'LOUD cauanzin', 'LOUD dgzin', 'LOUD tuyz', 'LOUD v1nny']",Icebox,Lotus,Haven,Split,-,Fracture,Haven,Split,-,-,https://www.vlr.gg/459518/kr-esports-vs-loud-champions-tour-2025-americas-stage-1-w1
G2 Esports,G2,2,Bo3,A,win,"[['Lotus', 10, 9, 1], ['Ascent', 7, 3, 4]]",17,12,5,VCT 2025: Americas Stage 1,Group Stage: Week 1,"['G2 leaf', 'G2 jawgemo', 'G2 valyn', 'G2 JonahP', 'G2 trent']",Fracture,Haven,Lotus,Split,-,Lotus,Ascent,-,-,-,https://www.vlr.gg/459519/g2-esports-vs-furia-champions-tour-2025-americas-stage-1-w1
FURIA,FUR,0,Bo3,B,loss,"[['Lotus', 13, 10, 3], ['Ascent', 13, 8, 5]]",26,18,8,VCT 2025: Americas Stage 1,Group Stage: Week 1,"['FUR havoc', 'FUR pryze', 'FUR Khalil', 'FUR raafa', 'FUR heat']",Icebox,Pearl,Ascent,Split,-,Lotus,Ascent,-,-,-,https://www.vlr.gg/459519/g2-esports-vs-furia-champions-tour-2025-americas-stage-1-w1
MIBR,MIBR,2,Bo3,B,win,"[['Split', 13, 6, 7], ['Icebox', 13, 9, 4]]",26,15,11,VCT 2025: Americas Stage 1,Group Stage: Week 1,"['MIBR xenom', 'MIBR artzin', 'MIBR cortezia', 'MIBR Verno', 'MIBR aspas']",Fracture,Haven,Icebox,Ascent,-,Split,Icebox,-,-,-,https://www.vlr.gg/459520/mibr-vs-leviat-n-champions-tour-2025-americas-stage-1-w1
LEVIATÁN,LEV,0,Bo3,A,loss,"[['Split', 7, 1, 6], ['Icebox', 8, 8, 0]]",15,9,6,VCT 2025: Americas Stage 1,Group Stage: Week 1,"['LEV tex', 'LEV C0M', 'LEV Rossy', 'LEV Demon1', 'LEV kiNgg']",Pearl,Lotus,Split,Ascent,-,Split,Icebox,-,-,-,https://www.vlr.gg/459520/mibr-vs-leviat-n-champions-tour-2025-americas-stage-1-w1
2Game Esports,2G,0,Bo3,A,loss,"[['Haven', 13, 8, 5], ['Lotus', 13, 6, 7]]",26,14,12,VCT 2025: Americas Stage 1,Group Stage: Week 1,"['2G Zap', '2G gobera', '2G Askia', '2G silentzz', '2G lz']",Fracture,Pearl,Haven,Split,-,Haven,Lotus,-,-,-,https://www.vlr.gg/459521/2game-esports-vs-evil-geniuses-champions-tour-2025-americas-stage-1-w1
Evil Geniuses,EG,2,Bo3,B,win,"[['Haven', 11, 7, 4], ['Lotus', 8, 5, 3]]",19,12,7,VCT 2025: Americas Stage 1,Group Stage: Week 1,"['EG NaturE', 'EG yay', 'EG Derrek', 'EG supamen', 'EG icy']",Ascent,Icebox,Lotus,Split,-,Haven,Lotus,-,-,-,https://www.vlr.gg/459521/2game-esports-vs-evil-geniuses-champions-tour-2025-americas-stage-1-w1
Sentinels,SEN,2,Bo3,A,win,"[['Pearl', 5, 1, 4], ['Haven', 13, 7, 6], ['Split', 1, 1, 0]]",19,9,10,VCT 2025: Americas Stage 1,Group Stage: Week 1,"['SEN bang', 'SEN Zellsis', 'SEN johnqt', 'SEN zekken', 'SEN N4RRATE']",Fracture,Ascent,Pearl,Split,-,Pearl,Haven,Split,-,-,https://www.vlr.gg/459522/sentinels-vs-100-thieves-champions-tour-2025-americas-stage-1-w1
100 Thieves,100T,1,Bo3,B,loss,"[['Pearl', 13, 8, 5], ['Haven', 9, 6, 3], ['Split', 13, 2, 11]]",35,16,19,VCT 2025: Americas Stage 1,Group Stage: Week 1,"['100T Cryocells', '100T Asuna', '100T eeiu', '100T zander', '100T Boostio']",Lotus,Icebox,Haven,Split,-,Pearl,Haven,Split,-,-,https://www.vlr.gg/459522/sentinels-vs-100-thieves-champions-tour-2025-americas-stage-1-w1
NRG,NRG,2,Bo3,A,win,"[['Lotus', 13, 6, 7], ['Pearl', 2, 0, 2], ['Fracture', 4, 2, 2]]",19,8,11,VCT 2025: Americas Stage 1,Group Stage: Week 2,"['NRG s0m', 'NRG mada', 'NRG Ethan', 'NRG brawk', 'NRG FiNESSE']",Split,Haven,Lotus,Fracture,-,Lotus,Pearl,Fracture,-,-,https://www.vlr.gg/459523/nrg-esports-vs-furia-champions-tour-2025-americas-stage-1-w2
FURIA,FUR,1,Bo3,B,loss,"[['Lotus', 10, 4, 6], ['Pearl', 13, 10, 3], ['Fracture', 13, 10, 3]]",36,24,12,VCT 2025: Americas Stage 1,Group Stage: Week 2,"['FUR pryze', 'FUR Khalil', 'FUR heat', 'FUR havoc', 'FUR raafa']",Icebox,Ascent,Pearl,Fracture,-,Lotus,Pearl,Fracture,-,-,https://www.vlr.gg/459523/nrg-esports-vs-furia-champions-tour-2025-americas-stage-1-w2
Sentinels,SEN,0,Bo3,A,loss,"[['Lotus', 13, 6, 7], ['Icebox', 13, 8, 5]]",26,14,12,VCT 2025: Americas Stage 1,Group Stage: Week 2,"['SEN zekken', 'SEN johnqt', 'SEN bang', 'SEN N4RRATE', 'SEN Zellsis']",Fracture,Ascent,Lotus,Split,-,Lotus,Icebox,-,-,-,https://www.vlr.gg/459524/sentinels-vs-kr-esports-champions-tour-2025-americas-stage-1-w2
KRÜ Esports,KRÜ,2,Bo3,B,win,"[['Lotus', 7, 1, 6], ['Icebox', 8, 7, 1]]",15,8,7,VCT 2025: Americas Stage 1,Group Stage: Week 2,"['KRÜ keznit', 'KRÜ Mazino', 'KRÜ Shyy', 'KRÜ Melser', 'KRÜ adverso']",Pearl,Haven,Icebox,Split,-,Lotus,Icebox,-,-,-,https://www.vlr.gg/459524/sentinels-vs-kr-esports-champions-tour-2025-americas-stage-1-w2
100 Thieves,100T,2,Bo3,B,win,"[['Fracture', 13, 7, 6], ['Haven', 13, 7, 6]]",26,14,12,VCT 2025: Americas Stage 1,Group Stage: Week 2,"['100T Cryocells', '100T eeiu', '100T zander', '100T Boostio', '100T Asuna']",Lotus,Pearl,Haven,Split,-,Fracture,Haven,-,-,-,https://www.vlr.gg/459525/100-thieves-vs-evil-geniuses-champions-tour-2025-americas-stage-1-w2
Evil Geniuses,EG,0,Bo3,A,loss,"[['Fracture', 10, 6, 4], ['Haven', 7, 6, 1]]",17,12,5,VCT 2025: Americas Stage 1,Group Stage: Week 2,"['EG Derrek', 'EG NaturE', 'EG yay', 'EG supamen', 'EG icy']",Ascent,Icebox,Fracture,Split,-,Fracture,Haven,-,-,-,https://www.vlr.gg/459525/100-thieves-vs-evil-geniuses-champions-tour-2025-americas-stage-1-w2
G2 Esports,G2,2,Bo3,B,win,"[['Pearl', 12, 6, 6], ['Haven', 13, 6, 7], ['Ascent', 13, 8, 5]]",38,20,18,VCT 2025: Americas Stage 1,Group Stage: Week 2,"['G2 leaf', 'G2 jawgemo', 'G2 trent', 'G2 valyn', 'G2 JonahP']",Icebox,Split,Haven,Ascent,-,Pearl,Haven,Ascent,-,-,https://www.vlr.gg/459526/g2-esports-vs-mibr-champions-tour-2025-americas-stage-1-w2
MIBR,MIBR,1,Bo3,A,loss,"[['Pearl', 14, 6, 6], ['Haven', 11, 5, 6], ['Ascent', 8, 4, 4]]",33,15,16,VCT 2025: Americas Stage 1,Group Stage: Week 2,"['MIBR Verno', 'MIBR aspas', 'MIBR cortezia', 'MIBR xenom', 'MIBR artzin']",Lotus,Fracture,Pearl,Ascent,-,Pearl,Haven,Ascent,-,-,https://www.vlr.gg/459526/g2-esports-vs-mibr-champions-tour-2025-americas-stage-1-w2
LOUD,LOUD,0,Bo3,A,loss,"[['Lotus', 14, 5, 7], ['Pearl', 13, 7, 6]]",27,12,13,VCT 2025: Americas Stage 1,Group Stage: Week 2,"['LOUD pANcada', 'LOUD dgzin', 'LOUD cauanzin', 'LOUD tuyz', 'LOUD v1nny']",Ascent,Haven,Lotus,Split,-,Lotus,Pearl,-,-,-,https://www.vlr.gg/459527/loud-vs-2game-esports-champions-tour-2025-americas-stage-1-w2
2Game Esports,2G,2,Bo3,B,win,"[['Lotus', 12, 5, 7], ['Pearl', 11, 6, 5]]",23,11,12,VCT 2025: Americas Stage 1,Group Stage: Week 2,"['2G gobera', '2G Askia', '2G lz', '2G silentzz', '2G PxS']",Fracture,Icebox,Pearl,Split,-,Lotus,Pearl,-,-,-,https://www.vlr.gg/459527/loud-vs-2game-esports-champions-tour-2025-americas-stage-1-w2
LEVIATÁN,LEV,0,Bo3,B,loss,"[['Split', 8, 4, 4], ['Ascent', 3, 1, 2]]",11,5,6,VCT 2025: Americas Stage 1,Group Stage: Week 2,"['LEV Demon1', 'LEV kiNgg', 'LEV Rossy', 'LEV tex', 'LEV C0M']",Fracture,Pearl,Ascent,Lotus,-,Split,Ascent,-,-,-,https://www.vlr.gg/459528/leviat-n-vs-cloud9-champions-tour-2025-americas-stage-1-w2
Cloud9,C9,2,Bo3,A,win,"[['Split', 13, 8, 5], ['Ascent', 13, 2, 11]]",26,10,16,VCT 2025: Americas Stage 1,Group Stage: Week 2,"['C9 v1c', 'C9 Xeppaa', 'C9 OXY', 'C9 neT', 'C9 mitch']",Haven,Icebox,Split,Lotus,-,Split,Ascent,-,-,-,https://www.vlr.gg/459528/leviat-n-vs-cloud9-champions-tour-2025-americas-stage-1-w2
Evil Geniuses,EG,0,Bo3,A,loss,"[['Haven', 13, 10, 3], ['Pearl', 13, 6, 7]]",26,16,10,VCT 2025: Americas Stage 1,Group Stage: Week 3,"['EG supamen', 'EG icy', 'EG yay', 'EG NaturE', 'EG Derrek']",Split,Icebox,Haven,Lotus,-,Haven,Pearl,-,-,-,https://www.vlr.gg/459529/evil-geniuses-vs-sentinels-champions-tour-2025-americas-stage-1-w3
Sentinels,SEN,2,Bo3,B,win,"[['Haven', 4, 2, 2], ['Pearl', 6, 5, 1]]",10,7,3,VCT 2025: Americas Stage 1,Group Stage: Week 3,"['SEN N4RRATE', 'SEN bang', 'SEN zekken', 'SEN johnqt', 'SEN Zellsis']",Fracture,Ascent,Pearl,Lotus,-,Haven,Pearl,-,-,-,https://www.vlr.gg/459529/evil-geniuses-vs-sentinels-champions-tour-2025-americas-stage-1-w3
100 Thieves,100T,2,Bo3,A,win,"[['Haven', 13, 8, 5], ['Icebox', 11, 9, 2], ['Split', 8, 5, 3]]",32,22,10,VCT 2025: Americas Stage 1,Group Stage: Week 3,"['100T Cryocells', '100T eeiu', '100T Asuna', '100T zander', '100T Boostio']",Lotus,Pearl,Haven,Split,-,Haven,Icebox,Split,-,-,https://www.vlr.gg/459530/100-thieves-vs-loud-champions-tour-2025-americas-stage-1-w3
LOUD,LOUD,1,Bo3,B,loss,"[['Haven', 6, 2, 4], ['Icebox', 13, 10, 3], ['Split', 13, 6, 7]]",32,18,14,VCT 2025: Americas Stage 1,Group Stage: Week 3,"['LOUD lukxo', 'LOUD cauanzin', 'LOUD pANcada', 'LOUD dgzin', 'LOUD v1nny']",Ascent,Fracture,Icebox,Split,-,Haven,Icebox,Split,-,-,https://www.vlr.gg/459530/100-thieves-vs-loud-champions-tour-2025-americas-stage-1-w3
2Game Esports,2G,1,Bo3,B,loss,"[['Icebox', 6, 4, 2], ['Ascent', 13, 6, 7], ['Pearl', 6, 0, 6]]",25,10,15,VCT 2025: Americas Stage 1,Group Stage: Week 3,"['2G lz', '2G silentzz', '2G PxS', '2G Askia', '2G gobera']",Fracture,Lotus,Ascent,Pearl,-,Icebox,Ascent,Pearl,-,-,https://www.vlr.gg/459531/2game-esports-vs-kr-esports-champions-tour-2025-americas-stage-1-w3
KRÜ Esports,KRÜ,2,Bo3,A,win,"[['Icebox', 13, 5, 8], ['Ascent', 6, 0, 6], ['Pearl', 13, 1, 12]]",32,6,26,VCT 2025: Americas Stage 1,Group Stage: Week 3,"['KRÜ Melser', 'KRÜ adverso', 'KRÜ Mazino', 'KRÜ keznit', 'KRÜ Shyy']",Haven,Split,Icebox,Pearl,-,Icebox,Ascent,Pearl,-,-,https://www.vlr.gg/459531/2game-esports-vs-kr-esports-champions-tour-2025-americas-stage-1-w3
G2 Esports,G2,2,Bo3,B,win,"[['Lotus', 13, 2, 11], ['Ascent', 13, 10, 3]]",26,12,14,VCT 2025: Americas Stage 1,Group Stage: Week 3,"['G2 jawgemo', 'G2 leaf', 'G2 trent', 'G2 JonahP', 'G2 valyn']",Fracture,Haven,Ascent,Pearl,-,Lotus,Ascent,-,-,-,https://www.vlr.gg/459532/g2-esports-vs-nrg-esports-champions-tour-2025-americas-stage-1-w3
NRG,NRG,0,Bo3,A,loss,"[['Lotus', 1, 1, 0], ['Ascent', 6, 4, 2]]",7,5,2,VCT 2025: Americas Stage 1,Group Stage: Week 3,"['NRG brawk', 'NRG Ethan', 'NRG mada', 'NRG FiNESSE', 'NRG s0m']",Split,Icebox,Lotus,Pearl,-,Lotus,Ascent,-,-,-,https://www.vlr.gg/459532/g2-esports-vs-nrg-esports-champions-tour-2025-americas-stage-1-w3
FURIA,FUR,0,Bo3,A,loss,"[['Ascent', 13, 5, 8], ['Pearl', 13, 5, 8]]",26,10,16,VCT 2025: Americas Stage 1,Group Stage: Week 3,"['FUR heat', 'FUR Khalil', 'FUR pryze', 'FUR raafa', 'FUR havoc']",Fracture,Icebox,Ascent,Haven,-,Ascent,Pearl,-,-,-,https://www.vlr.gg/459533/furia-vs-leviat-n-champions-tour-2025-americas-stage-1-w3
LEVIATÁN,LEV,2,Bo3,B,win,"[['Ascent', 4, 4, 0], ['Pearl', 5, 4, 1]]",9,8,1,VCT 2025: Americas Stage 1,Group Stage: Week 3,"['LEV C0M', 'LEV kiNgg', 'LEV Demon1', 'LEV tex', 'LEV Rossy']",Lotus,Split,Pearl,Haven,-,Ascent,Pearl,-,-,-,https://www.vlr.gg/459533/furia-vs-leviat-n-champions-tour-2025-americas-stage-1-w3
Cloud9,C9,1,Bo3,B,loss,"[['Pearl', 13, 8, 5], ['Lotus', 13, 3, 9], ['Haven', 11, 8, 3]]",37,19,17,VCT 2025: Americas Stage 1,Group Stage: Week 3,"['C9 v1c', 'C9 OXY', 'C9 Xeppaa', 'C9 neT', 'C9 mitch']",Icebox,Ascent,Lotus,Haven,-,Pearl,Lotus,Haven,-,-,https://www.vlr.gg/459534/cloud9-vs-mibr-champions-tour-2025-americas-stage-1-w3
MIBR,MIBR,2,Bo3,A,win,"[['Pearl', 9, 7, 2], ['Lotus', 15, 3, 9], ['Haven', 13, 9, 4]]",37,19,15,VCT 2025: Americas Stage 1,Group Stage: Week 3,"['MIBR cortezia', 'MIBR aspas', 'MIBR Verno', 'MIBR xenom', 'MIBR artzin']",Fracture,Split,Pearl,Haven,-,Pearl,Lotus,Haven,-,-,https://www.vlr.gg/459534/cloud9-vs-mibr-champions-tour-2025-americas-stage-1-w3
100 Thieves,100T,2,Bo3,B,win,"[['Ascent', 15, 6, 6], ['Icebox', 13, 6, 7]]",28,12,13,VCT 2025: Americas Stage 1,Group Stage: Week 4,"['100T Cryocells', '100T Boostio', '100T Asuna', '100T zander', '100T eeiu']",Lotus,Pearl,Icebox,Split,-,Ascent,Icebox,-,-,-,https://www.vlr.gg/459535/100-thieves-vs-2game-esports-champions-tour-2025-americas-stage-1-w4
2Game Esports,2G,0,Bo3,A,loss,"[['Ascent', 13, 6, 6], ['Icebox', 6, 5, 1]]",19,11,7,VCT 2025: Americas Stage 1,Group Stage: Week 4,"['2G Askia', '2G lz', '2G PxS', '2G gobera', '2G silentzz']",Fracture,Haven,Ascent,Split,-,Ascent,Icebox,-,-,-,https://www.vlr.gg/459535/100-thieves-vs-2game-esports-champions-tour-2025-americas-stage-1-w4
G2 Esports,G2,2,Bo3,A,win,"[['Lotus', 10, 6, 4], ['Fracture', 13, 5, 8], ['Haven', 7, 2, 5]]",30,13,17,VCT 2025: Americas Stage 1,Group Stage: Week 4,"['G2 trent', 'G2 valyn', 'G2 leaf', 'G2 jawgemo', 'G2 JonahP']",Icebox,Pearl,Lotus,Haven,-,Lotus,Fracture,Haven,-,-,https://www.vlr.gg/459536/g2-esports-vs-leviat-n-champions-tour-2025-americas-stage-1-w4
LEVIATÁN,LEV,1,Bo3,B,loss,"[['Lotus', 13, 7, 6], ['Fracture', 11, 4, 7], ['Haven', 13, 3, 10]]",37,14,23,VCT 2025: Americas Stage 1,Group Stage: Week 4,"['LEV Demon1', 'LEV Rossy', 'LEV tex', 'LEV C0M', 'LEV kiNgg']",Ascent,Split,Fracture,Haven,-,Lotus,Fracture,Haven,-,-,https://www.vlr.gg/459536/g2-esports-vs-leviat-n-champions-tour-2025-americas-stage-1-w4
FURIA,FUR,0,Bo3,A,loss,"[['Lotus', 16, 8, 4], ['Pearl', 13, 2, 11]]",29,10,15,VCT 2025: Americas Stage 1,Group Stage: Week 4,"['FUR Khalil', 'FUR raafa', 'FUR heat', 'FUR havoc', 'FUR pryze']",Fracture,Icebox,Lotus,Split,-,Lotus,Pearl,-,-,-,https://www.vlr.gg/459537/furia-vs-cloud9-champions-tour-2025-americas-stage-1-w4
Cloud9,C9,2,Bo3,B,win,"[['Lotus', 14, 8, 4], ['Pearl', 1, 1, 0]]",15,9,4,VCT 2025: Americas Stage 1,Group Stage: Week 4,"['C9 v1c', 'C9 OXY', 'C9 Xeppaa', 'C9 mitch', 'C9 neT']",Haven,Ascent,Pearl,Split,-,Lotus,Pearl,-,-,-,https://www.vlr.gg/459537/furia-vs-cloud9-champions-tour-2025-americas-stage-1-w4
Sentinels,SEN,2,Bo3,A,win,"[['Split', 10, 5, 5], ['Lotus', 13, 7, 6], ['Haven', 5, 2, 3]]",28,14,14,VCT 2025: Americas Stage 1,Group Stage: Week 4,"['SEN N4RRATE', 'SEN johnqt', 'SEN bang', 'SEN zekken', 'SEN Zellsis']",Fracture,Icebox,Split,Haven,-,Split,Lotus,Haven,-,-,https://www.vlr.gg/459538/sentinels-vs-loud-champions-tour-2025-americas-stage-1-w4
LOUD,LOUD,1,Bo3,B,loss,"[['Split', 13, 7, 6], ['Lotus', 11, 6, 5], ['Haven', 13, 9, 4]]",37,22,15,VCT 2025: Americas Stage 1,Group Stage: Week 4,"['LOUD lukxo', 'LOUD dgzin', 'LOUD tuyz', 'LOUD pANcada', 'LOUD cauanzin']",Pearl,Ascent,Lotus,Haven,-,Split,Lotus,Haven,-,-,https://www.vlr.gg/459538/sentinels-vs-loud-champions-tour-2025-americas-stage-1-w4
KRÜ Esports,KRÜ,0,Bo3,A,loss,"[['Lotus', 13, 10, 3], ['Pearl', 13, 10, 3]]",26,20,6,VCT 2025: Americas Stage 1,Group Stage: Week 4,"['KRÜ Mazino', 'KRÜ Shyy', 'KRÜ keznit', 'KRÜ Melser', 'KRÜ adverso']",Fracture,Ascent,Lotus,Split,-,Lotus,Pearl,-,-,-,https://www.vlr.gg/459539/kr-esports-vs-evil-geniuses-champions-tour-2025-americas-stage-1-w4
Evil Geniuses,EG,2,Bo3,B,win,"[['Lotus', 4, 2, 2], ['Pearl', 7, 5, 2]]",11,7,4,VCT 2025: Americas Stage 1,Group Stage: Week 4,"['EG supamen', 'EG Derrek', 'EG NaturE', 'EG icy', 'EG yay']",Icebox,Haven,Pearl,Split,-,Lotus,Pearl,-,-,-,https://www.vlr.gg/459539/kr-esports-vs-evil-geniuses-champions-tour-2025-americas-stage-1-w4
NRG,NRG,0,Bo3,A,loss,"[['Haven', 13, 6, 7], ['Icebox', 13, 4, 9]]",26,10,16,VCT 2025: Americas Stage 1,Group Stage: Week 4,"['NRG Ethan', 'NRG mada', 'NRG FiNESSE', 'NRG s0m', 'NRG brawk']",Split,Lotus,Haven,Pearl,-,Haven,Icebox,-,-,-,https://www.vlr.gg/459540/nrg-esports-vs-mibr-champions-tour-2025-americas-stage-1-w4
MIBR,MIBR,2,Bo3,B,win,"[['Haven', 6, 0, 6], ['Icebox', 5, 3, 2]]",11,3,8,VCT 2025: Americas Stage 1,Group Stage: Week 4,"['MIBR Verno', 'MIBR aspas', 'MIBR xenom', 'MIBR cortezia', 'MIBR artzin']",Fracture,Ascent,Icebox,Pearl,-,Haven,Icebox,-,-,-,https://www.vlr.gg/459540/nrg-esports-vs-mibr-champions-tour-2025-americas-stage-1-w4
G2 Esports,G2,2,Bo3,B,win,"[['Icebox', 13, 8, 5], ['Haven', 4, 1, 3], ['Pearl', 13, 7, 6]]",30,16,14,VCT 2025: Americas Stage 1,Group Stage: Week 5,"['G2 trent', 'G2 jawgemo', 'G2 leaf', 'G2 valyn', 'G2 JonahP']",Fracture,Ascent,Haven,Pearl,-,Icebox,Haven,Pearl,-,-,https://www.vlr.gg/459541/g2-esports-vs-cloud9-champions-tour-2025-americas-stage-1-w5
Cloud9,C9,1,Bo3,A,loss,"[['Icebox', 5, 1, 4], ['Haven', 13, 9, 4], ['Pearl', 11, 6, 5]]",29,16,13,VCT 2025: Americas Stage 1,Group Stage: Week 5,"['C9 mitch', 'C9 v1c', 'C9 Xeppaa', 'C9 neT', 'C9 OXY']",Lotus,Split,Icebox,Pearl,-,Icebox,Haven,Pearl,-,-,https://www.vlr.gg/459541/g2-esports-vs-cloud9-champions-tour-2025-americas-stage-1-w5
MIBR,MIBR,2,Bo3,A,win,"[['Icebox', 3, 3, 0], ['Ascent', 13, 10, 3], ['Split', 8, 3, 5]]",24,16,8,VCT 2025: Americas Stage 1,Group Stage: Week 5,"['MIBR aspas', 'MIBR Verno', 'MIBR xenom', 'MIBR cortezia', 'MIBR artzin']",Fracture,Lotus,Icebox,Split,-,Icebox,Ascent,Split,-,-,https://www.vlr.gg/459542/mibr-vs-furia-champions-tour-2025-americas-stage-1-w5
FURIA,FUR,1,Bo3,B,loss,"[['Icebox', 13, 4, 9], ['Ascent', 9, 7, 2], ['Split', 13, 7, 6]]",35,18,17,VCT 2025: Americas Stage 1,Group Stage: Week 5,"['FUR pryze', 'FUR Khalil', 'FUR heat', 'FUR havoc', 'FUR raafa']",Pearl,Haven,Ascent,Split,-,Icebox,Ascent,Split,-,-,https://www.vlr.gg/459542/mibr-vs-furia-champions-tour-2025-americas-stage-1-w5
Sentinels,SEN,2,Bo3,B,win,"[['Haven', 13, 9, 4], ['Pearl', 13, 5, 8]]",26,14,12,VCT 2025: Americas Stage 1,Group Stage: Week 5,"['SEN zekken', 'SEN bang', 'SEN johnqt', 'SEN N4RRATE', 'SEN Zellsis']",Ascent,Icebox,Pearl,Split,-,Haven,Pearl,-,-,-,https://www.vlr.gg/459543/sentinels-vs-2game-esports-champions-tour-2025-americas-stage-1-w5
2Game Esports,2G,0,Bo3,A,loss,"[['Haven', 4, 1, 3], ['Pearl', 5, 4, 1]]",9,5,4,VCT 2025: Americas Stage 1,Group Stage: Week 5,"['2G Askia', '2G PxS', '2G gobera', '2G silentzz', '2G lz']",Fracture,Lotus,Haven,Split,-,Haven,Pearl,-,-,-,https://www.vlr.gg/459543/sentinels-vs-2game-esports-champions-tour-2025-americas-stage-1-w5
KRÜ Esports,KRÜ,2,Bo3,B,win,"[['Fracture', 13, 6, 7], ['Icebox', 13, 6, 7]]",26,12,14,VCT 2025: Americas Stage 1,Group Stage: Week 5,"['KRÜ Shyy', 'KRÜ adverso', 'KRÜ keznit', 'KRÜ Melser', 'KRÜ Mazino']",Haven,Ascent,Icebox,Split,-,Fracture,Icebox,-,-,-,https://www.vlr.gg/459544/kr-esports-vs-100-thieves-champions-tour-2025-americas-stage-1-w5
100 Thieves,100T,0,Bo3,A,loss,"[['Fracture', 10, 4, 6], ['Icebox', 9, 3, 6]]",19,7,12,VCT 2025: Americas Stage 1,Group Stage: Week 5,"['100T eeiu', '100T Cryocells', '100T Asuna', '100T zander', '100T Boostio']",Lotus,Pearl,Fracture,Split,-,Fracture,Icebox,-,-,-,https://www.vlr.gg/459544/kr-esports-vs-100-thieves-champions-tour-2025-americas-stage-1-w5
Evil Geniuses,EG,2,Bo3,B,win,"[['Lotus', 11, 6, 5], ['Pearl', 14, 6, 6], ['Split', 13, 4, 9]]",38,16,20,VCT 2025: Americas Stage 1,Group Stage: Week 5,"['EG icy', 'EG Derrek', 'EG yay', 'EG supamen', 'EG NaturE']",Haven,Icebox,Pearl,Split,-,Lotus,Pearl,Split,-,-,https://www.vlr.gg/459545/evil-geniuses-vs-loud-champions-tour-2025-americas-stage-1-w5
LOUD,LOUD,1,Bo3,A,loss,"[['Lotus', 13, 7, 6], ['Pearl', 12, 6, 6], ['Split', 11, 3, 8]]",36,16,20,VCT 2025: Americas Stage 1,Group Stage: Week 5,"['LOUD pANcada', 'LOUD lukxo', 'LOUD tuyz', 'LOUD cauanzin', 'LOUD dgzin']",Ascent,Fracture,Lotus,Split,-,Lotus,Pearl,Split,-,-,https://www.vlr.gg/459545/evil-geniuses-vs-loud-champions-tour-2025-americas-stage-1-w5
LEVIATÁN,LEV,0,Bo3,B,loss,"[['Fracture', 13, 5, 7], ['Icebox', 8, 2, 6]]",21,7,13,VCT 2025: Americas Stage 1,Group Stage: Week 5,"['LEV kiNgg', 'LEV Demon1', 'LEV tex', 'LEV C0M', 'LEV Rossy']",Pearl,Ascent,Icebox,Lotus,-,Fracture,Icebox,-,-,-,https://www.vlr.gg/459546/leviat-n-vs-nrg-esports-champions-tour-2025-americas-stage-1-w5
NRG,NRG,2,Bo3,A,win,"[['Fracture', 15, 5, 7], ['Icebox', 13, 6, 7]]",28,11,14,VCT 2025: Americas Stage 1,Group Stage: Week 5,"['NRG mada', 'NRG Ethan', 'NRG s0m', 'NRG brawk', 'NRG FiNESSE']",Split,Haven,Fracture,Lotus,-,Fracture,Icebox,-,-,-,https://www.vlr.gg/459546/leviat-n-vs-nrg-esports-champions-tour-2025-americas-stage-1-w5
MIBR,MIBR,2,Bo3,B,win,"[['Split', 13, 7, 6], ['Icebox', 13, 4, 9]]",26,11,15,VCT 2025: Americas Stage 1,Playoffs: Upper Round 1,"['MIBR Verno', 'MIBR aspas', 'MIBR cortezia', 'MIBR xenom', 'MIBR artzin']",Fracture,Ascent,Icebox,Haven,-,Split,Icebox,-,-,-,https://www.vlr.gg/475897/mibr-vs-100-thieves-champions-tour-2025-americas-stage-1-ubr1
100 Thieves,100T,0,Bo3,A,loss,"[['Split', 10, 5, 5], ['Icebox', 4, 3, 1]]",14,8,6,VCT 2025: Americas Stage 1,Playoffs: Upper Round 1,"['100T eeiu', '100T Cryocells', '100T Asuna', '100T zander', '100T Boostio']",Lotus,Pearl,Split,Haven,-,Split,Icebox,-,-,-,https://www.vlr.gg/475897/mibr-vs-100-thieves-champions-tour-2025-americas-stage-1-ubr1
Sentinels,SEN,2,Bo3,B,win,"[['Ascent', 13, 4, 9], ['Pearl', 13, 9, 4]]",26,13,13,VCT 2025: Americas Stage 1,Playoffs: Upper Round 1,"['SEN zekken', 'SEN bang', 'SEN johnqt', 'SEN Zellsis', 'SEN N4RRATE']",Fracture,Lotus,Pearl,Icebox,-,Ascent,Pearl,-,-,-,https://www.vlr.gg/475898/sentinels-vs-cloud9-champions-tour-2025-americas-stage-1-ubr1
Cloud9,C9,0,Bo3,A,loss,"[['Ascent', 9, 3, 6], ['Pearl', 9, 6, 3]]",18,9,9,VCT 2025: Americas Stage 1,Playoffs: Upper Round 1,"['C9 mitch', 'C9 v1c', 'C9 OXY', 'C9 Xeppaa', 'C9 neT']",Split,Haven,Ascent,Icebox,-,Ascent,Pearl,-,-,-,https://www.vlr.gg/475898/sentinels-vs-cloud9-champions-tour-2025-americas-stage-1-ubr1
100 Thieves,100T,2,Bo3,A,win,"[['Fracture', 5, 4, 1], ['Haven', 11, 3, 8]]",16,7,9,VCT 2025: Americas Stage 1,Playoffs: Lower Round 1,"['100T zander', '100T Cryocells', '100T Asuna', '100T Boostio', '100T eeiu']",Lotus,Pearl,Fracture,Icebox,-,Fracture,Haven,-,-,-,https://www.vlr.gg/475903/100-thieves-vs-nrg-esports-champions-tour-2025-americas-stage-1-lr1
NRG,NRG,0,Bo3,B,loss,"[['Fracture', 13, 5, 8], ['Haven', 13, 4, 9]]",26,9,17,VCT 2025: Americas Stage 1,Playoffs: Lower Round 1,"['NRG mada', 'NRG Ethan', 'NRG brawk', 'NRG s0m', 'NRG FiNESSE']",Split,Ascent,Haven,Icebox,-,Fracture,Haven,-,-,-,https://www.vlr.gg/475903/100-thieves-vs-nrg-esports-champions-tour-2025-americas-stage-1-lr1
Cloud9,C9,0,Bo3,B,loss,"[['Fracture', 9, 4, 5], ['Icebox', 13, 5, 7]]",22,9,12,VCT 2025: Americas Stage 1,Playoffs: Lower Round 1,"['C9 mitch', 'C9 v1c', 'C9 OXY', 'C9 Xeppaa', 'C9 neT']",Lotus,Pearl,Icebox,Split,-,Fracture,Icebox,-,-,-,https://www.vlr.gg/475904/cloud9-vs-evil-geniuses-champions-tour-2025-americas-stage-1-lr1
Evil Geniuses,EG,2,Bo3,A,win,"[['Fracture', 13, 5, 8], ['Icebox', 15, 5, 7]]",28,10,15,VCT 2025: Americas Stage 1,Playoffs: Lower Round 1,"['EG yay', 'EG icy', 'EG supamen', 'EG Derrek', 'EG NaturE']",Haven,Ascent,Fracture,Split,-,Fracture,Icebox,-,-,-,https://www.vlr.gg/475904/cloud9-vs-evil-geniuses-champions-tour-2025-americas-stage-1-lr1
KRÜ Esports,KRÜ,0,Bo3,A,loss,"[['Lotus', 13, 8, 5], ['Icebox', 13, 9, 4]]",26,17,9,VCT 2025: Americas Stage 1,Playoffs: Upper Semifinals,"['KRÜ Shyy', 'KRÜ keznit', 'KRÜ adverso', 'KRÜ Mazino', 'KRÜ Melser']",Pearl,Haven,Lotus,Ascent,-,Lotus,Icebox,-,-,-,https://www.vlr.gg/475899/kr-esports-vs-mibr-champions-tour-2025-americas-stage-1-ubsf
MIBR,MIBR,2,Bo3,B,win,"[['Lotus', 8, 4, 4], ['Icebox', 5, 2, 3]]",13,6,7,VCT 2025: Americas Stage 1,Playoffs: Upper Semifinals,"['MIBR aspas', 'MIBR Verno', 'MIBR cortezia', 'MIBR artzin', 'MIBR xenom']",Fracture,Split,Icebox,Ascent,-,Lotus,Icebox,-,-,-,https://www.vlr.gg/475899/kr-esports-vs-mibr-champions-tour-2025-americas-stage-1-ubsf
G2 Esports,G2,1,Bo3,B,loss,"[['Split', 13, 8, 5], ['Icebox', 11, 5, 6], ['Ascent', 11, 2, 9]]",35,15,20,VCT 2025: Americas Stage 1,Playoffs: Upper Semifinals,"['G2 trent', 'G2 leaf', 'G2 valyn', 'G2 jawgemo', 'G2 JonahP']",Haven,Pearl,Icebox,Ascent,-,Split,Icebox,Ascent,-,-,https://www.vlr.gg/475900/g2-esports-vs-sentinels-champions-tour-2025-americas-stage-1-ubsf
Sentinels,SEN,2,Bo3,A,win,"[['Split', 5, 1, 4], ['Icebox', 13, 6, 7], ['Ascent', 13, 3, 10]]",31,10,21,VCT 2025: Americas Stage 1,Playoffs: Upper Semifinals,"['SEN bang', 'SEN johnqt', 'SEN Zellsis', 'SEN zekken', 'SEN N4RRATE']",Fracture,Lotus,Split,Ascent,-,Split,Icebox,Ascent,-,-,https://www.vlr.gg/475900/g2-esports-vs-sentinels-champions-tour-2025-americas-stage-1-ubsf
KRÜ Esports,KRÜ,0,Bo3,B,loss,"[['Lotus', 12, 7, 5], ['Icebox', 11, 8, 3]]",23,15,8,VCT 2025: Americas Stage 1,Playoffs: Lower Round 2,"['KRÜ Shyy', 'KRÜ keznit', 'KRÜ Mazino', 'KRÜ Melser', 'KRÜ adverso']",Pearl,Fracture,Icebox,Split,-,Lotus,Icebox,-,-,-,https://www.vlr.gg/475906/kr-esports-vs-evil-geniuses-champions-tour-2025-americas-stage-1-lr2
Evil Geniuses,EG,2,Bo3,A,win,"[['Lotus', 14, 7, 5], ['Icebox', 13, 9, 4]]",27,16,9,VCT 2025: Americas Stage 1,Playoffs: Lower Round 2,"['EG icy', 'EG yay', 'EG Derrek', 'EG NaturE', 'EG supamen']",Haven,Ascent,Lotus,Split,-,Lotus,Icebox,-,-,-,https://www.vlr.gg/475906/kr-esports-vs-evil-geniuses-champions-tour-2025-americas-stage-1-lr2
G2 Esports,G2,2,Bo3,B,win,"[['Haven', 13, 8, 5], ['Split', 12, 6, 6], ['Pearl', 16, 6, 6]]",41,20,17,VCT 2025: Americas Stage 1,Playoffs: Lower Round 2,"['G2 trent', 'G2 leaf', 'G2 jawgemo', 'G2 valyn', 'G2 JonahP']",Fracture,Icebox,Split,Pearl,-,Haven,Split,Pearl,-,-,https://www.vlr.gg/475905/g2-esports-vs-100-thieves-champions-tour-2025-americas-stage-1-lr2
100 Thieves,100T,1,Bo3,A,loss,"[['Haven', 4, 0, 4], ['Split', 14, 6, 6], ['Pearl', 14, 6, 6]]",32,12,16,VCT 2025: Americas Stage 1,Playoffs: Lower Round 2,"['100T Cryocells', '100T eeiu', '100T zander', '100T Asuna', '100T Boostio']",Lotus,Ascent,Haven,Pearl,-,Haven,Split,Pearl,-,-,https://www.vlr.gg/475905/g2-esports-vs-100-thieves-champions-tour-2025-americas-stage-1-lr2
MIBR,MIBR,0,Bo3,A,loss,"[['Lotus', 13, 9, 4], ['Split', 13, 5, 8]]",26,14,12,VCT 2025: Americas Stage 1,Playoffs: Upper Final,"['MIBR Verno', 'MIBR xenom', 'MIBR aspas', 'MIBR cortezia', 'MIBR artzin']",Pearl,Ascent,Lotus,Haven,-,Lotus,Split,-,-,-,https://www.vlr.gg/475901/mibr-vs-sentinels-champions-tour-2025-americas-stage-1-ubf
Sentinels,SEN,2,Bo3,B,win,"[['Lotus', 7, 4, 3], ['Split', 11, 4, 7]]",18,8,10,VCT 2025: Americas Stage 1,Playoffs: Upper Final,"['SEN zekken', 'SEN johnqt', 'SEN bang', 'SEN N4RRATE', 'SEN Zellsis']",Icebox,Fracture,Split,Haven,-,Lotus,Split,-,-,-,https://www.vlr.gg/475901/mibr-vs-sentinels-champions-tour-2025-americas-stage-1-ubf
G2 Esports,G2,2,Bo3,B,win,"[['Lotus', 9, 1, 8], ['Split', 13, 8, 5], ['Pearl', 13, 8, 5]]",35,17,18,VCT 2025: Americas Stage 1,Playoffs: Lower Round 3,"['G2 leaf', 'G2 trent', 'G2 JonahP', 'G2 jawgemo', 'G2 valyn']",Fracture,Ascent,Split,Pearl,-,Lotus,Split,Pearl,-,-,https://www.vlr.gg/475907/g2-esports-vs-evil-geniuses-champions-tour-2025-americas-stage-1-lr3
Evil Geniuses,EG,1,Bo3,A,loss,"[['Lotus', 13, 4, 9], ['Split', 7, 3, 4], ['Pearl', 11, 7, 4]]",31,14,17,VCT 2025: Americas Stage 1,Playoffs: Lower Round 3,"['EG supamen', 'EG yay', 'EG Derrek', 'EG icy', 'EG NaturE']",Haven,Icebox,Lotus,Pearl,-,Lotus,Split,Pearl,-,-,https://www.vlr.gg/475907/g2-esports-vs-evil-geniuses-champions-tour-2025-americas-stage-1-lr3
MIBR,MIBR,1,Bo5,A,loss,"[['Haven', 10, 6, 4], ['Lotus', 15, 5, 7], ['Split', 13, 8, 5], ['Ascent', 13, 6, 7]]",51,25,23,VCT 2025: Americas Stage 1,Playoffs: Lower Final,"['MIBR aspas', 'MIBR Verno', 'MIBR xenom', 'MIBR artzin', 'MIBR cortezia']",Pearl,-,Haven,Split,Fracture,Haven,Lotus,Split,Ascent,-,https://www.vlr.gg/475908/mibr-vs-g2-esports-champions-tour-2025-americas-stage-1-lbf
G2 Esports,G2,3,Bo5,B,win,"[['Haven', 13, 7, 6], ['Lotus', 13, 5, 7], ['Split', 10, 7, 3], ['Ascent', 8, 2, 6]]",44,21,22,VCT 2025: Americas Stage 1,Playoffs: Lower Final,"['G2 trent', 'G2 leaf', 'G2 valyn', 'G2 jawgemo', 'G2 JonahP']",Icebox,-,Lotus,Ascent,Fracture,Haven,Lotus,Split,Ascent,-,https://www.vlr.gg/475908/mibr-vs-g2-esports-champions-tour-2025-americas-stage-1-lbf
Sentinels,SEN,1,Bo5,A,loss,"[['Haven', 13, 8, 5], ['Split', 13, 6, 7], ['Pearl', 10, 8, 2], ['Ascent', 13, 5, 8]]",49,27,22,VCT 2025: Americas Stage 1,Playoffs: Grand Final,"['SEN johnqt', 'SEN bang', 'SEN zekken', 'SEN N4RRATE', 'SEN Zellsis']",Fracture,Lotus,Haven,Pearl,Icebox,Haven,Split,Pearl,Ascent,-,https://www.vlr.gg/475902/sentinels-vs-g2-esports-champions-tour-2025-americas-stage-1-gf
G2 Esports,G2,3,Bo5,B,win,"[['Haven', 9, 7, 2], ['Split', 9, 3, 6], ['Pearl', 13, 10, 3], ['Ascent', 10, 3, 7]]",41,23,18,VCT 2025: Americas Stage 1,Playoffs: Grand Final,"['G2 trent', 'G2 valyn', 'G2 leaf', 'G2 jawgemo', 'G2 JonahP']",-,-,Split,Ascent,Icebox,Haven,Split,Pearl,Ascent,-,https://www.vlr.gg/475902/sentinels-vs-g2-esports-champions-tour-2025-americas-stage-1-gf
EDward Gaming,EDG,2,Bo3,B,win,"[['Split', 18, 6, 6], ['Pearl', 13, 7, 6]]",31,13,12,Valorant Masters Bangkok 2025,Swiss Stage: Round 1,"['EDG CHICHOO', 'EDG ZmjjKK', 'EDG nobody', 'EDG S1Mon', 'EDG Smoggy']",Abyss,Haven,Pearl,Bind,-,Split,Pearl,-,-,-,https://www.vlr.gg/448598/edward-gaming-vs-team-liquid-champions-tour-2025-masters-bangkok-r1
Team Liquid,TL,0,Bo3,A,loss,"[['Split', 16, 6, 6], ['Pearl', 6, 1, 5]]",22,7,11,Valorant Masters Bangkok 2025,Swiss Stage: Round 1,"['TL kamo', 'TL keiko', 'TL nAts', 'TL kamyk', 'TL paTiTek']",Lotus,Fracture,Split,Bind,-,Split,Pearl,-,-,-,https://www.vlr.gg/448598/edward-gaming-vs-team-liquid-champions-tour-2025-masters-bangkok-r1
DRX,DRX,2,Bo3,B,win,"[['Lotus', 13, 9, 4], ['Haven', 13, 7, 6]]",26,16,10,Valorant Masters Bangkok 2025,Swiss Stage: Round 1,"['DRX Flashback', 'DRX BeYN', 'DRX free1ng', 'DRX MaKo', 'DRX HYUNMIN']",Pearl,Split,Haven,Abyss,-,Lotus,Haven,-,-,-,https://www.vlr.gg/448600/drx-vs-sentinels-champions-tour-2025-masters-bangkok-r1
Sentinels,SEN,0,Bo3,A,loss,"[['Lotus', 3, 0, 3], ['Haven', 10, 6, 4]]",13,6,7,Valorant Masters Bangkok 2025,Swiss Stage: Round 1,"['SEN bang', 'SEN N4RRATE', 'SEN johnqt', 'SEN zekken', 'SEN Zellsis']",Fracture,Bind,Lotus,Abyss,-,Lotus,Haven,-,-,-,https://www.vlr.gg/448600/drx-vs-sentinels-champions-tour-2025-masters-bangkok-r1
Team Vitality,VIT,2,Bo3,A,win,"[['Fracture', 10, 3, 7], ['Bind', 9, 4, 5]]",19,7,12,Valorant Masters Bangkok 2025,Swiss Stage: Round 1,"['VIT trexx', 'VIT Less', 'VIT Derke', 'VIT Kicks', 'VIT Sayf']",Pearl,Lotus,Fracture,Split,-,Fracture,Bind,-,-,-,https://www.vlr.gg/448599/team-vitality-vs-t1-champions-tour-2025-masters-bangkok-r1
T1,T1,0,Bo3,B,loss,"[['Fracture', 13, 5, 8], ['Bind', 13, 7, 6]]",26,12,14,Valorant Masters Bangkok 2025,Swiss Stage: Round 1,"['T1 BuZz', 'T1 Meteor', 'T1 iZu', 'T1 stax', 'T1 carpe']",Abyss,Haven,Bind,Split,-,Fracture,Bind,-,-,-,https://www.vlr.gg/448599/team-vitality-vs-t1-champions-tour-2025-masters-bangkok-r1
G2 Esports,G2,2,Bo3,B,win,"[['Lotus', 13, 7, 6], ['Abyss', 13, 4, 9]]",26,11,15,Valorant Masters Bangkok 2025,Swiss Stage: Round 1,"['G2 trent', 'G2 leaf', 'G2 valyn', 'G2 JonahP', 'G2 jawgemo']",Bind,Split,Abyss,Pearl,-,Lotus,Abyss,-,-,-,https://www.vlr.gg/448597/g2-esports-vs-trace-esports-champions-tour-2025-masters-bangkok-r1
Trace Esports,TE,0,Bo3,A,loss,"[['Lotus', 8, 3, 5], ['Abyss', 3, 3, 0]]",11,6,5,Valorant Masters Bangkok 2025,Swiss Stage: Round 1,"['TE Biank', 'TE LuoK1ng', 'TE heybay', 'TE FengF', 'TE Kai']",Fracture,Haven,Lotus,Pearl,-,Lotus,Abyss,-,-,-,https://www.vlr.gg/448597/g2-esports-vs-trace-esports-champions-tour-2025-masters-bangkok-r1
DRX,DRX,1,Bo3,B,loss,"[['Bind', 8, 4, 4], ['Abyss', 13, 7, 6], ['Split', 11, 6, 5]]",32,17,15,Valorant Masters Bangkok 2025,Swiss Stage: Round 2 (1-0),"['DRX HYUNMIN', 'DRX free1ng', 'DRX BeYN', 'DRX MaKo', 'DRX Flashback']",Haven,Lotus,Abyss,Split,-,Bind,Abyss,Split,-,-,https://www.vlr.gg/449000/drx-vs-team-vitality-champions-tour-2025-masters-bangkok-r2-1-0
Team Vitality,VIT,2,Bo3,A,win,"[['Bind', 13, 5, 8], ['Abyss', 11, 6, 5], ['Split', 13, 7, 6]]",37,18,19,Valorant Masters Bangkok 2025,Swiss Stage: Round 2 (1-0),"['VIT Derke', 'VIT trexx', 'VIT Kicks', 'VIT Less', 'VIT Sayf']",Pearl,Fracture,Bind,Split,-,Bind,Abyss,Split,-,-,https://www.vlr.gg/449000/drx-vs-team-vitality-champions-tour-2025-masters-bangkok-r2-1-0
EDward Gaming,EDG,2,Bo3,B,win,"[['Pearl', 16, 6, 6], ['Bind', 13, 5, 8], ['Fracture', 13, 2, 11]]",42,13,25,Valorant Masters Bangkok 2025,Swiss Stage: Round 2 (1-0),"['EDG CHICHOO', 'EDG Smoggy', 'EDG ZmjjKK', 'EDG nobody', 'EDG S1Mon']",Abyss,Lotus,Bind,Fracture,-,Pearl,Bind,Fracture,-,-,https://www.vlr.gg/449001/edward-gaming-vs-g2-esports-champions-tour-2025-masters-bangkok-r2-1-0
G2 Esports,G2,1,Bo3,A,loss,"[['Pearl', 18, 6, 6], ['Bind', 8, 4, 4], ['Fracture', 4, 1, 3]]",30,11,13,Valorant Masters Bangkok 2025,Swiss Stage: Round 2 (1-0),"['G2 trent', 'G2 valyn', 'G2 jawgemo', 'G2 JonahP', 'G2 leaf']",Haven,Split,Pearl,Fracture,-,Pearl,Bind,Fracture,-,-,https://www.vlr.gg/449001/edward-gaming-vs-g2-esports-champions-tour-2025-masters-bangkok-r2-1-0
T1,T1,2,Bo3,B,win,"[['Lotus', 13, 4, 9], ['Haven', 13, 7, 6]]",26,11,15,Valorant Masters Bangkok 2025,Swiss Stage: Round 2 (0-1),"['T1 iZu', 'T1 BuZz', 'T1 Meteor', 'T1 stax', 'T1 Sylvan']",Abyss,Bind,Haven,Split,-,Lotus,Haven,-,-,-,https://www.vlr.gg/449002/t1-vs-trace-esports-champions-tour-2025-masters-bangkok-r2-0-1
Trace Esports,TE,0,Bo3,A,loss,"[['Lotus', 3, 3, 0], ['Haven', 8, 6, 2]]",11,9,2,Valorant Masters Bangkok 2025,Swiss Stage: Round 2 (0-1),"['TE Kai', 'TE Biank', 'TE LuoK1ng', 'TE heybay', 'TE FengF']",Fracture,Pearl,Lotus,Split,-,Lotus,Haven,-,-,-,https://www.vlr.gg/449002/t1-vs-trace-esports-champions-tour-2025-masters-bangkok-r2-0-1
Team Liquid,TL,2,Bo3,B,win,"[['Lotus', 7, 5, 2], ['Abyss', 16, 5, 7], ['Bind', 13, 2, 11]]",36,12,20,Valorant Masters Bangkok 2025,Swiss Stage: Round 2 (0-1),"['TL nAts', 'TL keiko', 'TL paTiTek', 'TL kamyk', 'TL kamo']",Pearl,Split,Abyss,Bind,-,Lotus,Abyss,Bind,-,-,https://www.vlr.gg/449003/team-liquid-vs-sentinels-champions-tour-2025-masters-bangkok-r2-0-1
Sentinels,SEN,1,Bo3,A,loss,"[['Lotus', 13, 6, 7], ['Abyss', 14, 5, 7], ['Bind', 1, 1, 0]]",28,12,14,Valorant Masters Bangkok 2025,Swiss Stage: Round 2 (0-1),"['SEN N4RRATE', 'SEN zekken', 'SEN bang', 'SEN johnqt', 'SEN Zellsis']",Fracture,Haven,Lotus,Bind,-,Lotus,Abyss,Bind,-,-,https://www.vlr.gg/449003/team-liquid-vs-sentinels-champions-tour-2025-masters-bangkok-r2-0-1
T1,T1,2,Bo3,B,win,"[['Fracture', 13, 8, 5], ['Pearl', 13, 5, 8]]",26,13,13,Valorant Masters Bangkok 2025,Swiss Stage: Round 3,"['T1 iZu', 'T1 Meteor', 'T1 Sylvan', 'T1 BuZz', 'T1 stax']",Abyss,Bind,Pearl,Haven,-,Fracture,Pearl,-,-,-,https://www.vlr.gg/449004/t1-vs-drx-champions-tour-2025-masters-bangkok-r3
DRX,DRX,0,Bo3,A,loss,"[['Fracture', 11, 7, 4], ['Pearl', 4, 4, 0]]",15,11,4,Valorant Masters Bangkok 2025,Swiss Stage: Round 3,"['DRX free1ng', 'DRX BeYN', 'DRX Flashback', 'DRX MaKo', 'DRX HYUNMIN']",Lotus,Split,Fracture,Haven,-,Fracture,Pearl,-,-,-,https://www.vlr.gg/449004/t1-vs-drx-champions-tour-2025-masters-bangkok-r3
G2 Esports,G2,2,Bo3,B,win,"[['Haven', 13, 5, 8], ['Lotus', 13, 6, 7]]",26,11,15,Valorant Masters Bangkok 2025,Swiss Stage: Round 3,"['G2 valyn', 'G2 JonahP', 'G2 trent', 'G2 leaf', 'G2 jawgemo']",Split,Bind,Lotus,Abyss,-,Haven,Lotus,-,-,-,https://www.vlr.gg/449005/g2-esports-vs-team-liquid-champions-tour-2025-masters-bangkok-r3
Team Liquid,TL,0,Bo3,A,loss,"[['Haven', 5, 4, 1], ['Lotus', 7, 1, 6]]",12,5,7,Valorant Masters Bangkok 2025,Swiss Stage: Round 3,"['TL nAts', 'TL kamo', 'TL keiko', 'TL kamyk', 'TL paTiTek']",Pearl,Fracture,Haven,Abyss,-,Haven,Lotus,-,-,-,https://www.vlr.gg/449005/g2-esports-vs-team-liquid-champions-tour-2025-masters-bangkok-r3
EDward Gaming,EDG,2,Bo3,B,win,"[['Split', 13, 10, 3], ['Bind', 6, 5, 1], ['Pearl', 13, 6, 7]]",32,21,11,Valorant Masters Bangkok 2025,Playoffs: Upper Semifinals,"['EDG CHICHOO', 'EDG nobody', 'EDG ZmjjKK', 'EDG Smoggy', 'EDG S1Mon']",Lotus,Haven,Bind,Pearl,-,Split,Bind,Pearl,-,-,https://www.vlr.gg/449008/edward-gaming-vs-t1-champions-tour-2025-masters-bangkok-ubsf
T1,T1,1,Bo3,A,loss,"[['Split', 7, 5, 2], ['Bind', 13, 6, 7], ['Pearl', 11, 5, 6]]",31,16,15,Valorant Masters Bangkok 2025,Playoffs: Upper Semifinals,"['T1 BuZz', 'T1 Sylvan', 'T1 iZu', 'T1 stax', 'T1 Meteor']",Abyss,Fracture,Split,Pearl,-,Split,Bind,Pearl,-,-,https://www.vlr.gg/449008/edward-gaming-vs-t1-champions-tour-2025-masters-bangkok-ubsf
Team Vitality,VIT,0,Bo3,A,loss,"[['Bind', 15, 7, 5], ['Lotus', 13, 6, 7]]",28,13,12,Valorant Masters Bangkok 2025,Playoffs: Upper Semifinals,"['VIT Kicks', 'VIT Less', 'VIT Derke', 'VIT trexx', 'VIT Sayf']",Pearl,Abyss,Bind,Haven,-,Bind,Lotus,-,-,-,https://www.vlr.gg/449009/team-vitality-vs-g2-esports-champions-tour-2025-masters-bangkok-ubsf
G2 Esports,G2,2,Bo3,B,win,"[['Bind', 13, 7, 5], ['Lotus', 9, 3, 6]]",22,10,11,Valorant Masters Bangkok 2025,Playoffs: Upper Semifinals,"['G2 leaf', 'G2 trent', 'G2 JonahP', 'G2 jawgemo', 'G2 valyn']",Fracture,Split,Lotus,Haven,-,Bind,Lotus,-,-,-,https://www.vlr.gg/449009/team-vitality-vs-g2-esports-champions-tour-2025-masters-bangkok-ubsf
EDward Gaming,EDG,0,Bo3,B,loss,"[['Lotus', 8, 5, 3], ['Split', 7, 4, 3]]",15,9,6,Valorant Masters Bangkok 2025,Playoffs: Upper Final,"['EDG Smoggy', 'EDG CHICHOO', 'EDG nobody', 'EDG ZmjjKK', 'EDG S1Mon']",Abyss,Pearl,Split,Bind,-,Lotus,Split,-,-,-,https://www.vlr.gg/449010/edward-gaming-vs-g2-esports-champions-tour-2025-masters-bangkok-ubf
G2 Esports,G2,2,Bo3,A,win,"[['Lotus', 13, 6, 7], ['Split', 13, 5, 8]]",26,11,15,Valorant Masters Bangkok 2025,Playoffs: Upper Final,"['G2 trent', 'G2 JonahP', 'G2 jawgemo', 'G2 valyn', 'G2 leaf']",Fracture,Haven,Lotus,Bind,-,Lotus,Split,-,-,-,https://www.vlr.gg/449010/edward-gaming-vs-g2-esports-champions-tour-2025-masters-bangkok-ubf
T1,T1,2,Bo3,A,win,"[['Lotus', 14, 8, 4], ['Haven', 4, 4, 0], ['Split', 5, 3, 2]]",23,15,6,Valorant Masters Bangkok 2025,Playoffs: Lower Round 1,"['T1 BuZz', 'T1 iZu', 'T1 Meteor', 'T1 Sylvan', 'T1 stax']",Abyss,Fracture,Lotus,Split,-,Lotus,Haven,Split,-,-,https://www.vlr.gg/449012/t1-vs-team-vitality-champions-tour-2025-masters-bangkok-lr1
Team Vitality,VIT,1,Bo3,B,loss,"[['Lotus', 12, 8, 4], ['Haven', 13, 5, 8], ['Split', 13, 4, 9]]",38,17,21,Valorant Masters Bangkok 2025,Playoffs: Lower Round 1,"['VIT trexx', 'VIT Derke', 'VIT Less', 'VIT Sayf', 'VIT Kicks']",Pearl,Bind,Haven,Split,-,Lotus,Haven,Split,-,-,https://www.vlr.gg/449012/t1-vs-team-vitality-champions-tour-2025-masters-bangkok-lr1
EDward Gaming,EDG,1,Bo5,A,loss,"[['Bind', 13, 4, 9], ['Haven', 13, 9, 4], ['Fracture', 12, 7, 5], ['Split', 13, 6, 7]]",51,26,25,Valorant Masters Bangkok 2025,Playoffs: Lower Final,"['EDG Smoggy', 'EDG ZmjjKK', 'EDG CHICHOO', 'EDG nobody', 'EDG S1Mon']",Lotus,-,Bind,Fracture,Pearl,Bind,Haven,Fracture,Split,-,https://www.vlr.gg/449013/edward-gaming-vs-t1-champions-tour-2025-masters-bangkok-lbf
T1,T1,3,Bo5,B,win,"[['Bind', 4, 3, 1], ['Haven', 10, 8, 2], ['Fracture', 14, 7, 5], ['Split', 5, 5, 0]]",33,23,8,Valorant Masters Bangkok 2025,Playoffs: Lower Final,"['T1 iZu', 'T1 BuZz', 'T1 stax', 'T1 Meteor', 'T1 Sylvan']",Abyss,-,Haven,Split,Pearl,Bind,Haven,Fracture,Split,-,https://www.vlr.gg/449013/edward-gaming-vs-t1-champions-tour-2025-masters-bangkok-lbf
G2 Esports,G2,2,Bo5,A,loss,"[['Lotus', 5, 1, 4], ['Haven', 13, 7, 6], ['Abyss', 11, 8, 3], ['Split', 15, 4, 8], ['Pearl', 16, 4, 8]]",60,24,29,Valorant Masters Bangkok 2025,Playoffs: Grand Final,"['G2 jawgemo', 'G2 trent', 'G2 valyn', 'G2 leaf', 'G2 JonahP']",Fracture,Bind,Lotus,Abyss,Pearl,Lotus,Haven,Abyss,Split,Pearl,https://www.vlr.gg/449011/g2-esports-vs-t1-champions-tour-2025-masters-bangkok-gf
T1,T1,3,Bo5,B,win,"[['Lotus', 13, 8, 5], ['Haven', 9, 6, 3], ['Abyss', 13, 9, 4], ['Split', 13, 4, 8], ['Pearl', 14, 4, 8]]",62,31,28,Valorant Masters Bangkok 2025,Playoffs: Grand Final,"['T1 stax', 'T1 Meteor', 'T1 Sylvan', 'T1 iZu', 'T1 BuZz']",-,-,Haven,Split,Pearl,Lotus,Haven,Abyss,Split,Pearl,https://www.vlr.gg/449011/g2-esports-vs-t1-champions-tour-2025-masters-bangkok-gf
BBL Esports,BBL,2,Bo3,B,win,"[['Lotus', 13, 7, 6], ['Haven', 12, 5, 7], ['Pearl', 13, 7, 6]]",38,19,19,VCT 2025: EMEA Kickoff,Main Event: Upper Round 1,"['BBL LewN', 'BBL sociablEE', 'BBL PROFEK', 'BBL Jamppi', 'BBL vakk']",Fracture,Bind,Haven,Pearl,-,Lotus,Haven,Pearl,-,-,https://www.vlr.gg/429381/bbl-esports-vs-giantx-champions-tour-2025-emea-kickoff-ur1
GIANTX,GX,1,Bo3,A,loss,"[['Lotus', 9, 6, 3], ['Haven', 14, 5, 7], ['Pearl', 5, 0, 5]]",28,11,15,VCT 2025: EMEA Kickoff,Main Event: Upper Round 1,"['GX Cloud', 'GX westside', 'GX runneR', 'GX tomaszy', 'GX purp0']",Abyss,Split,Lotus,Pearl,-,Lotus,Haven,Pearl,-,-,https://www.vlr.gg/429381/bbl-esports-vs-giantx-champions-tour-2025-emea-kickoff-ur1
Karmine Corp,KC,2,Bo3,B,win,"[['Abyss', 10, 7, 3], ['Bind', 13, 10, 3], ['Lotus', 13, 7, 6]]",36,24,12,VCT 2025: EMEA Kickoff,Main Event: Upper Round 1,"['KC Avez', 'KC SUYGETSU', 'KC saadhak', 'KC Elite', 'KC marteen']",Split,Pearl,Bind,Lotus,-,Abyss,Bind,Lotus,-,-,https://www.vlr.gg/429380/karmine-corp-vs-natus-vincere-champions-tour-2025-emea-kickoff-ur1
Natus Vincere,NAVI,1,Bo3,A,loss,"[['Abyss', 13, 8, 5], ['Bind', 2, 0, 2], ['Lotus', 6, 1, 5]]",21,9,12,VCT 2025: EMEA Kickoff,Main Event: Upper Round 1,"['NAVI Shao', 'NAVI Ruxic', 'NAVI koalanoob', 'NAVI hiro', 'NAVI ANGE1']",Fracture,Haven,Abyss,Lotus,-,Abyss,Bind,Lotus,-,-,https://www.vlr.gg/429380/karmine-corp-vs-natus-vincere-champions-tour-2025-emea-kickoff-ur1
Team Liquid,TL,2,Bo3,A,win,"[['Fracture', 13, 6, 7], ['Abyss', 3, 2, 1], ['Bind', 10, 6, 4]]",26,14,12,VCT 2025: EMEA Kickoff,Main Event: Upper Round 1,"['TL keiko', 'TL paTiTek', 'TL kamyk', 'TL nAts', 'TL kamo']",Lotus,Pearl,Fracture,Bind,-,Fracture,Abyss,Bind,-,-,https://www.vlr.gg/429379/team-liquid-vs-koi-champions-tour-2025-emea-kickoff-ur1
KOI,MKOI,1,Bo3,B,loss,"[['Fracture', 10, 5, 5], ['Abyss', 13, 11, 2], ['Bind', 13, 7, 6]]",36,23,13,VCT 2025: EMEA Kickoff,Main Event: Upper Round 1,"['MKOI Filu', 'MKOI grubinho', 'MKOI flyuh', 'MKOI sheydos', 'MKOI soulcas']",Haven,Split,Abyss,Bind,-,Fracture,Abyss,Bind,-,-,https://www.vlr.gg/429379/team-liquid-vs-koi-champions-tour-2025-emea-kickoff-ur1
Apeks,APK,0,Bo3,B,loss,"[['Pearl', 7, 6, 1], ['Haven', 12, 9, 3]]",19,15,4,VCT 2025: EMEA Kickoff,Main Event: Upper Round 1,"['APK florescent', 'APK oderus', 'APK AvovA', 'APK hype', 'APK MOLSI']",Split,Abyss,Haven,Bind,-,Pearl,Haven,-,-,-,https://www.vlr.gg/429382/apeks-vs-gentle-mates-champions-tour-2025-emea-kickoff-ur1
Gentle Mates,M8,2,Bo3,A,win,"[['Pearl', 13, 7, 6], ['Haven', 14, 9, 3]]",27,16,9,VCT 2025: EMEA Kickoff,Main Event: Upper Round 1,"['M8 Minny', 'M8 Click', 'M8 Zyppan', 'M8 Kada', 'M8 RobbieBk']",Lotus,Fracture,Pearl,Bind,-,Pearl,Haven,-,-,-,https://www.vlr.gg/429382/apeks-vs-gentle-mates-champions-tour-2025-emea-kickoff-ur1
FNATIC,FNC,1,Bo3,B,loss,"[['Abyss', 8, 3, 5], ['Fracture', 13, 5, 8], ['Split', 10, 9, 1]]",31,17,14,VCT 2025: EMEA Kickoff,Main Event: Upper Quarterfinals,"['FNC Chronicle', 'FNC Boaster', 'FNC Alfajer', 'FNC crashies', 'FNC kaajak']",Pearl,Lotus,Fracture,Split,-,Abyss,Fracture,Split,-,-,https://www.vlr.gg/429385/fnatic-vs-bbl-esports-champions-tour-2025-emea-kickoff-ubqf
BBL Esports,BBL,2,Bo3,A,win,"[['Abyss', 13, 4, 9], ['Fracture', 8, 4, 4], ['Split', 13, 10, 3]]",34,18,16,VCT 2025: EMEA Kickoff,Main Event: Upper Quarterfinals,"['BBL PROFEK', 'BBL sociablEE', 'BBL LewN', 'BBL Jamppi', 'BBL vakk']",Bind,Haven,Abyss,Split,-,Abyss,Fracture,Split,-,-,https://www.vlr.gg/429385/fnatic-vs-bbl-esports-champions-tour-2025-emea-kickoff-ubqf
Team Vitality,VIT,2,Bo3,A,win,"[['Haven', 5, 4, 1], ['Bind', 13, 7, 6], ['Abyss', 15, 7, 5]]",33,18,12,VCT 2025: EMEA Kickoff,Main Event: Upper Quarterfinals,"['VIT trexx', 'VIT Derke', 'VIT Kicks', 'VIT Less', 'VIT Sayf']",Pearl,Lotus,Haven,Abyss,-,Haven,Bind,Abyss,-,-,https://www.vlr.gg/429384/team-vitality-vs-karmine-corp-champions-tour-2025-emea-kickoff-ubqf
Karmine Corp,KC,1,Bo3,B,loss,"[['Haven', 13, 5, 8], ['Bind', 9, 4, 5], ['Abyss', 17, 7, 5]]",39,16,18,VCT 2025: EMEA Kickoff,Main Event: Upper Quarterfinals,"['KC SUYGETSU', 'KC marteen', 'KC Elite', 'KC Avez', 'KC saadhak']",Split,Fracture,Bind,Abyss,-,Haven,Bind,Abyss,-,-,https://www.vlr.gg/429384/team-vitality-vs-karmine-corp-champions-tour-2025-emea-kickoff-ubqf
FUT Esports,FUT,2,Bo3,A,win,"[['Pearl', 7, 3, 4], ['Fracture', 6, 3, 3]]",13,6,7,VCT 2025: EMEA Kickoff,Main Event: Upper Quarterfinals,"['FUT qRaxs', 'FUT yetujey', 'FUT AtaKaptan', 'FUT xeus', 'FUT MrFaliN']",Bind,Abyss,Pearl,Split,-,Pearl,Fracture,-,-,-,https://www.vlr.gg/429383/fut-esports-vs-team-liquid-champions-tour-2025-emea-kickoff-ubqf
Team Liquid,TL,0,Bo3,B,loss,"[['Pearl', 13, 4, 9], ['Fracture', 13, 9, 4]]",26,13,13,VCT 2025: EMEA Kickoff,Main Event: Upper Quarterfinals,"['TL kamyk', 'TL nAts', 'TL keiko', 'TL kamo', 'TL paTiTek']",Lotus,Haven,Fracture,Split,-,Pearl,Fracture,-,-,-,https://www.vlr.gg/429383/fut-esports-vs-team-liquid-champions-tour-2025-emea-kickoff-ubqf
Team Heretics,TH,2,Bo3,B,win,"[['Abyss', 4, 3, 1], ['Fracture', 13, 2, 11], ['Pearl', 13, 4, 9]]",30,9,21,VCT 2025: EMEA Kickoff,Main Event: Upper Quarterfinals,"['TH MiniBoo', 'TH RieNs', 'TH Wo0t', 'TH benjyfishy', 'TH Boo']",Split,Haven,Fracture,Pearl,-,Abyss,Fracture,Pearl,-,-,https://www.vlr.gg/429386/team-heretics-vs-gentle-mates-champions-tour-2025-emea-kickoff-ubqf
Gentle Mates,M8,1,Bo3,A,loss,"[['Abyss', 13, 4, 9], ['Fracture', 3, 1, 2], ['Pearl', 8, 3, 5]]",24,8,16,VCT 2025: EMEA Kickoff,Main Event: Upper Quarterfinals,"['M8 Zyppan', 'M8 Kada', 'M8 Minny', 'M8 RobbieBk', 'M8 Click']",Lotus,Bind,Abyss,Pearl,-,Abyss,Fracture,Pearl,-,-,https://www.vlr.gg/429386/team-heretics-vs-gentle-mates-champions-tour-2025-emea-kickoff-ubqf
Karmine Corp,KC,1,Bo3,A,loss,"[['Bind', 12, 7, 5], ['Lotus', 13, 6, 7], ['Fracture', 13, 8, 5]]",38,21,17,VCT 2025: EMEA Kickoff,Main Event: Lower Round 1,"['KC saadhak', 'KC SUYGETSU', 'KC Avez', 'KC marteen', 'KC Elite']",Haven,Split,Bind,Fracture,-,Bind,Lotus,Fracture,-,-,https://www.vlr.gg/429393/karmine-corp-vs-giantx-champions-tour-2025-emea-kickoff-lr1
GIANTX,GX,2,Bo3,B,win,"[['Bind', 14, 7, 5], ['Lotus', 8, 5, 3], ['Fracture', 10, 6, 4]]",32,18,12,VCT 2025: EMEA Kickoff,Main Event: Lower Round 1,"['GX purp0', 'GX tomaszy', 'GX Cloud', 'GX runneR', 'GX westside']",Abyss,Pearl,Lotus,Fracture,-,Bind,Lotus,Fracture,-,-,https://www.vlr.gg/429393/karmine-corp-vs-giantx-champions-tour-2025-emea-kickoff-lr1
FNATIC,FNC,2,Bo3,B,win,"[['Pearl', 13, 9, 4], ['Fracture', 8, 2, 6], ['Haven', 15, 4, 8]]",36,15,18,VCT 2025: EMEA Kickoff,Main Event: Lower Round 1,"['FNC kaajak', 'FNC Alfajer', 'FNC Chronicle', 'FNC crashies', 'FNC Boaster']",Abyss,Split,Fracture,Haven,-,Pearl,Fracture,Haven,-,-,https://www.vlr.gg/429392/fnatic-vs-natus-vincere-champions-tour-2025-emea-kickoff-lr1
Natus Vincere,NAVI,1,Bo3,A,loss,"[['Pearl', 9, 6, 3], ['Fracture', 13, 6, 7], ['Haven', 13, 4, 8]]",35,16,18,VCT 2025: EMEA Kickoff,Main Event: Lower Round 1,"['NAVI Ruxic', 'NAVI Shao', 'NAVI hiro', 'NAVI koalanoob', 'NAVI ANGE1']",Bind,Lotus,Pearl,Haven,-,Pearl,Fracture,Haven,-,-,https://www.vlr.gg/429392/fnatic-vs-natus-vincere-champions-tour-2025-emea-kickoff-lr1
Team Liquid,TL,2,Bo3,A,win,"[['Abyss', 9, 6, 3], ['Pearl', 13, 4, 9], ['Haven', 6, 3, 3]]",28,13,15,VCT 2025: EMEA Kickoff,Main Event: Lower Round 1,"['TL keiko', 'TL paTiTek', 'TL nAts', 'TL kamyk', 'TL kamo']",Lotus,Fracture,Abyss,Haven,-,Abyss,Pearl,Haven,-,-,https://www.vlr.gg/429394/team-liquid-vs-apeks-champions-tour-2025-emea-kickoff-lr1
Apeks,APK,1,Bo3,B,loss,"[['Abyss', 13, 7, 6], ['Pearl', 11, 3, 8], ['Haven', 13, 4, 9]]",37,14,23,VCT 2025: EMEA Kickoff,Main Event: Lower Round 1,"['APK florescent', 'APK AvovA', 'APK MOLSI', 'APK hype', 'APK batujnax']",Split,Bind,Pearl,Haven,-,Abyss,Pearl,Haven,-,-,https://www.vlr.gg/429394/team-liquid-vs-apeks-champions-tour-2025-emea-kickoff-lr1
Gentle Mates,M8,2,Bo3,A,win,"[['Haven', 3, 2, 1], ['Lotus', 13, 9, 4], ['Pearl', 6, 4, 2]]",22,15,7,VCT 2025: EMEA Kickoff,Main Event: Lower Round 1,"['M8 Minny', 'M8 Click', 'M8 Kada', 'M8 Zyppan', 'M8 RobbieBk']",Fracture,Split,Haven,Pearl,-,Haven,Lotus,Pearl,-,-,https://www.vlr.gg/429391/gentle-mates-vs-koi-champions-tour-2025-emea-kickoff-lr1
KOI,MKOI,1,Bo3,B,loss,"[['Haven', 13, 3, 10], ['Lotus', 7, 4, 3], ['Pearl', 13, 5, 8]]",33,12,21,VCT 2025: EMEA Kickoff,Main Event: Lower Round 1,"['MKOI soulcas', 'MKOI sheydos', 'MKOI Filu', 'MKOI grubinho', 'MKOI flyuh']",Abyss,Bind,Lotus,Pearl,-,Haven,Lotus,Pearl,-,-,https://www.vlr.gg/429391/gentle-mates-vs-koi-champions-tour-2025-emea-kickoff-lr1
BBL Esports,BBL,0,Bo3,A,loss,"[['Pearl', 13, 8, 5], ['Lotus', 13, 8, 5]]",26,16,10,VCT 2025: EMEA Kickoff,Main Event: Upper Semifinals,"['BBL Jamppi', 'BBL PROFEK', 'BBL sociablEE', 'BBL vakk', 'BBL LewN']",Fracture,Haven,Pearl,Abyss,-,Pearl,Lotus,-,-,-,https://www.vlr.gg/429388/bbl-esports-vs-team-heretics-champions-tour-2025-emea-kickoff-ubsf
Team Heretics,TH,2,Bo3,B,win,"[['Pearl', 11, 7, 4], ['Lotus', 7, 3, 4]]",18,10,8,VCT 2025: EMEA Kickoff,Main Event: Upper Semifinals,"['TH Wo0t', 'TH Boo', 'TH benjyfishy', 'TH RieNs', 'TH MiniBoo']",Split,Bind,Lotus,Abyss,-,Pearl,Lotus,-,-,-,https://www.vlr.gg/429388/bbl-esports-vs-team-heretics-champions-tour-2025-emea-kickoff-ubsf
FUT Esports,FUT,0,Bo3,A,loss,"[['Bind', 13, 9, 4], ['Split', 13, 2, 11]]",26,11,15,VCT 2025: EMEA Kickoff,Main Event: Upper Semifinals,"['FUT xeus', 'FUT MrFaliN', 'FUT yetujey', 'FUT qRaxs', 'FUT AtaKaptan']",Haven,Fracture,Bind,Lotus,-,Bind,Split,-,-,-,https://www.vlr.gg/429387/fut-esports-vs-team-vitality-champions-tour-2025-emea-kickoff-ubsf
Team Vitality,VIT,2,Bo3,B,win,"[['Bind', 7, 4, 3], ['Split', 4, 1, 3]]",11,5,6,VCT 2025: EMEA Kickoff,Main Event: Upper Semifinals,"['VIT Derke', 'VIT Kicks', 'VIT Sayf', 'VIT Less', 'VIT trexx']",Pearl,Abyss,Split,Lotus,-,Bind,Split,-,-,-,https://www.vlr.gg/429387/fut-esports-vs-team-vitality-champions-tour-2025-emea-kickoff-ubsf
Gentle Mates,M8,0,Bo3,A,loss,"[['Abyss', 13, 11, 2], ['Fracture', 13, 7, 6]]",26,18,8,VCT 2025: EMEA Kickoff,Main Event: Lower Round 2,"['M8 Minny', 'M8 Kada', 'M8 RobbieBk', 'M8 Zyppan', 'M8 Click']",Lotus,Split,Abyss,Haven,-,Abyss,Fracture,-,-,-,https://www.vlr.gg/429395/gentle-mates-vs-fnatic-champions-tour-2025-emea-kickoff-lr2
FNATIC,FNC,2,Bo3,B,win,"[['Abyss', 5, 4, 1], ['Fracture', 6, 1, 5]]",11,5,6,VCT 2025: EMEA Kickoff,Main Event: Lower Round 2,"['FNC kaajak', 'FNC Boaster', 'FNC Alfajer', 'FNC Chronicle', 'FNC crashies']",Bind,Pearl,Fracture,Haven,-,Abyss,Fracture,-,-,-,https://www.vlr.gg/429395/gentle-mates-vs-fnatic-champions-tour-2025-emea-kickoff-lr2
GIANTX,GX,0,Bo3,A,loss,"[['Fracture', 13, 8, 5], ['Split', 13, 8, 5]]",26,16,10,VCT 2025: EMEA Kickoff,Main Event: Lower Round 2,"['GX purp0', 'GX tomaszy', 'GX Cloud', 'GX westside', 'GX runneR']",Abyss,Haven,Fracture,Bind,-,Fracture,Split,-,-,-,https://www.vlr.gg/429396/giantx-vs-team-liquid-champions-tour-2025-emea-kickoff-lr2
Team Liquid,TL,2,Bo3,B,win,"[['Fracture', 8, 4, 4], ['Split', 6, 2, 4]]",14,6,8,VCT 2025: EMEA Kickoff,Main Event: Lower Round 2,"['TL kamo', 'TL keiko', 'TL nAts', 'TL paTiTek', 'TL kamyk']",Lotus,Pearl,Split,Bind,-,Fracture,Split,-,-,-,https://www.vlr.gg/429396/giantx-vs-team-liquid-champions-tour-2025-emea-kickoff-lr2
FUT Esports,FUT,2,Bo3,A,win,"[['Abyss', 10, 7, 3], ['Fracture', 6, 0, 6]]",16,7,9,VCT 2025: EMEA Kickoff,Main Event: Lower Round 3,"['FUT yetujey', 'FUT xeus', 'FUT MrFaliN', 'FUT AtaKaptan', 'FUT qRaxs']",Split,Haven,Abyss,Pearl,-,Abyss,Fracture,-,-,-,https://www.vlr.gg/429397/fut-esports-vs-fnatic-champions-tour-2025-emea-kickoff-lr3
FNATIC,FNC,0,Bo3,B,loss,"[['Abyss', 13, 8, 5], ['Fracture', 13, 6, 7]]",26,14,12,VCT 2025: EMEA Kickoff,Main Event: Lower Round 3,"['FNC Alfajer', 'FNC kaajak', 'FNC crashies', 'FNC Chronicle', 'FNC Boaster']",Bind,Lotus,Fracture,Pearl,-,Abyss,Fracture,-,-,-,https://www.vlr.gg/429397/fut-esports-vs-fnatic-champions-tour-2025-emea-kickoff-lr3
BBL Esports,BBL,1,Bo3,B,loss,"[['Bind', 11, 7, 4], ['Pearl', 13, 9, 4], ['Split', 10, 4, 6]]",34,20,14,VCT 2025: EMEA Kickoff,Main Event: Lower Round 3,"['BBL sociablEE', 'BBL vakk', 'BBL PROFEK', 'BBL LewN', 'BBL Jamppi']",Fracture,Haven,Pearl,Split,-,Bind,Pearl,Split,-,-,https://www.vlr.gg/429398/bbl-esports-vs-team-liquid-champions-tour-2025-emea-kickoff-lr3
Team Liquid,TL,2,Bo3,A,win,"[['Bind', 13, 8, 5], ['Pearl', 9, 6, 3], ['Split', 13, 6, 7]]",35,20,15,VCT 2025: EMEA Kickoff,Main Event: Lower Round 3,"['TL keiko', 'TL kamyk', 'TL kamo', 'TL nAts', 'TL paTiTek']",Lotus,Abyss,Bind,Split,-,Bind,Pearl,Split,-,-,https://www.vlr.gg/429398/bbl-esports-vs-team-liquid-champions-tour-2025-emea-kickoff-lr3
Team Vitality,VIT,2,Bo3,A,win,"[['Haven', 10, 6, 4], ['Abyss', 1, 0, 1]]",11,6,5,VCT 2025: EMEA Kickoff,Main Event: Upper Final,"['VIT trexx', 'VIT Sayf', 'VIT Less', 'VIT Kicks', 'VIT Derke']",Pearl,Lotus,Haven,Bind,-,Haven,Abyss,-,-,-,https://www.vlr.gg/429389/team-vitality-vs-team-heretics-champions-tour-2025-emea-kickoff-ubf
Team Heretics,TH,0,Bo3,B,loss,"[['Haven', 13, 8, 5], ['Abyss', 13, 11, 2]]",26,19,7,VCT 2025: EMEA Kickoff,Main Event: Upper Final,"['TH RieNs', 'TH Wo0t', 'TH MiniBoo', 'TH Boo', 'TH benjyfishy']",Split,Fracture,Abyss,Bind,-,Haven,Abyss,-,-,-,https://www.vlr.gg/429389/team-vitality-vs-team-heretics-champions-tour-2025-emea-kickoff-ubf
FUT Esports,FUT,1,Bo3,A,loss,"[['Abyss', 13, 8, 5], ['Bind', 11, 6, 5], ['Haven', 13, 5, 8]]",37,19,18,VCT 2025: EMEA Kickoff,Main Event: Lower Round 4,"['FUT yetujey', 'FUT xeus', 'FUT MrFaliN', 'FUT AtaKaptan', 'FUT qRaxs']",Split,Fracture,Abyss,Haven,-,Abyss,Bind,Haven,-,-,https://www.vlr.gg/429400/fut-esports-vs-team-liquid-champions-tour-2025-emea-kickoff-lr4
Team Liquid,TL,2,Bo3,B,win,"[['Abyss', 7, 3, 4], ['Bind', 13, 7, 6], ['Haven', 4, 4, 0]]",24,14,10,VCT 2025: EMEA Kickoff,Main Event: Lower Round 4,"['TL keiko', 'TL kamyk', 'TL nAts', 'TL kamo', 'TL paTiTek']",Pearl,Lotus,Bind,Haven,-,Abyss,Bind,Haven,-,-,https://www.vlr.gg/429400/fut-esports-vs-team-liquid-champions-tour-2025-emea-kickoff-lr4
Team Heretics,TH,0,Bo5,A,loss,"[['Lotus', 13, 4, 9], ['Abyss', 13, 5, 8], ['Fracture', 13, 8, 5]]",39,17,22,VCT 2025: EMEA Kickoff,Main Event: Lower Final,"['TH Wo0t', 'TH RieNs', 'TH Boo', 'TH MiniBoo', 'TH benjyfishy']",Split,-,Lotus,Fracture,Bind,Lotus,Abyss,Fracture,-,-,https://www.vlr.gg/429401/team-heretics-vs-team-liquid-champions-tour-2025-emea-kickoff-lbf
Team Liquid,TL,3,Bo5,B,win,"[['Lotus', 4, 3, 1], ['Abyss', 4, 4, 0], ['Fracture', 7, 3, 4]]",15,10,5,VCT 2025: EMEA Kickoff,Main Event: Lower Final,"['TL keiko', 'TL kamo', 'TL nAts', 'TL paTiTek', 'TL kamyk']",Pearl,-,Abyss,Haven,Bind,Lotus,Abyss,Fracture,-,-,https://www.vlr.gg/429401/team-heretics-vs-team-liquid-champions-tour-2025-emea-kickoff-lbf
Team Vitality,VIT,3,Bo5,A,win,"[['Split', 13, 9, 4], ['Haven', 13, 4, 9], ['Lotus', 6, 4, 2], ['Bind', 7, 2, 5], ['Fracture', 8, 4, 4]]",47,23,24,VCT 2025: EMEA Kickoff,Main Event: Grand Final,"['VIT Less', 'VIT Sayf', 'VIT Derke', 'VIT Kicks', 'VIT trexx']",Pearl,Abyss,Split,Lotus,Fracture,Split,Haven,Lotus,Bind,Fracture,https://www.vlr.gg/429390/team-vitality-vs-team-liquid-champions-tour-2025-emea-kickoff-gf
Team Liquid,TL,2,Bo5,B,loss,"[['Split', 10, 7, 3], ['Haven', 7, 3, 4], ['Lotus', 13, 10, 3], ['Bind', 13, 7, 6], ['Fracture', 13, 5, 8]]",56,32,24,VCT 2025: EMEA Kickoff,Main Event: Grand Final,"['TL keiko', 'TL kamyk', 'TL paTiTek', 'TL kamo', 'TL nAts']",-,-,Haven,Bind,Fracture,Split,Haven,Lotus,Bind,Fracture,https://www.vlr.gg/429390/team-vitality-vs-team-liquid-champions-tour-2025-emea-kickoff-gf
BOOM Esports,BME,1,Bo3,A,loss,"[['Pearl', 13, 5, 8], ['Bind', 8, 3, 5], ['Fracture', 13, 7, 6]]",34,15,19,VCT 2025: Pacific Kickoff,Main Event: Upper Round 1,"['BME Famouz', 'BME BerserX', 'BME dos9', 'BME Shiro', 'BME NcSlasher']",Split,Haven,Pearl,Fracture,-,Pearl,Bind,Fracture,-,-,https://www.vlr.gg/430514/boom-esports-vs-t1-champions-tour-2025-pacific-kickoff-ur1
T1,T1,2,Bo3,B,win,"[['Pearl', 11, 4, 7], ['Bind', 13, 4, 9], ['Fracture', 7, 2, 5]]",31,10,21,VCT 2025: Pacific Kickoff,Main Event: Upper Round 1,"['T1 BuZz', 'T1 Sylvan', 'T1 iZu', 'T1 stax', 'T1 Meteor']",Abyss,Lotus,Bind,Fracture,-,Pearl,Bind,Fracture,-,-,https://www.vlr.gg/430514/boom-esports-vs-t1-champions-tour-2025-pacific-kickoff-ur1
ZETA DIVISION,ZETA,0,Bo3,B,loss,"[['Split', 9, 2, 7], ['Haven', 9, 5, 4]]",18,7,11,VCT 2025: Pacific Kickoff,Main Event: Upper Round 1,"['ZETA CLZ', 'ZETA Dep', 'ZETA SugarZ3ro', 'ZETA Xdll', 'ZETA SyouTa']",Bind,Fracture,Haven,Lotus,-,Split,Haven,-,-,-,https://www.vlr.gg/430515/zeta-division-vs-nongshim-redforce-champions-tour-2025-pacific-kickoff-ur1
Nongshim RedForce,NS,2,Bo3,A,win,"[['Split', 13, 5, 8], ['Haven', 13, 8, 5]]",26,13,13,VCT 2025: Pacific Kickoff,Main Event: Upper Round 1,"['NS Persia', 'NS Ivy', 'NS Francis', 'NS margaret', 'NS Dambi']",Abyss,Pearl,Split,Lotus,-,Split,Haven,-,-,-,https://www.vlr.gg/430515/zeta-division-vs-nongshim-redforce-champions-tour-2025-pacific-kickoff-ur1
Global Esports,GE,2,Bo3,B,win,"[['Abyss', 3, 0, 3], ['Split', 13, 8, 5], ['Pearl', 13, 8, 5]]",29,16,13,VCT 2025: Pacific Kickoff,Main Event: Upper Round 1,"['GE Papi', 'GE Kr1stal', 'GE Deryeon', 'GE UdoTan', 'GE kellyS']",Haven,Fracture,Split,Pearl,-,Abyss,Split,Pearl,-,-,https://www.vlr.gg/430516/global-esports-vs-team-secret-champions-tour-2025-pacific-kickoff-ur1
Team Secret,TS,1,Bo3,A,loss,"[['Abyss', 13, 9, 4], ['Split', 7, 3, 4], ['Pearl', 6, 2, 4]]",26,14,12,VCT 2025: Pacific Kickoff,Main Event: Upper Round 1,"['TS Jremy', 'TS JessieVash', 'TS 2GE', 'TS Wild0reoo', 'TS invy']",Bind,Lotus,Abyss,Pearl,-,Abyss,Split,Pearl,-,-,https://www.vlr.gg/430516/global-esports-vs-team-secret-champions-tour-2025-pacific-kickoff-ur1
DetonatioN FocusMe,DFM,1,Bo3,B,loss,"[['Abyss', 14, 6, 6], ['Pearl', 3, 2, 1], ['Haven', 3, 1, 2]]",20,9,9,VCT 2025: Pacific Kickoff,Main Event: Upper Round 1,"['DFM Meiy', 'DFM Jinboong', 'DFM Akame', 'DFM Art', 'DFM gyen']",Fracture,Split,Pearl,Haven,-,Abyss,Pearl,Haven,-,-,https://www.vlr.gg/430517/detonation-focusme-vs-rex-regum-qeon-champions-tour-2025-pacific-kickoff-ur1
Rex Regum Qeon,RRQ,2,Bo3,A,win,"[['Abyss', 12, 6, 6], ['Pearl', 13, 11, 2], ['Haven', 13, 10, 3]]",38,27,11,VCT 2025: Pacific Kickoff,Main Event: Upper Round 1,"['RRQ Jemkin', 'RRQ Kushy', 'RRQ Estrella', 'RRQ Monyet', 'RRQ xffero']",Bind,Lotus,Abyss,Haven,-,Abyss,Pearl,Haven,-,-,https://www.vlr.gg/430517/detonation-focusme-vs-rex-regum-qeon-champions-tour-2025-pacific-kickoff-ur1
DRX,DRX,2,Bo3,B,win,"[['Lotus', 13, 7, 6], ['Pearl', 6, 2, 4], ['Fracture', 13, 7, 6]]",32,16,16,VCT 2025: Pacific Kickoff,Main Event: Upper Quarterfinals,"['DRX free1ng', 'DRX HYUNMIN', 'DRX MaKo', 'DRX Flashback', 'DRX BeYN']",Bind,Haven,Pearl,Fracture,-,Lotus,Pearl,Fracture,-,-,https://www.vlr.gg/430521/drx-vs-nongshim-redforce-champions-tour-2025-pacific-kickoff-ubqf
Nongshim RedForce,NS,1,Bo3,A,loss,"[['Lotus', 11, 6, 5], ['Pearl', 13, 8, 5], ['Fracture', 9, 6, 3]]",33,20,13,VCT 2025: Pacific Kickoff,Main Event: Upper Quarterfinals,"['NS Francis', 'NS Ivy', 'NS Persia', 'NS margaret', 'NS Dambi']",Abyss,Split,Lotus,Fracture,-,Lotus,Pearl,Fracture,-,-,https://www.vlr.gg/430521/drx-vs-nongshim-redforce-champions-tour-2025-pacific-kickoff-ubqf
Paper Rex,PRX,1,Bo3,B,loss,"[['Bind', 6, 3, 3], ['Fracture', 13, 8, 5], ['Split', 11, 5, 6]]",30,16,14,VCT 2025: Pacific Kickoff,Main Event: Upper Quarterfinals,"['PRX Jinggg', 'PRX f0rsakeN', 'PRX d4v41', 'PRX mindfreak', 'PRX something']",Haven,Abyss,Fracture,Split,-,Bind,Fracture,Split,-,-,https://www.vlr.gg/430518/paper-rex-vs-t1-champions-tour-2025-pacific-kickoff-ubqf
T1,T1,2,Bo3,A,win,"[['Bind', 13, 9, 4], ['Fracture', 8, 7, 1], ['Split', 13, 6, 7]]",34,22,12,VCT 2025: Pacific Kickoff,Main Event: Upper Quarterfinals,"['T1 stax', 'T1 BuZz', 'T1 iZu', 'T1 Meteor', 'T1 Sylvan']",Pearl,Lotus,Bind,Split,-,Bind,Fracture,Split,-,-,https://www.vlr.gg/430518/paper-rex-vs-t1-champions-tour-2025-pacific-kickoff-ubqf
TALON,TLN,2,Bo3,B,win,"[['Split', 6, 2, 4], ['Abyss', 13, 6, 7], ['Lotus', 13, 7, 6]]",32,15,17,VCT 2025: Pacific Kickoff,Main Event: Upper Quarterfinals,"['TLN JitBoyS', 'TLN primmie', 'TLN ban', 'TLN Governor', 'TLN Crws']",Pearl,Bind,Abyss,Lotus,-,Split,Abyss,Lotus,-,-,https://www.vlr.gg/430519/talon-vs-global-esports-champions-tour-2025-pacific-kickoff-ubqf
Global Esports,GE,1,Bo3,A,loss,"[['Split', 13, 3, 10], ['Abyss', 9, 3, 6], ['Lotus', 8, 3, 5]]",30,9,21,VCT 2025: Pacific Kickoff,Main Event: Upper Quarterfinals,"['GE Kr1stal', 'GE UdoTan', 'GE Papi', 'GE Deryeon', 'GE kellyS']",Haven,Fracture,Split,Lotus,-,Split,Abyss,Lotus,-,-,https://www.vlr.gg/430519/talon-vs-global-esports-champions-tour-2025-pacific-kickoff-ubqf
Gen.G,GEN,2,Bo3,B,win,"[['Fracture', 6, 1, 5], ['Lotus', 13, 5, 8], ['Haven', 14, 6, 6]]",33,12,19,VCT 2025: Pacific Kickoff,Main Event: Upper Quarterfinals,"['GEN Karon', 'GEN t3xture', 'GEN Foxy9', 'GEN Munchkin', 'GEN yoman']",Split,Abyss,Lotus,Haven,-,Fracture,Lotus,Haven,-,-,https://www.vlr.gg/430520/gen-g-vs-rex-regum-qeon-champions-tour-2025-pacific-kickoff-ubqf
Rex Regum Qeon,RRQ,1,Bo3,A,loss,"[['Fracture', 13, 2, 11], ['Lotus', 8, 1, 7], ['Haven', 12, 6, 6]]",33,9,24,VCT 2025: Pacific Kickoff,Main Event: Upper Quarterfinals,"['RRQ Kushy', 'RRQ Jemkin', 'RRQ Estrella', 'RRQ Monyet', 'RRQ xffero']",Bind,Pearl,Fracture,Haven,-,Fracture,Lotus,Haven,-,-,https://www.vlr.gg/430520/gen-g-vs-rex-regum-qeon-champions-tour-2025-pacific-kickoff-ubqf
Nongshim RedForce,NS,2,Bo3,B,win,"[['Pearl', 13, 4, 9], ['Bind', 7, 6, 1], ['Lotus', 13, 6, 7]]",33,16,17,VCT 2025: Pacific Kickoff,Main Event: Lower Round 1,"['NS Francis', 'NS Persia', 'NS Ivy', 'NS Dambi', 'NS margaret']",Abyss,Fracture,Bind,Lotus,-,Pearl,Bind,Lotus,-,-,https://www.vlr.gg/430526/nongshim-redforce-vs-boom-esports-champions-tour-2025-pacific-kickoff-lr1
BOOM Esports,BME,1,Bo3,A,loss,"[['Pearl', 3, 3, 0], ['Bind', 13, 7, 6], ['Lotus', 9, 3, 6]]",25,13,12,VCT 2025: Pacific Kickoff,Main Event: Lower Round 1,"['BME BerserX', 'BME Famouz', 'BME dos9', 'BME Shiro', 'BME NcSlasher']",Split,Haven,Pearl,Lotus,-,Pearl,Bind,Lotus,-,-,https://www.vlr.gg/430526/nongshim-redforce-vs-boom-esports-champions-tour-2025-pacific-kickoff-lr1
Paper Rex,PRX,2,Bo3,B,win,"[['Lotus', 13, 8, 5], ['Fracture', 13, 7, 6]]",26,15,11,VCT 2025: Pacific Kickoff,Main Event: Lower Round 1,"['PRX d4v41', 'PRX f0rsakeN', 'PRX something', 'PRX Jinggg', 'PRX mindfreak']",Haven,Split,Fracture,Pearl,-,Lotus,Fracture,-,-,-,https://www.vlr.gg/430529/paper-rex-vs-zeta-division-champions-tour-2025-pacific-kickoff-lr1
ZETA DIVISION,ZETA,0,Bo3,A,loss,"[['Lotus', 5, 1, 4], ['Fracture', 8, 6, 2]]",13,7,6,VCT 2025: Pacific Kickoff,Main Event: Lower Round 1,"['ZETA Dep', 'ZETA SyouTa', 'ZETA SugarZ3ro', 'ZETA Xdll', 'ZETA CLZ']",Bind,Abyss,Lotus,Pearl,-,Lotus,Fracture,-,-,-,https://www.vlr.gg/430529/paper-rex-vs-zeta-division-champions-tour-2025-pacific-kickoff-lr1
Rex Regum Qeon,RRQ,2,Bo3,B,win,"[['Lotus', 9, 5, 4], ['Pearl', 13, 11, 2], ['Haven', 13, 8, 5]]",35,24,11,VCT 2025: Pacific Kickoff,Main Event: Lower Round 1,"['RRQ Monyet', 'RRQ Estrella', 'RRQ Kushy', 'RRQ xffero', 'RRQ Jemkin']",Split,Abyss,Pearl,Haven,-,Lotus,Pearl,Haven,-,-,https://www.vlr.gg/430527/rex-regum-qeon-vs-team-secret-champions-tour-2025-pacific-kickoff-lr1
Team Secret,TS,1,Bo3,A,loss,"[['Lotus', 13, 8, 5], ['Pearl', 4, 3, 1], ['Haven', 4, 0, 4]]",21,11,10,VCT 2025: Pacific Kickoff,Main Event: Lower Round 1,"['TS JessieVash', 'TS invy', 'TS 2GE', 'TS Wild0reoo', 'TS Jremy']",Bind,Fracture,Lotus,Haven,-,Lotus,Pearl,Haven,-,-,https://www.vlr.gg/430527/rex-regum-qeon-vs-team-secret-champions-tour-2025-pacific-kickoff-lr1
Global Esports,GE,0,Bo3,B,loss,"[['Abyss', 8, 6, 2], ['Split', 12, 6, 6]]",20,12,8,VCT 2025: Pacific Kickoff,Main Event: Lower Round 1,"['GE kellyS', 'GE Kr1stal', 'GE Deryeon', 'GE UdoTan', 'GE Papi']",Haven,Fracture,Split,Lotus,-,Abyss,Split,-,-,-,https://www.vlr.gg/430528/global-esports-vs-detonation-focusme-champions-tour-2025-pacific-kickoff-lr1
DetonatioN FocusMe,DFM,2,Bo3,A,win,"[['Abyss', 13, 10, 3], ['Split', 14, 6, 6]]",27,16,9,VCT 2025: Pacific Kickoff,Main Event: Lower Round 1,"['DFM Meiy', 'DFM Akame', 'DFM Jinboong', 'DFM gyen', 'DFM Art']",Bind,Pearl,Abyss,Lotus,-,Abyss,Split,-,-,-,https://www.vlr.gg/430528/global-esports-vs-detonation-focusme-champions-tour-2025-pacific-kickoff-lr1
T1,T1,2,Bo3,B,win,"[['Fracture', 13, 3, 10], ['Bind', 4, 3, 1], ['Haven', 13, 8, 5]]",30,14,16,VCT 2025: Pacific Kickoff,Main Event: Upper Semifinals,"['T1 BuZz', 'T1 iZu', 'T1 Meteor', 'T1 stax', 'T1 Sylvan']",Lotus,Abyss,Bind,Haven,-,Fracture,Bind,Haven,-,-,https://www.vlr.gg/430522/t1-vs-talon-champions-tour-2025-pacific-kickoff-ubsf
TALON,TLN,1,Bo3,A,loss,"[['Fracture', 5, 2, 3], ['Bind', 13, 4, 9], ['Haven', 9, 5, 4]]",27,11,16,VCT 2025: Pacific Kickoff,Main Event: Upper Semifinals,"['TLN ban', 'TLN primmie', 'TLN JitBoyS', 'TLN Governor', 'TLN Crws']",Split,Pearl,Fracture,Haven,-,Fracture,Bind,Haven,-,-,https://www.vlr.gg/430522/t1-vs-talon-champions-tour-2025-pacific-kickoff-ubsf
Gen.G,GEN,0,Bo3,B,loss,"[['Abyss', 9, 6, 3], ['Bind', 13, 5, 7]]",22,11,10,VCT 2025: Pacific Kickoff,Main Event: Upper Semifinals,"['GEN yoman', 'GEN Karon', 'GEN Foxy9', 'GEN Munchkin', 'GEN t3xture']",Fracture,Pearl,Bind,Haven,-,Abyss,Bind,-,-,-,https://www.vlr.gg/430523/gen-g-vs-drx-champions-tour-2025-pacific-kickoff-ubsf
DRX,DRX,2,Bo3,A,win,"[['Abyss', 13, 9, 4], ['Bind', 15, 5, 7]]",28,14,11,VCT 2025: Pacific Kickoff,Main Event: Upper Semifinals,"['DRX free1ng', 'DRX BeYN', 'DRX MaKo', 'DRX Flashback', 'DRX HYUNMIN']",Lotus,Split,Abyss,Haven,-,Abyss,Bind,-,-,-,https://www.vlr.gg/430523/gen-g-vs-drx-champions-tour-2025-pacific-kickoff-ubsf
Nongshim RedForce,NS,2,Bo3,B,win,"[['Fracture', 12, 6, 6], ['Lotus', 22, 7, 5], ['Pearl', 13, 7, 6]]",47,20,17,VCT 2025: Pacific Kickoff,Main Event: Lower Round 2,"['NS Ivy', 'NS Francis', 'NS Persia', 'NS margaret', 'NS Dambi']",Abyss,Haven,Lotus,Pearl,-,Fracture,Lotus,Pearl,-,-,https://www.vlr.gg/430530/nongshim-redforce-vs-rex-regum-qeon-champions-tour-2025-pacific-kickoff-lr2
Rex Regum Qeon,RRQ,1,Bo3,A,loss,"[['Fracture', 14, 6, 6], ['Lotus', 20, 7, 5], ['Pearl', 8, 6, 2]]",42,19,13,VCT 2025: Pacific Kickoff,Main Event: Lower Round 2,"['RRQ Jemkin', 'RRQ Estrella', 'RRQ xffero', 'RRQ Kushy', 'RRQ Monyet']",Bind,Split,Fracture,Pearl,-,Fracture,Lotus,Pearl,-,-,https://www.vlr.gg/430530/nongshim-redforce-vs-rex-regum-qeon-champions-tour-2025-pacific-kickoff-lr2
DetonatioN FocusMe,DFM,2,Bo3,A,win,"[['Abyss', 10, 5, 5], ['Pearl', 1, 0, 1]]",11,5,6,VCT 2025: Pacific Kickoff,Main Event: Lower Round 2,"['DFM Meiy', 'DFM gyen', 'DFM Jinboong', 'DFM Art', 'DFM Akame']",Bind,Split,Abyss,Fracture,-,Abyss,Pearl,-,-,-,https://www.vlr.gg/430531/detonation-focusme-vs-paper-rex-champions-tour-2025-pacific-kickoff-lr2
Paper Rex,PRX,0,Bo3,B,loss,"[['Abyss', 13, 6, 7], ['Pearl', 13, 11, 2]]",26,17,9,VCT 2025: Pacific Kickoff,Main Event: Lower Round 2,"['PRX f0rsakeN', 'PRX something', 'PRX Jinggg', 'PRX mindfreak', 'PRX d4v41']",Haven,Lotus,Pearl,Fracture,-,Abyss,Pearl,-,-,-,https://www.vlr.gg/430531/detonation-focusme-vs-paper-rex-champions-tour-2025-pacific-kickoff-lr2
TALON,TLN,2,Bo3,B,win,"[['Lotus', 9, 5, 4], ['Bind', 13, 9, 4], ['Split', 13, 5, 8]]",35,19,16,VCT 2025: Pacific Kickoff,Main Event: Lower Round 3,"['TLN primmie', 'TLN JitBoyS', 'TLN Crws', 'TLN Governor', 'TLN ban']",Pearl,Fracture,Bind,Split,-,Lotus,Bind,Split,-,-,https://www.vlr.gg/430532/talon-vs-nongshim-redforce-champions-tour-2025-pacific-kickoff-lr3
Nongshim RedForce,NS,1,Bo3,A,loss,"[['Lotus', 13, 6, 7], ['Bind', 10, 7, 3], ['Split', 5, 4, 1]]",28,17,11,VCT 2025: Pacific Kickoff,Main Event: Lower Round 3,"['NS Ivy', 'NS Persia', 'NS Francis', 'NS Dambi', 'NS margaret']",Abyss,Haven,Lotus,Split,-,Lotus,Bind,Split,-,-,https://www.vlr.gg/430532/talon-vs-nongshim-redforce-champions-tour-2025-pacific-kickoff-lr3
Gen.G,GEN,2,Bo3,B,win,"[['Abyss', 13, 9, 4], ['Lotus', 13, 5, 8]]",26,14,12,VCT 2025: Pacific Kickoff,Main Event: Lower Round 3,"['GEN Munchkin', 'GEN Foxy9', 'GEN yoman', 'GEN Karon', 'GEN t3xture']",Fracture,Pearl,Lotus,Haven,-,Abyss,Lotus,-,-,-,https://www.vlr.gg/430533/gen-g-vs-detonation-focusme-champions-tour-2025-pacific-kickoff-lr3
DetonatioN FocusMe,DFM,0,Bo3,A,loss,"[['Abyss', 6, 3, 3], ['Lotus', 6, 4, 2]]",12,7,5,VCT 2025: Pacific Kickoff,Main Event: Lower Round 3,"['DFM Akame', 'DFM Meiy', 'DFM Art', 'DFM Jinboong', 'DFM gyen']",Bind,Split,Abyss,Haven,-,Abyss,Lotus,-,-,-,https://www.vlr.gg/430533/gen-g-vs-detonation-focusme-champions-tour-2025-pacific-kickoff-lr3
T1,T1,1,Bo3,B,loss,"[['Lotus', 13, 5, 8], ['Haven', 13, 7, 5], ['Fracture', 10, 6, 4]]",36,18,17,VCT 2025: Pacific Kickoff,Main Event: Upper Final,"['T1 iZu', 'T1 BuZz', 'T1 Meteor', 'T1 carpe', 'T1 stax']",Abyss,Split,Haven,Fracture,-,Lotus,Haven,Fracture,-,-,https://www.vlr.gg/430524/t1-vs-drx-champions-tour-2025-pacific-kickoff-ubf
DRX,DRX,2,Bo3,A,win,"[['Lotus', 11, 4, 7], ['Haven', 15, 7, 5], ['Fracture', 13, 8, 5]]",39,19,17,VCT 2025: Pacific Kickoff,Main Event: Upper Final,"['DRX MaKo', 'DRX HYUNMIN', 'DRX free1ng', 'DRX Flashback', 'DRX BeYN']",Pearl,Bind,Lotus,Fracture,-,Lotus,Haven,Fracture,-,-,https://www.vlr.gg/430524/t1-vs-drx-champions-tour-2025-pacific-kickoff-ubf
TALON,TLN,0,Bo3,A,loss,"[['Bind', 13, 6, 7], ['Lotus', 13, 10, 3]]",26,16,10,VCT 2025: Pacific Kickoff,Main Event: Lower Round 4,"['TLN primmie', 'TLN ban', 'TLN JitBoyS', 'TLN Crws', 'TLN Governor']",Pearl,Haven,Bind,Abyss,-,Bind,Lotus,-,-,-,https://www.vlr.gg/430534/talon-vs-gen-g-champions-tour-2025-pacific-kickoff-lr4
Gen.G,GEN,2,Bo3,B,win,"[['Bind', 7, 5, 2], ['Lotus', 2, 0, 2]]",9,5,4,VCT 2025: Pacific Kickoff,Main Event: Lower Round 4,"['GEN yoman', 'GEN Karon', 'GEN t3xture', 'GEN Foxy9', 'GEN Munchkin']",Fracture,Split,Lotus,Abyss,-,Bind,Lotus,-,-,-,https://www.vlr.gg/430534/talon-vs-gen-g-champions-tour-2025-pacific-kickoff-lr4
T1,T1,3,Bo5,A,win,"[['Pearl', 8, 4, 4], ['Lotus', 8, 2, 6], ['Haven', 13, 6, 7], ['Split', 17, 3, 9], ['Bind', 10, 7, 3]]",56,22,29,VCT 2025: Pacific Kickoff,Main Event: Lower Final,"['T1 iZu', 'T1 carpe', 'T1 stax', 'T1 Meteor', 'T1 BuZz']",Abyss,-,Pearl,Haven,Bind,Pearl,Lotus,Haven,Split,Bind,https://www.vlr.gg/430535/t1-vs-gen-g-champions-tour-2025-pacific-kickoff-lbf
Gen.G,GEN,2,Bo5,B,loss,"[['Pearl', 13, 8, 5], ['Lotus', 13, 6, 7], ['Haven', 5, 5, 0], ['Split', 15, 3, 9], ['Bind', 13, 9, 4]]",59,31,25,VCT 2025: Pacific Kickoff,Main Event: Lower Final,"['GEN Karon', 'GEN Munchkin', 'GEN t3xture', 'GEN yoman', 'GEN Foxy9']",Fracture,-,Lotus,Split,Bind,Pearl,Lotus,Haven,Split,Bind,https://www.vlr.gg/430535/t1-vs-gen-g-champions-tour-2025-pacific-kickoff-lbf
DRX,DRX,3,Bo5,A,win,"[['Abyss', 3, 2, 1], ['Lotus', 13, 6, 7], ['Fracture', 9, 4, 5], ['Bind', 14, 7, 5], ['Split', 11, 6, 5]]",50,25,23,VCT 2025: Pacific Kickoff,Main Event: Grand Final,"['DRX free1ng', 'DRX MaKo', 'DRX Flashback', 'DRX HYUNMIN', 'DRX BeYN']",Pearl,Haven,Abyss,Fracture,Split,Abyss,Lotus,Fracture,Bind,Split,https://www.vlr.gg/430525/drx-vs-t1-champions-tour-2025-pacific-kickoff-gf
T1,T1,2,Bo5,B,loss,"[['Abyss', 13, 3, 10], ['Lotus', 6, 5, 1], ['Fracture', 13, 5, 8], ['Bind', 12, 7, 5], ['Split', 13, 7, 6]]",57,27,30,VCT 2025: Pacific Kickoff,Main Event: Grand Final,"['T1 BuZz', 'T1 carpe', 'T1 stax', 'T1 Meteor', 'T1 iZu']",-,-,Lotus,Bind,Split,Abyss,Lotus,Fracture,Bind,Split,https://www.vlr.gg/430525/drx-vs-t1-champions-tour-2025-pacific-kickoff-gf
Evil Geniuses,EG,0,Bo3,B,loss,"[['Split', 12, 4, 8], ['Pearl', 10, 4, 6]]",22,8,14,VCT 2025: Americas Kickoff,Main Event: Upper Round 1,"['EG yay', 'EG NaturE', 'EG icy', 'EG supamen', 'EG Derrek']",Haven,Bind,Pearl,Lotus,-,Split,Pearl,-,-,-,https://www.vlr.gg/427991/evil-geniuses-vs-loud-champions-tour-2025-americas-kickoff-ur1
LOUD,LOUD,2,Bo3,A,win,"[['Split', 14, 4, 8], ['Pearl', 13, 6, 7]]",27,10,15,VCT 2025: Americas Kickoff,Main Event: Upper Round 1,"['LOUD dgzin', 'LOUD cauanzin', 'LOUD v1nny', 'LOUD pANcada', 'LOUD tuyz']",Fracture,Abyss,Split,Lotus,-,Split,Pearl,-,-,-,https://www.vlr.gg/427991/evil-geniuses-vs-loud-champions-tour-2025-americas-kickoff-ur1
MIBR,MIBR,0,Bo3,A,loss,"[['Lotus', 13, 10, 3], ['Bind', 13, 9, 4]]",26,19,7,VCT 2025: Americas Kickoff,Main Event: Upper Round 1,"['MIBR aspas', 'MIBR nzr', 'MIBR xenom', 'MIBR artzin', 'MIBR cortezia']",Fracture,Split,Lotus,Haven,-,Lotus,Bind,-,-,-,https://www.vlr.gg/427992/mibr-vs-100-thieves-champions-tour-2025-americas-kickoff-ur1
100 Thieves,100T,2,Bo3,B,win,"[['Lotus', 4, 2, 2], ['Bind', 9, 8, 1]]",13,10,3,VCT 2025: Americas Kickoff,Main Event: Upper Round 1,"['100T Cryocells', '100T Asuna', '100T eeiu', '100T Boostio', '100T zander']",Abyss,Pearl,Bind,Haven,-,Lotus,Bind,-,-,-,https://www.vlr.gg/427992/mibr-vs-100-thieves-champions-tour-2025-americas-kickoff-ur1
2Game Esports,2G,0,Bo3,A,loss,"[['Haven', 13, 7, 6], ['Lotus', 13, 5, 8]]",26,12,14,VCT 2025: Americas Kickoff,Main Event: Upper Round 1,"['2G gobera', '2G lz', '2G silentzz', '2G pryze', '2G Zap']",Fracture,Abyss,Haven,Bind,-,Haven,Lotus,-,-,-,https://www.vlr.gg/427994/2game-esports-vs-furia-champions-tour-2025-americas-kickoff-ur1
FURIA,FUR,2,Bo3,B,win,"[['Haven', 7, 2, 5], ['Lotus', 5, 4, 1]]",12,6,6,VCT 2025: Americas Kickoff,Main Event: Upper Round 1,"['FUR penny', 'FUR bdog', 'FUR jakee', 'FUR stellar', 'FUR Add3r']",Pearl,Split,Lotus,Bind,-,Haven,Lotus,-,-,-,https://www.vlr.gg/427994/2game-esports-vs-furia-champions-tour-2025-americas-kickoff-ur1
NRG,NRG,0,Bo3,A,loss,"[['Fracture', 14, 10, 2], ['Lotus', 13, 7, 6]]",27,17,8,VCT 2025: Americas Kickoff,Main Event: Upper Round 1,"['NRG s0m', 'NRG mada', 'NRG Ethan', 'NRG Verno', 'NRG FiNESSE']",Abyss,Pearl,Fracture,Bind,-,Fracture,Lotus,-,-,-,https://www.vlr.gg/427993/nrg-esports-vs-cloud9-champions-tour-2025-americas-kickoff-ur1
Cloud9,C9,2,Bo3,B,win,"[['Fracture', 12, 10, 2], ['Lotus', 10, 6, 4]]",22,16,6,VCT 2025: Americas Kickoff,Main Event: Upper Round 1,"['C9 Xeppaa', 'C9 mitch', 'C9 neT', 'C9 OXY', 'C9 v1c']",Haven,Split,Lotus,Bind,-,Fracture,Lotus,-,-,-,https://www.vlr.gg/427993/nrg-esports-vs-cloud9-champions-tour-2025-americas-kickoff-ur1
KRÜ Esports,KRÜ,0,Bo3,B,loss,"[['Haven', 7, 2, 5], ['Split', 10, 6, 4]]",17,8,9,VCT 2025: Americas Kickoff,Main Event: Upper Quarterfinals,"['KRÜ keznit', 'KRÜ Shyy', 'KRÜ Melser', 'KRÜ adverso', 'KRÜ Mazino']",Pearl,Lotus,Split,Bind,-,Haven,Split,-,-,-,https://www.vlr.gg/427995/kr-esports-vs-loud-champions-tour-2025-americas-kickoff-ubqf
LOUD,LOUD,2,Bo3,A,win,"[['Haven', 13, 3, 10], ['Split', 13, 7, 6]]",26,10,16,VCT 2025: Americas Kickoff,Main Event: Upper Quarterfinals,"['LOUD dgzin', 'LOUD pANcada', 'LOUD v1nny', 'LOUD tuyz', 'LOUD cauanzin']",Fracture,Abyss,Haven,Bind,-,Haven,Split,-,-,-,https://www.vlr.gg/427995/kr-esports-vs-loud-champions-tour-2025-americas-kickoff-ubqf
Sentinels,SEN,2,Bo3,A,win,"[['Split', 13, 5, 8], ['Bind', 9, 4, 5], ['Pearl', 9, 6, 3]]",31,15,16,VCT 2025: Americas Kickoff,Main Event: Upper Quarterfinals,"['SEN johnqt', 'SEN N4RRATE', 'SEN zekken', 'SEN bang', 'SEN Zellsis']",Fracture,Haven,Split,Pearl,-,Split,Bind,Pearl,-,-,https://www.vlr.gg/427996/sentinels-vs-100-thieves-champions-tour-2025-americas-kickoff-ubqf
100 Thieves,100T,1,Bo3,B,loss,"[['Split', 4, 4, 0], ['Bind', 13, 7, 6], ['Pearl', 13, 7, 6]]",30,18,12,VCT 2025: Americas Kickoff,Main Event: Upper Quarterfinals,"['100T Cryocells', '100T eeiu', '100T Asuna', '100T zander', '100T Boostio']",Abyss,Lotus,Bind,Pearl,-,Split,Bind,Pearl,-,-,https://www.vlr.gg/427996/sentinels-vs-100-thieves-champions-tour-2025-americas-kickoff-ubqf
LEVIATÁN,LEV,2,Bo3,B,win,"[['Haven', 13, 9, 4], ['Split', 13, 9, 4]]",26,18,8,VCT 2025: Americas Kickoff,Main Event: Upper Quarterfinals,"['LEV kiNgg', 'LEV C0M', 'LEV nataNk', 'LEV tex', 'LEV Demon1']",Bind,Lotus,Split,Fracture,-,Haven,Split,-,-,-,https://www.vlr.gg/427998/leviat-n-vs-furia-champions-tour-2025-americas-kickoff-ubqf
FURIA,FUR,0,Bo3,A,loss,"[['Haven', 8, 5, 3], ['Split', 6, 3, 3]]",14,8,6,VCT 2025: Americas Kickoff,Main Event: Upper Quarterfinals,"['FUR Khalil', 'FUR havoc', 'FUR mwzera', 'FUR raafa', 'FUR heat']",Abyss,Pearl,Haven,Fracture,-,Haven,Split,-,-,-,https://www.vlr.gg/427998/leviat-n-vs-furia-champions-tour-2025-americas-kickoff-ubqf
G2 Esports,G2,2,Bo3,B,win,"[['Lotus', 13, 5, 8], ['Abyss', 13, 4, 9]]",26,9,17,VCT 2025: Americas Kickoff,Main Event: Upper Quarterfinals,"['G2 leaf', 'G2 JonahP', 'G2 trent', 'G2 jawgemo', 'G2 valyn']",Fracture,Pearl,Abyss,Split,-,Lotus,Abyss,-,-,-,https://www.vlr.gg/427997/g2-esports-vs-cloud9-champions-tour-2025-americas-kickoff-ubqf
Cloud9,C9,0,Bo3,A,loss,"[['Lotus', 6, 4, 2], ['Abyss', 8, 3, 5]]",14,7,7,VCT 2025: Americas Kickoff,Main Event: Upper Quarterfinals,"['C9 Xeppaa', 'C9 neT', 'C9 OXY', 'C9 v1c', 'C9 mitch']",Haven,Bind,Lotus,Split,-,Lotus,Abyss,-,-,-,https://www.vlr.gg/427997/g2-esports-vs-cloud9-champions-tour-2025-americas-kickoff-ubqf
FURIA,FUR,0,Bo3,B,loss,"[['Abyss', 7, 5, 2], ['Fracture', 7, 5, 2]]",14,10,4,VCT 2025: Americas Kickoff,Main Event: Lower Round 1,"['FUR Khalil', 'FUR heat', 'FUR mwzera', 'FUR havoc', 'FUR raafa']",Split,Pearl,Fracture,Lotus,-,Abyss,Fracture,-,-,-,https://www.vlr.gg/428003/furia-vs-evil-geniuses-champions-tour-2025-americas-kickoff-lr1
Evil Geniuses,EG,2,Bo3,A,win,"[['Abyss', 13, 6, 7], ['Fracture', 13, 10, 3]]",26,16,10,VCT 2025: Americas Kickoff,Main Event: Lower Round 1,"['EG NaturE', 'EG icy', 'EG yay', 'EG Derrek', 'EG supamen']",Haven,Bind,Abyss,Lotus,-,Abyss,Fracture,-,-,-,https://www.vlr.gg/428003/furia-vs-evil-geniuses-champions-tour-2025-americas-kickoff-lr1
Cloud9,C9,1,Bo3,A,loss,"[['Lotus', 7, 1, 6], ['Abyss', 13, 10, 3], ['Pearl', 13, 8, 5]]",33,19,14,VCT 2025: Americas Kickoff,Main Event: Lower Round 1,"['C9 v1c', 'C9 OXY', 'C9 neT', 'C9 mitch', 'C9 Xeppaa']",Haven,Bind,Lotus,Pearl,-,Lotus,Abyss,Pearl,-,-,https://www.vlr.gg/428004/cloud9-vs-mibr-champions-tour-2025-americas-kickoff-lr1
MIBR,MIBR,2,Bo3,B,win,"[['Lotus', 13, 6, 7], ['Abyss', 10, 8, 2], ['Pearl', 7, 3, 4]]",30,17,13,VCT 2025: Americas Kickoff,Main Event: Lower Round 1,"['MIBR aspas', 'MIBR xenom', 'MIBR nzr', 'MIBR artzin', 'MIBR cortezia']",Fracture,Split,Abyss,Pearl,-,Lotus,Abyss,Pearl,-,-,https://www.vlr.gg/428004/cloud9-vs-mibr-champions-tour-2025-americas-kickoff-lr1
KRÜ Esports,KRÜ,2,Bo3,B,win,"[['Abyss', 13, 10, 3], ['Split', 13, 10, 3]]",26,20,6,VCT 2025: Americas Kickoff,Main Event: Lower Round 1,"['KRÜ keznit', 'KRÜ Melser', 'KRÜ Mazino', 'KRÜ adverso', 'KRÜ Shyy']",Pearl,Haven,Split,Bind,-,Abyss,Split,-,-,-,https://www.vlr.gg/428006/kr-esports-vs-2game-esports-champions-tour-2025-americas-kickoff-lr1
2Game Esports,2G,0,Bo3,A,loss,"[['Abyss', 3, 1, 2], ['Split', 2, 0, 2]]",5,1,4,VCT 2025: Americas Kickoff,Main Event: Lower Round 1,"['2G gobera', '2G pryze', '2G silentzz', '2G lz', '2G Zap']",Fracture,Lotus,Abyss,Bind,-,Abyss,Split,-,-,-,https://www.vlr.gg/428006/kr-esports-vs-2game-esports-champions-tour-2025-americas-kickoff-lr1
100 Thieves,100T,1,Bo3,A,loss,"[['Lotus', 12, 6, 6], ['Pearl', 13, 7, 6], ['Bind', 13, 7, 6]]",38,20,18,VCT 2025: Americas Kickoff,Main Event: Lower Round 1,"['100T eeiu', '100T Asuna', '100T zander', '100T Cryocells', '100T Boostio']",Abyss,Haven,Lotus,Bind,-,Lotus,Pearl,Bind,-,-,https://www.vlr.gg/428005/100-thieves-vs-nrg-esports-champions-tour-2025-americas-kickoff-lr1
NRG,NRG,2,Bo3,B,win,"[['Lotus', 14, 6, 6], ['Pearl', 9, 4, 5], ['Bind', 9, 6, 3]]",32,16,14,VCT 2025: Americas Kickoff,Main Event: Lower Round 1,"['NRG mada', 'NRG Verno', 'NRG s0m', 'NRG FiNESSE', 'NRG Ethan']",Split,Fracture,Pearl,Bind,-,Lotus,Pearl,Bind,-,-,https://www.vlr.gg/428005/100-thieves-vs-nrg-esports-champions-tour-2025-americas-kickoff-lr1
LOUD,LOUD,1,Bo3,A,loss,"[['Lotus', 11, 5, 6], ['Pearl', 13, 8, 5], ['Split', 13, 6, 7]]",37,19,18,VCT 2025: Americas Kickoff,Main Event: Upper Semifinals,"['LOUD dgzin', 'LOUD pANcada', 'LOUD cauanzin', 'LOUD tuyz', 'LOUD v1nny']",Fracture,Abyss,Lotus,Split,-,Lotus,Pearl,Split,-,-,https://www.vlr.gg/427999/loud-vs-sentinels-champions-tour-2025-americas-kickoff-ubsf
Sentinels,SEN,2,Bo3,B,win,"[['Lotus', 13, 6, 7], ['Pearl', 11, 7, 4], ['Split', 9, 3, 6]]",33,16,17,VCT 2025: Americas Kickoff,Main Event: Upper Semifinals,"['SEN zekken', 'SEN johnqt', 'SEN Zellsis', 'SEN bang', 'SEN N4RRATE']",Haven,Bind,Pearl,Split,-,Lotus,Pearl,Split,-,-,https://www.vlr.gg/427999/loud-vs-sentinels-champions-tour-2025-americas-kickoff-ubsf
G2 Esports,G2,2,Bo3,A,win,"[['Pearl', 5, 1, 4], ['Fracture', 9, 5, 4]]",14,6,8,VCT 2025: Americas Kickoff,Main Event: Upper Semifinals,"['G2 leaf', 'G2 trent', 'G2 JonahP', 'G2 jawgemo', 'G2 valyn']",Haven,Lotus,Pearl,Abyss,-,Pearl,Fracture,-,-,-,https://www.vlr.gg/428000/g2-esports-vs-leviat-n-champions-tour-2025-americas-kickoff-ubsf
LEVIATÁN,LEV,0,Bo3,B,loss,"[['Pearl', 13, 8, 5], ['Fracture', 13, 8, 5]]",26,16,10,VCT 2025: Americas Kickoff,Main Event: Upper Semifinals,"['LEV kiNgg', 'LEV tex', 'LEV nataNk', 'LEV C0M', 'LEV Demon1']",Bind,Split,Fracture,Abyss,-,Pearl,Fracture,-,-,-,https://www.vlr.gg/428000/g2-esports-vs-leviat-n-champions-tour-2025-americas-kickoff-ubsf
Evil Geniuses,EG,0,Bo3,B,loss,"[['Abyss', 10, 6, 4], ['Split', 3, 2, 1]]",13,8,5,VCT 2025: Americas Kickoff,Main Event: Lower Round 2,"['EG supamen', 'EG yay', 'EG Derrek', 'EG icy', 'EG NaturE']",Haven,Bind,Split,Pearl,-,Abyss,Split,-,-,-,https://www.vlr.gg/428007/evil-geniuses-vs-mibr-champions-tour-2025-americas-kickoff-lr2
MIBR,MIBR,2,Bo3,A,win,"[['Abyss', 13, 7, 6], ['Split', 13, 3, 10]]",26,10,16,VCT 2025: Americas Kickoff,Main Event: Lower Round 2,"['MIBR aspas', 'MIBR xenom', 'MIBR cortezia', 'MIBR nzr', 'MIBR artzin']",Fracture,Lotus,Abyss,Pearl,-,Abyss,Split,-,-,-,https://www.vlr.gg/428007/evil-geniuses-vs-mibr-champions-tour-2025-americas-kickoff-lr2
NRG,NRG,1,Bo3,B,loss,"[['Abyss', 8, 7, 1], ['Haven', 13, 4, 9], ['Bind', 7, 4, 3]]",28,15,13,VCT 2025: Americas Kickoff,Main Event: Lower Round 2,"['NRG mada', 'NRG Ethan', 'NRG s0m', 'NRG Verno', 'NRG FiNESSE']",Split,Lotus,Haven,Bind,-,Abyss,Haven,Bind,-,-,https://www.vlr.gg/428008/nrg-esports-vs-kr-esports-champions-tour-2025-americas-kickoff-lr2
KRÜ Esports,KRÜ,2,Bo3,A,win,"[['Abyss', 13, 8, 5], ['Haven', 10, 2, 8], ['Bind', 13, 5, 8]]",36,15,21,VCT 2025: Americas Kickoff,Main Event: Lower Round 2,"['KRÜ Melser', 'KRÜ adverso', 'KRÜ Shyy', 'KRÜ keznit', 'KRÜ Mazino']",Fracture,Pearl,Abyss,Bind,-,Abyss,Haven,Bind,-,-,https://www.vlr.gg/428008/nrg-esports-vs-kr-esports-champions-tour-2025-americas-kickoff-lr2
LEVIATÁN,LEV,1,Bo3,A,loss,"[['Lotus', 7, 6, 1], ['Pearl', 13, 7, 6], ['Split', 14, 7, 5]]",34,20,12,VCT 2025: Americas Kickoff,Main Event: Lower Round 3,"['LEV tex', 'LEV Demon1', 'LEV nataNk', 'LEV kiNgg', 'LEV C0M']",Bind,Abyss,Lotus,Split,-,Lotus,Pearl,Split,-,-,https://www.vlr.gg/428009/leviat-n-vs-mibr-champions-tour-2025-americas-kickoff-lr3
MIBR,MIBR,2,Bo3,B,win,"[['Lotus', 13, 7, 6], ['Pearl', 9, 6, 3], ['Split', 12, 7, 5]]",34,20,14,VCT 2025: Americas Kickoff,Main Event: Lower Round 3,"['MIBR aspas', 'MIBR artzin', 'MIBR cortezia', 'MIBR xenom', 'MIBR nzr']",Fracture,Haven,Pearl,Split,-,Lotus,Pearl,Split,-,-,https://www.vlr.gg/428009/leviat-n-vs-mibr-champions-tour-2025-americas-kickoff-lr3
LOUD,LOUD,0,Bo3,B,loss,"[['Bind', 5, 3, 2], ['Haven', 11, 3, 8]]",16,6,10,VCT 2025: Americas Kickoff,Main Event: Lower Round 3,"['LOUD pANcada', 'LOUD tuyz', 'LOUD dgzin', 'LOUD v1nny', 'LOUD cauanzin']",Abyss,Split,Haven,Lotus,-,Bind,Haven,-,-,-,https://www.vlr.gg/428010/loud-vs-kr-esports-champions-tour-2025-americas-kickoff-lr3
KRÜ Esports,KRÜ,2,Bo3,A,win,"[['Bind', 13, 4, 9], ['Haven', 13, 4, 9]]",26,8,18,VCT 2025: Americas Kickoff,Main Event: Lower Round 3,"['KRÜ Melser', 'KRÜ Shyy', 'KRÜ Mazino', 'KRÜ adverso', 'KRÜ keznit']",Fracture,Pearl,Bind,Lotus,-,Bind,Haven,-,-,-,https://www.vlr.gg/428010/loud-vs-kr-esports-champions-tour-2025-americas-kickoff-lr3
Sentinels,SEN,0,Bo3,B,loss,"[['Abyss', 7, 5, 2], ['Pearl', 7, 5, 2]]",14,10,4,VCT 2025: Americas Kickoff,Main Event: Upper Final,"['SEN Zellsis', 'SEN bang', 'SEN zekken', 'SEN N4RRATE', 'SEN johnqt']",Split,Bind,Pearl,Fracture,-,Abyss,Pearl,-,-,-,https://www.vlr.gg/428001/sentinels-vs-g2-esports-champions-tour-2025-americas-kickoff-ubf
G2 Esports,G2,2,Bo3,A,win,"[['Abyss', 13, 10, 3], ['Pearl', 13, 6, 7]]",26,16,10,VCT 2025: Americas Kickoff,Main Event: Upper Final,"['G2 jawgemo', 'G2 JonahP', 'G2 trent', 'G2 valyn', 'G2 leaf']",Lotus,Haven,Abyss,Fracture,-,Abyss,Pearl,-,-,-,https://www.vlr.gg/428001/sentinels-vs-g2-esports-champions-tour-2025-americas-kickoff-ubf
MIBR,MIBR,2,Bo3,B,win,"[['Bind', 8, 2, 6], ['Abyss', 13, 5, 8], ['Split', 13, 8, 5]]",34,15,19,VCT 2025: Americas Kickoff,Main Event: Lower Round 4,"['MIBR aspas', 'MIBR cortezia', 'MIBR xenom', 'MIBR nzr', 'MIBR artzin']",Lotus,Haven,Abyss,Split,-,Bind,Abyss,Split,-,-,https://www.vlr.gg/428011/mibr-vs-kr-esports-champions-tour-2025-americas-kickoff-lr4
KRÜ Esports,KRÜ,1,Bo3,A,loss,"[['Bind', 13, 6, 7], ['Abyss', 8, 4, 4], ['Split', 11, 7, 4]]",32,17,15,VCT 2025: Americas Kickoff,Main Event: Lower Round 4,"['KRÜ Shyy', 'KRÜ Melser', 'KRÜ adverso', 'KRÜ keznit', 'KRÜ Mazino']",Pearl,Fracture,Bind,Split,-,Bind,Abyss,Split,-,-,https://www.vlr.gg/428011/mibr-vs-kr-esports-champions-tour-2025-americas-kickoff-lr4
Sentinels,SEN,3,Bo5,A,win,"[['Lotus', 7, 3, 4], ['Abyss', 5, 2, 3], ['Pearl', 21, 9, 3], ['Split', 7, 4, 3]]",40,18,13,VCT 2025: Americas Kickoff,Main Event: Lower Final,"['SEN Zellsis', 'SEN N4RRATE', 'SEN zekken', 'SEN johnqt', 'SEN bang']",Haven,-,Lotus,Pearl,Bind,Lotus,Abyss,Pearl,Split,-,https://www.vlr.gg/428012/sentinels-vs-mibr-champions-tour-2025-americas-kickoff-lbf
MIBR,MIBR,1,Bo5,B,loss,"[['Lotus', 13, 4, 9], ['Abyss', 13, 9, 4], ['Pearl', 19, 9, 3], ['Split', 13, 9, 4]]",58,31,20,VCT 2025: Americas Kickoff,Main Event: Lower Final,"['MIBR xenom', 'MIBR aspas', 'MIBR nzr', 'MIBR cortezia', 'MIBR artzin']",Fracture,-,Abyss,Split,Bind,Lotus,Abyss,Pearl,Split,-,https://www.vlr.gg/428012/sentinels-vs-mibr-champions-tour-2025-americas-kickoff-lbf
G2 Esports,G2,3,Bo5,A,win,"[['Split', 13, 4, 9], ['Pearl', 8, 6, 2], ['Abyss', 13, 7, 6], ['Fracture', 5, 1, 4], ['Haven', 10, 3, 7]]",49,21,28,VCT 2025: Americas Kickoff,Main Event: Grand Final,"['G2 trent', 'G2 valyn', 'G2 leaf', 'G2 JonahP', 'G2 jawgemo']",Bind,Lotus,Split,Abyss,Haven,Split,Pearl,Abyss,Fracture,Haven,https://www.vlr.gg/428002/g2-esports-vs-sentinels-champions-tour-2025-americas-kickoff-gf
Sentinels,SEN,2,Bo5,B,loss,"[['Split', 4, 3, 1], ['Pearl', 13, 7, 6], ['Abyss', 9, 4, 5], ['Fracture', 13, 8, 5], ['Haven', 13, 4, 9]]",52,26,26,VCT 2025: Americas Kickoff,Main Event: Grand Final,"['SEN johnqt', 'SEN bang', 'SEN N4RRATE', 'SEN zekken', 'SEN Zellsis']",-,-,Pearl,Fracture,Haven,Split,Pearl,Abyss,Fracture,Haven,https://www.vlr.gg/428002/g2-esports-vs-sentinels-champions-tour-2025-americas-kickoff-gf
TYLOO,TYL,0,Bo3,B,loss,"[['Fracture', 11, 4, 7], ['Abyss', 10, 4, 6]]",21,8,13,VCT 2025: China Kickoff,Main Event: Upper Round 1,"['TYL slowly', 'TYL Ninebody', 'TYL zjc', 'TYL Eren', 'TYL 5CM']",Lotus,Haven,Abyss,Pearl,-,Fracture,Abyss,-,-,-,https://www.vlr.gg/430838/tyloo-vs-titan-esports-club-champions-tour-2025-china-kickoff-ur1
Titan Esports Club,TEC,2,Bo3,A,win,"[['Fracture', 13, 5, 8], ['Abyss', 13, 6, 7]]",26,11,15,VCT 2025: China Kickoff,Main Event: Upper Round 1,"['TEC Rb', 'TEC Dynamite', 'TEC Haodong', 'TEC Abo', 'TEC B1ack']",Split,Bind,Fracture,Pearl,-,Fracture,Abyss,-,-,-,https://www.vlr.gg/430838/tyloo-vs-titan-esports-club-champions-tour-2025-china-kickoff-ur1
Xi Lai Gaming,XLG,2,Bo3,A,win,"[['Lotus', 11, 5, 6], ['Split', 9, 4, 5]]",20,9,11,VCT 2025: China Kickoff,Main Event: Upper Round 1,"['XLG happywei', 'XLG Rarga', 'XLG coconut', 'XLG Viva', 'XLG YOU']",Fracture,Pearl,Lotus,Abyss,-,Lotus,Split,-,-,-,https://www.vlr.gg/430837/xi-lai-gaming-vs-wolves-esports-champions-tour-2025-china-kickoff-ur1
Wolves Esports,WOL,0,Bo3,B,loss,"[['Lotus', 13, 6, 7], ['Split', 13, 5, 8]]",26,11,15,VCT 2025: China Kickoff,Main Event: Upper Round 1,"['WOL Spring', 'WOL Juicy', 'WOL Lysoar', 'WOL SiuFatBB', 'WOL Yuicaw']",Bind,Haven,Split,Abyss,-,Lotus,Split,-,-,-,https://www.vlr.gg/430837/xi-lai-gaming-vs-wolves-esports-champions-tour-2025-china-kickoff-ur1
JDG Esports,JDG,1,Bo3,A,loss,"[['Abyss', 13, 2, 11], ['Haven', 13, 7, 5], ['Bind', 13, 5, 8]]",39,14,24,VCT 2025: China Kickoff,Main Event: Upper Round 1,"['JDG stew', 'JDG Z1yan', 'JDG jkuro', 'JDG Babyblue', 'JDG MrCANI']",Lotus,Split,Abyss,Bind,-,Abyss,Haven,Bind,-,-,https://www.vlr.gg/430839/jdg-esports-vs-dragon-ranger-gaming-champions-tour-2025-china-kickoff-ur1
Dragon Ranger Gaming,DRG,2,Bo3,B,win,"[['Abyss', 5, 1, 4], ['Haven', 15, 7, 5], ['Bind', 7, 4, 3]]",27,12,12,VCT 2025: China Kickoff,Main Event: Upper Round 1,"['DRG SpiritZ1', 'DRG TvirusLuke', 'DRG vo0kashu', 'DRG Nicc', 'DRG Flex1n']",Fracture,Pearl,Haven,Bind,-,Abyss,Haven,Bind,-,-,https://www.vlr.gg/430839/jdg-esports-vs-dragon-ranger-gaming-champions-tour-2025-china-kickoff-ur1
All Gamers,AG,0,Bo3,B,loss,"[['Abyss', 8, 5, 3], ['Bind', 3, 2, 1]]",11,7,4,VCT 2025: China Kickoff,Main Event: Upper Round 1,"['AG deLb', 'AG K1ra', 'AG Lsn', 'AG monk', 'AG nizhaoTZH']",Fracture,Pearl,Bind,Split,-,Abyss,Bind,-,-,-,https://www.vlr.gg/430840/all-gamers-vs-nova-esports-champions-tour-2025-china-kickoff-ur1
Nova Esports,NOVA,2,Bo3,A,win,"[['Abyss', 13, 6, 7], ['Bind', 13, 3, 10]]",26,9,17,VCT 2025: China Kickoff,Main Event: Upper Round 1,"['NOVA Ezeir', 'NOVA SWERL', 'NOVA cb', 'NOVA GuanG', 'NOVA o0o0o']",Haven,Lotus,Abyss,Split,-,Abyss,Bind,-,-,-,https://www.vlr.gg/430840/all-gamers-vs-nova-esports-champions-tour-2025-china-kickoff-ur1
FunPlus Phoenix,FPX,2,Bo3,B,win,"[['Abyss', 11, 6, 5], ['Fracture', 13, 6, 7], ['Pearl', 13, 9, 4]]",37,21,16,VCT 2025: China Kickoff,Main Event: Upper Quarterfinals,"['FPX AAAAY', 'FPX yosemite', 'FPX Life', 'FPX Autumn', 'FPX BerLIN']",Split,Bind,Fracture,Pearl,-,Abyss,Fracture,Pearl,-,-,https://www.vlr.gg/430842/funplus-phoenix-vs-titan-esports-club-champions-tour-2025-china-kickoff-ubqf
Titan Esports Club,TEC,1,Bo3,A,loss,"[['Abyss', 13, 7, 6], ['Fracture', 7, 5, 2], ['Pearl', 6, 3, 3]]",26,15,11,VCT 2025: China Kickoff,Main Event: Upper Quarterfinals,"['TEC B1ack', 'TEC Abo', 'TEC Haodong', 'TEC Dynamite', 'TEC Rb']",Lotus,Haven,Abyss,Pearl,-,Abyss,Fracture,Pearl,-,-,https://www.vlr.gg/430842/funplus-phoenix-vs-titan-esports-club-champions-tour-2025-china-kickoff-ubqf
Bilibili Gaming,BLG,2,Bo3,B,win,"[['Haven', 11, 5, 6], ['Lotus', 13, 6, 7], ['Abyss', 13, 9, 4]]",37,20,17,VCT 2025: China Kickoff,Main Event: Upper Quarterfinals,"['BLG whzy', 'BLG nephh', 'BLG rushia', 'BLG Knight', 'BLG Levius']",Bind,Split,Lotus,Abyss,-,Haven,Lotus,Abyss,-,-,https://www.vlr.gg/430841/bilibili-gaming-vs-xi-lai-gaming-champions-tour-2025-china-kickoff-ubqf
Xi Lai Gaming,XLG,1,Bo3,A,loss,"[['Haven', 13, 6, 7], ['Lotus', 11, 5, 6], ['Abyss', 11, 8, 3]]",35,19,16,VCT 2025: China Kickoff,Main Event: Upper Quarterfinals,"['XLG Rarga', 'XLG happywei', 'XLG coconut', 'XLG YOU', 'XLG Viva']",Fracture,Pearl,Haven,Abyss,-,Haven,Lotus,Abyss,-,-,https://www.vlr.gg/430841/bilibili-gaming-vs-xi-lai-gaming-champions-tour-2025-china-kickoff-ubqf
Trace Esports,TE,2,Bo3,A,win,"[['Pearl', 8, 4, 4], ['Abyss', 7, 4, 3]]",15,8,7,VCT 2025: China Kickoff,Main Event: Upper Quarterfinals,"['TE Kai', 'TE FengF', 'TE Biank', 'TE LuoK1ng', 'TE heybay']",Haven,Split,Pearl,Bind,-,Pearl,Abyss,-,-,-,https://www.vlr.gg/430843/trace-esports-vs-dragon-ranger-gaming-champions-tour-2025-china-kickoff-ubqf
Dragon Ranger Gaming,DRG,0,Bo3,B,loss,"[['Pearl', 13, 8, 5], ['Abyss', 13, 9, 4]]",26,17,9,VCT 2025: China Kickoff,Main Event: Upper Quarterfinals,"['DRG Nicc', 'DRG Flex1n', 'DRG TvirusLuke', 'DRG vo0kashu', 'DRG SpiritZ1']",Fracture,Lotus,Abyss,Bind,-,Pearl,Abyss,-,-,-,https://www.vlr.gg/430843/trace-esports-vs-dragon-ranger-gaming-champions-tour-2025-china-kickoff-ubqf
EDward Gaming,EDG,2,Bo3,B,win,"[['Split', 13, 6, 7], ['Fracture', 13, 9, 4]]",26,15,11,VCT 2025: China Kickoff,Main Event: Upper Quarterfinals,"['EDG ZmjjKK', 'EDG CHICHOO', 'EDG S1Mon', 'EDG Smoggy', 'EDG nobody']",Abyss,Lotus,Fracture,Bind,-,Split,Fracture,-,-,-,https://www.vlr.gg/430844/edward-gaming-vs-nova-esports-champions-tour-2025-china-kickoff-ubqf
Nova Esports,NOVA,0,Bo3,A,loss,"[['Split', 8, 5, 3], ['Fracture', 10, 7, 3]]",18,12,6,VCT 2025: China Kickoff,Main Event: Upper Quarterfinals,"['NOVA cb', 'NOVA GuanG', 'NOVA Ezeir', 'NOVA SWERL', 'NOVA o0o0o']",Haven,Pearl,Split,Bind,-,Split,Fracture,-,-,-,https://www.vlr.gg/430844/edward-gaming-vs-nova-esports-champions-tour-2025-china-kickoff-ubqf
Titan Esports Club,TEC,0,Bo3,B,loss,"[['Fracture', 9, 7, 2], ['Abyss', 3, 1, 2]]",12,8,4,VCT 2025: China Kickoff,Main Event: Lower Round 1,"['TEC Haodong', 'TEC Rb', 'TEC B1ack', 'TEC Dynamite', 'TEC Abo']",Split,Haven,Abyss,Pearl,-,Fracture,Abyss,-,-,-,https://www.vlr.gg/430851/titan-esports-club-vs-jdg-esports-champions-tour-2025-china-kickoff-lr1
JDG Esports,JDG,2,Bo3,A,win,"[['Fracture', 13, 8, 5], ['Abyss', 13, 10, 3]]",26,18,8,VCT 2025: China Kickoff,Main Event: Lower Round 1,"['JDG stew', 'JDG jkuro', 'JDG Z1yan', 'JDG Babyblue', 'JDG MrCANI']",Lotus,Bind,Fracture,Pearl,-,Fracture,Abyss,-,-,-,https://www.vlr.gg/430851/titan-esports-club-vs-jdg-esports-champions-tour-2025-china-kickoff-lr1
Xi Lai Gaming,XLG,2,Bo3,B,win,"[['Abyss', 8, 3, 5], ['Bind', 13, 2, 11], ['Lotus', 13, 4, 9]]",34,9,25,VCT 2025: China Kickoff,Main Event: Lower Round 1,"['XLG happywei', 'XLG Rarga', 'XLG coconut', 'XLG YOU', 'XLG Viva']",Fracture,Split,Bind,Lotus,-,Abyss,Bind,Lotus,-,-,https://www.vlr.gg/430853/xi-lai-gaming-vs-all-gamers-champions-tour-2025-china-kickoff-lr1
All Gamers,AG,1,Bo3,A,loss,"[['Abyss', 13, 4, 9], ['Bind', 1, 1, 0], ['Lotus', 4, 3, 1]]",18,8,10,VCT 2025: China Kickoff,Main Event: Lower Round 1,"['AG deLb', 'AG monk', 'AG Lsn', 'AG K1ra', 'AG bunt']",Haven,Pearl,Abyss,Lotus,-,Abyss,Bind,Lotus,-,-,https://www.vlr.gg/430853/xi-lai-gaming-vs-all-gamers-champions-tour-2025-china-kickoff-lr1
Dragon Ranger Gaming,DRG,2,Bo3,B,win,"[['Pearl', 13, 5, 8], ['Haven', 13, 6, 7]]",26,11,15,VCT 2025: China Kickoff,Main Event: Lower Round 1,"['DRG vo0kashu', 'DRG Flex1n', 'DRG Nicc', 'DRG TvirusLuke', 'DRG SpiritZ1']",Fracture,Bind,Haven,Abyss,-,Pearl,Haven,-,-,-,https://www.vlr.gg/430850/dragon-ranger-gaming-vs-tyloo-champions-tour-2025-china-kickoff-lr1
TYLOO,TYL,0,Bo3,A,loss,"[['Pearl', 6, 4, 2], ['Haven', 10, 4, 6]]",16,8,8,VCT 2025: China Kickoff,Main Event: Lower Round 1,"['TYL zjc', 'TYL slowly', 'TYL Ninebody', 'TYL 5CM', 'TYL Eren']",Lotus,Split,Pearl,Abyss,-,Pearl,Haven,-,-,-,https://www.vlr.gg/430850/dragon-ranger-gaming-vs-tyloo-champions-tour-2025-china-kickoff-lr1
Nova Esports,NOVA,2,Bo3,B,win,"[['Fracture', 13, 4, 9], ['Abyss', 8, 5, 3], ['Split', 13, 6, 7]]",34,15,19,VCT 2025: China Kickoff,Main Event: Lower Round 1,"['NOVA GuanG', 'NOVA SWERL', 'NOVA cb', 'NOVA Ezeir', 'NOVA o0o0o']",Haven,Pearl,Abyss,Split,-,Fracture,Abyss,Split,-,-,https://www.vlr.gg/430849/nova-esports-vs-wolves-esports-champions-tour-2025-china-kickoff-lr1
Wolves Esports,WOL,1,Bo3,A,loss,"[['Fracture', 11, 3, 8], ['Abyss', 13, 6, 7], ['Split', 6, 0, 6]]",30,9,21,VCT 2025: China Kickoff,Main Event: Lower Round 1,"['WOL Yuicaw', 'WOL Lysoar', 'WOL Spring', 'WOL Juicy', 'WOL SiuFatBB']",Bind,Lotus,Fracture,Split,-,Fracture,Abyss,Split,-,-,https://www.vlr.gg/430849/nova-esports-vs-wolves-esports-champions-tour-2025-china-kickoff-lr1
Bilibili Gaming,BLG,2,Bo3,A,win,"[['Bind', 11, 3, 8], ['Lotus', 9, 5, 4]]",20,8,12,VCT 2025: China Kickoff,Main Event: Upper Semifinals,"['BLG nephh', 'BLG whzy', 'BLG Knight', 'BLG rushia', 'BLG Levius']",Fracture,Pearl,Bind,Abyss,-,Bind,Lotus,-,-,-,https://www.vlr.gg/430845/bilibili-gaming-vs-funplus-phoenix-champions-tour-2025-china-kickoff-ubsf
FunPlus Phoenix,FPX,0,Bo3,B,loss,"[['Bind', 13, 4, 9], ['Lotus', 13, 8, 5]]",26,12,14,VCT 2025: China Kickoff,Main Event: Upper Semifinals,"['FPX yosemite', 'FPX Autumn', 'FPX Life', 'FPX AAAAY', 'FPX BerLIN']",Split,Haven,Lotus,Abyss,-,Bind,Lotus,-,-,-,https://www.vlr.gg/430845/bilibili-gaming-vs-funplus-phoenix-champions-tour-2025-china-kickoff-ubsf
Trace Esports,TE,2,Bo3,A,win,"[['Lotus', 4, 4, 0], ['Bind', 4, 4, 0]]",8,8,0,VCT 2025: China Kickoff,Main Event: Upper Semifinals,"['TE heybay', 'TE Biank', 'TE FengF', 'TE LuoK1ng', 'TE Kai']",Haven,Split,Lotus,Fracture,-,Lotus,Bind,-,-,-,https://www.vlr.gg/430846/trace-esports-vs-edward-gaming-champions-tour-2025-china-kickoff-ubsf
EDward Gaming,EDG,0,Bo3,B,loss,"[['Lotus', 13, 5, 8], ['Bind', 13, 5, 8]]",26,10,16,VCT 2025: China Kickoff,Main Event: Upper Semifinals,"['EDG CHICHOO', 'EDG Smoggy', 'EDG ZmjjKK', 'EDG S1Mon', 'EDG nobody']",Abyss,Pearl,Bind,Fracture,-,Lotus,Bind,-,-,-,https://www.vlr.gg/430846/trace-esports-vs-edward-gaming-champions-tour-2025-china-kickoff-ubsf
Nova Esports,NOVA,0,Bo3,B,loss,"[['Pearl', 8, 4, 4], ['Bind', 7, 5, 2]]",15,9,6,VCT 2025: China Kickoff,Main Event: Lower Round 2,"['NOVA Ezeir', 'NOVA cb', 'NOVA SWERL', 'NOVA GuanG', 'NOVA o0o0o']",Haven,Lotus,Bind,Abyss,-,Pearl,Bind,-,-,-,https://www.vlr.gg/430854/nova-esports-vs-dragon-ranger-gaming-champions-tour-2025-china-kickoff-lr2
Dragon Ranger Gaming,DRG,2,Bo3,A,win,"[['Pearl', 13, 8, 5], ['Bind', 13, 6, 7]]",26,14,12,VCT 2025: China Kickoff,Main Event: Lower Round 2,"['DRG Flex1n', 'DRG vo0kashu', 'DRG SpiritZ1', 'DRG TvirusLuke', 'DRG Nicc']",Fracture,Split,Pearl,Abyss,-,Pearl,Bind,-,-,-,https://www.vlr.gg/430854/nova-esports-vs-dragon-ranger-gaming-champions-tour-2025-china-kickoff-lr2
JDG Esports,JDG,1,Bo3,A,loss,"[['Pearl', 9, 5, 4], ['Bind', 13, 8, 5], ['Haven', 13, 4, 9]]",35,17,18,VCT 2025: China Kickoff,Main Event: Lower Round 2,"['JDG Z1yan', 'JDG stew', 'JDG Babyblue', 'JDG jkuro', 'JDG MrCANI']",Lotus,Split,Pearl,Haven,-,Pearl,Bind,Haven,-,-,https://www.vlr.gg/430855/jdg-esports-vs-xi-lai-gaming-champions-tour-2025-china-kickoff-lr2
Xi Lai Gaming,XLG,2,Bo3,B,win,"[['Pearl', 13, 6, 7], ['Bind', 4, 0, 4], ['Haven', 6, 3, 3]]",23,9,14,VCT 2025: China Kickoff,Main Event: Lower Round 2,"['XLG happywei', 'XLG Rarga', 'XLG Viva', 'XLG YOU', 'XLG coconut']",Fracture,Abyss,Bind,Haven,-,Pearl,Bind,Haven,-,-,https://www.vlr.gg/430855/jdg-esports-vs-xi-lai-gaming-champions-tour-2025-china-kickoff-lr2
FunPlus Phoenix,FPX,1,Bo3,B,loss,"[['Abyss', 11, 6, 5], ['Pearl', 13, 11, 2], ['Haven', 7, 3, 4]]",31,20,11,VCT 2025: China Kickoff,Main Event: Lower Round 3,"['FPX Life', 'FPX Autumn', 'FPX yosemite', 'FPX AAAAY', 'FPX BerLIN']",Split,Bind,Pearl,Haven,-,Abyss,Pearl,Haven,-,-,https://www.vlr.gg/430856/funplus-phoenix-vs-dragon-ranger-gaming-champions-tour-2025-china-kickoff-lr3
Dragon Ranger Gaming,DRG,2,Bo3,A,win,"[['Abyss', 13, 7, 6], ['Pearl', 1, 0, 1], ['Haven', 13, 4, 9]]",27,11,16,VCT 2025: China Kickoff,Main Event: Lower Round 3,"['DRG vo0kashu', 'DRG Nicc', 'DRG TvirusLuke', 'DRG Flex1n', 'DRG SpiritZ1']",Fracture,Lotus,Abyss,Haven,-,Abyss,Pearl,Haven,-,-,https://www.vlr.gg/430856/funplus-phoenix-vs-dragon-ranger-gaming-champions-tour-2025-china-kickoff-lr3
EDward Gaming,EDG,2,Bo3,A,win,"[['Lotus', 14, 6, 6], ['Bind', 10, 5, 5], ['Haven', 0, 0, 0]]",24,11,11,VCT 2025: China Kickoff,Main Event: Lower Round 3,"['EDG ZmjjKK', 'EDG nobody', 'EDG CHICHOO', 'EDG Smoggy', 'EDG S1Mon']",Abyss,Split,Lotus,Haven,-,Lotus,Bind,Haven,-,-,https://www.vlr.gg/430857/edward-gaming-vs-xi-lai-gaming-champions-tour-2025-china-kickoff-lr3
Xi Lai Gaming,XLG,1,Bo3,B,loss,"[['Lotus', 12, 6, 6], ['Bind', 13, 7, 6], ['Haven', 13, 12, 1]]",38,25,13,VCT 2025: China Kickoff,Main Event: Lower Round 3,"['XLG happywei', 'XLG Rarga', 'XLG coconut', 'XLG YOU', 'XLG Viva']",Fracture,Pearl,Bind,Haven,-,Lotus,Bind,Haven,-,-,https://www.vlr.gg/430857/edward-gaming-vs-xi-lai-gaming-champions-tour-2025-china-kickoff-lr3
Bilibili Gaming,BLG,1,Bo3,B,loss,"[['Bind', 8, 2, 6], ['Haven', 13, 7, 6], ['Lotus', 6, 2, 4]]",27,11,16,VCT 2025: China Kickoff,Main Event: Upper Final,"['BLG Knight', 'BLG nephh', 'BLG whzy', 'BLG Levius', 'BLG rushia']",Fracture,Split,Haven,Lotus,-,Bind,Haven,Lotus,-,-,https://www.vlr.gg/430847/bilibili-gaming-vs-trace-esports-champions-tour-2025-china-kickoff-ubf
Trace Esports,TE,2,Bo3,A,win,"[['Bind', 13, 6, 7], ['Haven', 10, 6, 4], ['Lotus', 13, 8, 5]]",36,20,16,VCT 2025: China Kickoff,Main Event: Upper Final,"['TE FengF', 'TE Kai', 'TE Biank', 'TE LuoK1ng', 'TE heybay']",Abyss,Pearl,Bind,Lotus,-,Bind,Haven,Lotus,-,-,https://www.vlr.gg/430847/bilibili-gaming-vs-trace-esports-champions-tour-2025-china-kickoff-ubf
Dragon Ranger Gaming,DRG,0,Bo3,A,loss,"[['Haven', 13, 12, 1], ['Pearl', 13, 7, 6]]",26,19,7,VCT 2025: China Kickoff,Main Event: Lower Round 4,"['DRG Flex1n', 'DRG vo0kashu', 'DRG SpiritZ1', 'DRG TvirusLuke', 'DRG Nicc']",Fracture,Bind,Haven,Lotus,-,Haven,Pearl,-,-,-,https://www.vlr.gg/430858/dragon-ranger-gaming-vs-edward-gaming-champions-tour-2025-china-kickoff-lr4
EDward Gaming,EDG,2,Bo3,B,win,"[['Haven', 0, 0, 0], ['Pearl', 9, 4, 5]]",9,4,5,VCT 2025: China Kickoff,Main Event: Lower Round 4,"['EDG ZmjjKK', 'EDG Smoggy', 'EDG nobody', 'EDG CHICHOO', 'EDG S1Mon']",Abyss,Split,Pearl,Lotus,-,Haven,Pearl,-,-,-,https://www.vlr.gg/430858/dragon-ranger-gaming-vs-edward-gaming-champions-tour-2025-china-kickoff-lr4
Bilibili Gaming,BLG,0,Bo5,A,loss,"[['Pearl', 14, 5, 7], ['Haven', 13, 6, 7], ['Lotus', 13, 4, 9]]",40,15,23,VCT 2025: China Kickoff,Main Event: Lower Final,"['BLG nephh', 'BLG Knight', 'BLG Levius', 'BLG rushia', 'BLG whzy']",Fracture,-,Pearl,Lotus,Split,Pearl,Haven,Lotus,-,-,https://www.vlr.gg/430860/bilibili-gaming-vs-edward-gaming-champions-tour-2025-china-kickoff-lbf
EDward Gaming,EDG,3,Bo5,B,win,"[['Pearl', 12, 5, 7], ['Haven', 6, 5, 1], ['Lotus', 5, 3, 2]]",23,13,10,VCT 2025: China Kickoff,Main Event: Lower Final,"['EDG ZmjjKK', 'EDG Smoggy', 'EDG nobody', 'EDG CHICHOO', 'EDG S1Mon']",Abyss,-,Haven,Bind,Split,Pearl,Haven,Lotus,-,-,https://www.vlr.gg/430860/bilibili-gaming-vs-edward-gaming-champions-tour-2025-china-kickoff-lbf
Trace Esports,TE,1,Bo5,A,loss,"[['Lotus', 12, 7, 5], ['Bind', 13, 5, 8], ['Abyss', 16, 8, 4], ['Fracture', 13, 3, 10]]",54,23,27,VCT 2025: China Kickoff,Main Event: Grand Final,"['TE LuoK1ng', 'TE Biank', 'TE heybay', 'TE Kai', 'TE FengF']",Haven,Split,Lotus,Abyss,Pearl,Lotus,Bind,Abyss,Fracture,-,https://www.vlr.gg/430848/trace-esports-vs-edward-gaming-champions-tour-2025-china-kickoff-gf
EDward Gaming,EDG,3,Bo5,B,win,"[['Lotus', 14, 7, 5], ['Bind', 11, 4, 7], ['Abyss', 14, 8, 4], ['Fracture', 2, 2, 0]]",41,21,16,VCT 2025: China Kickoff,Main Event: Grand Final,"['EDG ZmjjKK', 'EDG nobody', 'EDG Smoggy', 'EDG CHICHOO', 'EDG S1Mon']",-,-,Bind,Fracture,Pearl,Lotus,Bind,Abyss,Fracture,-,https://www.vlr.gg/430848/trace-esports-vs-edward-gaming-champions-tour-2025-china-kickoff-gf
