team_name,team_aggr,total_map_win,best_of_type,pick_team,match_res,map_stats,total_win,t_win,ct_win,event_name,match_type,player_list,ban_map_1,ban_map_2,pick_map_1,pick_map_2,pick_map_3,match_map_1,match_map_2,match_map_3,match_map_4,match_map_5,match_url
Team Liquid,TL,0,Bo3,B,loss,"[['Fracture', 11, 6, 5], ['Bind', 15, 7, 5]]",26,13,10,Valorant Champions 2023,Group Stage: Opening (D),"['TL nAts', 'TL Sayf', 'TL Jamppi', 'TL soulcas', 'TL Redgar']",Pearl,Ascent,Bind,Split,-,Fracture,Bind,-,-,-,https://www.vlr.gg/247100/team-liquid-vs-natus-vincere-valorant-champions-2023-group-stage-opening-d
Natus Vincere,NAVI,2,Bo3,A,win,"[['Fracture', 13, 7, 6], ['Bind', 17, 7, 5]]",30,14,11,Valorant Champions 2023,Group Stage: Opening (D),"['NAVI SUYGETSU', 'NAVI cNed', 'NAVI Shao', 'NAVI ANGE1', 'NAVI Zyppan']",Haven,Lotus,Fracture,Split,-,Fracture,Bind,-,-,-,https://www.vlr.gg/247100/team-liquid-vs-natus-vincere-valorant-champions-2023-group-stage-opening-d
DRX,DRX,2,Bo3,B,win,"[['Lotus', 13, 7, 5], ['Split', 13, 5, 8], ['Ascent', 13, 5, 8]]",39,17,21,Valorant Champions 2023,Group Stage: Opening (D),"['DRX MaKo', 'DRX Rb', 'DRX Zest', 'DRX stax', 'DRX BuZz']",Bind,Pearl,Split,Ascent,-,Lotus,Split,Ascent,-,-,https://www.vlr.gg/247101/drx-vs-loud-valorant-champions-2023-group-stage-opening-d
LOUD,LOUD,1,Bo3,A,loss,"[['Lotus', 15, 7, 5], ['Split', 6, 4, 2], ['Ascent', 8, 4, 4]]",29,15,11,Valorant Champions 2023,Group Stage: Opening (D),"['LOUD aspas', 'LOUD cauanzin', 'LOUD Less', 'LOUD tuyz', 'LOUD saadhak']",Fracture,Haven,Lotus,Ascent,-,Lotus,Split,Ascent,-,-,https://www.vlr.gg/247101/drx-vs-loud-valorant-champions-2023-group-stage-opening-d
FUT Esports,FUT,2,Bo3,B,win,"[['Pearl', 13, 4, 9], ['Haven', 13, 6, 7]]",26,10,16,Valorant Champions 2023,Group Stage: Opening (B),"['FUT MrFaliN', 'FUT MOJJ', 'FUT qRaxs', 'FUT AtaKaptan', 'FUT qw1']",Fracture,Bind,Haven,Ascent,-,Pearl,Haven,-,-,-,https://www.vlr.gg/247087/fut-esports-vs-t1-valorant-champions-2023-group-stage-opening-b
T1,T1,0,Bo3,A,loss,"[['Pearl', 4, 3, 1], ['Haven', 7, 5, 2]]",11,8,3,Valorant Champions 2023,Group Stage: Opening (B),"['T1 Munchkin', 'T1 xeta', 'T1 Sayaplayer', 'T1 ban', 'T1 carpe']",Split,Lotus,Pearl,Ascent,-,Pearl,Haven,-,-,-,https://www.vlr.gg/247087/fut-esports-vs-t1-valorant-champions-2023-group-stage-opening-b
Evil Geniuses,EG,2,Bo3,A,win,"[['Ascent', 8, 6, 2], ['Pearl', 8, 3, 5]]",16,9,7,Valorant Champions 2023,Group Stage: Opening (B),"['EG jawgemo', 'EG Demon1', 'EG Ethan', 'EG C0M', 'EG Boostio']",Lotus,Haven,Ascent,Bind,-,Ascent,Pearl,-,-,-,https://www.vlr.gg/247086/evil-geniuses-vs-funplus-phoenix-valorant-champions-2023-group-stage-opening-b
FunPlus Phoenix,FPX,0,Bo3,B,loss,"[['Ascent', 13, 7, 6], ['Pearl', 13, 4, 9]]",26,11,15,Valorant Champions 2023,Group Stage: Opening (B),"['FPX AAAAY', 'FPX nizhaoTZH', 'FPX Lysoar', 'FPX Yuicaw', 'FPX BerLIN']",Fracture,Split,Pearl,Bind,-,Ascent,Pearl,-,-,-,https://www.vlr.gg/247086/evil-geniuses-vs-funplus-phoenix-valorant-champions-2023-group-stage-opening-b
Natus Vincere,NAVI,1,Bo3,A,loss,"[['Bind', 15, 4, 8], ['Split', 9, 6, 3], ['Lotus', 14, 6, 6]]",38,16,17,Valorant Champions 2023,Group Stage: Winner's (D),"['NAVI Shao', 'NAVI SUYGETSU', 'NAVI cNed', 'NAVI Zyppan', 'NAVI ANGE1']",Haven,Ascent,Bind,Lotus,-,Bind,Split,Lotus,-,-,https://www.vlr.gg/247102/natus-vincere-vs-drx-valorant-champions-2023-group-stage-winners-d
DRX,DRX,2,Bo3,B,win,"[['Bind', 13, 4, 8], ['Split', 13, 7, 6], ['Lotus', 12, 6, 6]]",38,17,20,Valorant Champions 2023,Group Stage: Winner's (D),"['DRX stax', 'DRX BuZz', 'DRX Rb', 'DRX MaKo', 'DRX Zest']",Pearl,Fracture,Split,Lotus,-,Bind,Split,Lotus,-,-,https://www.vlr.gg/247102/natus-vincere-vs-drx-valorant-champions-2023-group-stage-winners-d
NRG,NRG,0,Bo3,B,loss,"[['Lotus', 12, 7, 5], ['Split', 8, 4, 4]]",20,11,9,Valorant Champions 2023,Group Stage: Opening (C),"['NRG s0m', 'NRG crashies', 'NRG ardiis', 'NRG Victor', 'NRG FiNESSE']",Ascent,Fracture,Split,Pearl,-,Lotus,Split,-,-,-,https://www.vlr.gg/247094/nrg-esports-vs-bilibili-gaming-valorant-champions-2023-group-stage-opening-c
Bilibili Gaming,BLG,2,Bo3,A,win,"[['Lotus', 14, 7, 5], ['Split', 13, 5, 8]]",27,12,13,Valorant Champions 2023,Group Stage: Opening (C),"['BLG whzy', 'BLG Biank', 'BLG yosemite', 'BLG DK', 'BLG Knight']",Haven,Bind,Lotus,Pearl,-,Lotus,Split,-,-,-,https://www.vlr.gg/247094/nrg-esports-vs-bilibili-gaming-valorant-champions-2023-group-stage-opening-c
FNATIC,FNC,2,Bo3,B,win,"[['Fracture', 13, 8, 5], ['Haven', 13, 7, 6]]",26,15,11,Valorant Champions 2023,Group Stage: Opening (C),"['FNC Alfajer', 'FNC Leo', 'FNC Derke', 'FNC Chronicle', 'FNC Boaster']",Pearl,Split,Haven,Lotus,-,Fracture,Haven,-,-,-,https://www.vlr.gg/247093/fnatic-vs-zeta-division-valorant-champions-2023-group-stage-opening-c
ZETA DIVISION,ZETA,0,Bo3,A,loss,"[['Fracture', 5, 1, 4], ['Haven', 6, 1, 5]]",11,2,9,Valorant Champions 2023,Group Stage: Opening (C),"['ZETA Dep', 'ZETA SugarZ3ro', 'ZETA TENNN', 'ZETA Laz', 'ZETA crow']",Bind,Ascent,Fracture,Lotus,-,Fracture,Haven,-,-,-,https://www.vlr.gg/247093/fnatic-vs-zeta-division-valorant-champions-2023-group-stage-opening-c
Evil Geniuses,EG,2,Bo3,A,win,"[['Pearl', 13, 3, 9], ['Bind', 9, 6, 3]]",22,9,12,Valorant Champions 2023,Group Stage: Winner's (B),"['EG Boostio', 'EG Ethan', 'EG C0M', 'EG jawgemo', 'EG Demon1']",Haven,Lotus,Pearl,Ascent,-,Pearl,Bind,-,-,-,https://www.vlr.gg/247088/evil-geniuses-vs-fut-esports-valorant-champions-2023-group-stage-winners-b
FUT Esports,FUT,0,Bo3,B,loss,"[['Pearl', 15, 3, 9], ['Bind', 13, 7, 6]]",28,10,15,Valorant Champions 2023,Group Stage: Winner's (B),"['FUT qRaxs', 'FUT MOJJ', 'FUT qw1', 'FUT AtaKaptan', 'FUT MrFaliN']",Fracture,Split,Bind,Ascent,-,Pearl,Bind,-,-,-,https://www.vlr.gg/247088/evil-geniuses-vs-fut-esports-valorant-champions-2023-group-stage-winners-b
Paper Rex,PRX,2,Bo3,B,win,"[['Split', 13, 8, 5], ['Pearl', 13, 8, 5]]",26,16,10,Valorant Champions 2023,Group Stage: Opening (A),"['PRX mindfreak', 'PRX d4v41', 'PRX something', 'PRX Jinggg', 'PRX f0rsakeN']",Haven,Ascent,Pearl,Lotus,-,Split,Pearl,-,-,-,https://www.vlr.gg/247075/paper-rex-vs-kr-esports-valorant-champions-2023-group-stage-opening-a
KRÜ Esports,KRÜ,0,Bo3,A,loss,"[['Split', 7, 3, 4], ['Pearl', 8, 4, 4]]",15,7,8,Valorant Champions 2023,Group Stage: Opening (A),"['KRÜ keznit', 'KRÜ DaveeyS', 'KRÜ Melser', 'KRÜ Klaus', 'KRÜ NagZ']",Fracture,Bind,Split,Lotus,-,Split,Pearl,-,-,-,https://www.vlr.gg/247075/paper-rex-vs-kr-esports-valorant-champions-2023-group-stage-opening-a
EDward Gaming,EDG,2,Bo3,B,win,"[['Split', 13, 9, 3], ['Bind', 13, 6, 7], ['Ascent', 13, 7, 6]]",39,22,16,Valorant Champions 2023,Group Stage: Opening (A),"['EDG nobody', 'EDG CHICHOO', 'EDG ZmjjKK', 'EDG Haodong', 'EDG Smoggy']",Lotus,Pearl,Bind,Ascent,-,Split,Bind,Ascent,-,-,https://www.vlr.gg/247076/edward-gaming-vs-giants-gaming-valorant-champions-2023-group-stage-opening-a
Giants Gaming,GIA,1,Bo3,A,loss,"[['Split', 15, 9, 3], ['Bind', 11, 5, 6], ['Ascent', 8, 3, 5]]",34,17,14,Valorant Champions 2023,Group Stage: Opening (A),"['GIA Fit1nho', 'GIA hoody', 'GIA Cloud', 'GIA nukkye', 'GIA rhyme']",Fracture,Haven,Split,Ascent,-,Split,Bind,Ascent,-,-,https://www.vlr.gg/247076/edward-gaming-vs-giants-gaming-valorant-champions-2023-group-stage-opening-a
FNATIC,FNC,2,Bo3,B,win,"[['Haven', 13, 10, 3], ['Lotus', 13, 9, 4]]",26,19,7,Valorant Champions 2023,Group Stage: Winner's (C),"['FNC Chronicle', 'FNC Boaster', 'FNC Derke', 'FNC Leo', 'FNC Alfajer']",Pearl,Ascent,Lotus,Split,-,Haven,Lotus,-,-,-,https://www.vlr.gg/247095/fnatic-vs-bilibili-gaming-valorant-champions-2023-group-stage-winners-c
Bilibili Gaming,BLG,0,Bo3,A,loss,"[['Haven', 2, 0, 2], ['Lotus', 8, 5, 3]]",10,5,5,Valorant Champions 2023,Group Stage: Winner's (C),"['BLG yosemite', 'BLG whzy', 'BLG Biank', 'BLG DK', 'BLG Knight']",Fracture,Bind,Haven,Split,-,Haven,Lotus,-,-,-,https://www.vlr.gg/247095/fnatic-vs-bilibili-gaming-valorant-champions-2023-group-stage-winners-c
Team Liquid,TL,0,Bo3,B,loss,"[['Haven', 2, 2, 0], ['Split', 8, 2, 6]]",10,4,6,Valorant Champions 2023,Group Stage: Elimination (D),"['TL Sayf', 'TL soulcas', 'TL Redgar', 'TL nAts', 'TL Jamppi']",Pearl,Bind,Split,Lotus,-,Haven,Split,-,-,-,https://www.vlr.gg/247103/team-liquid-vs-loud-valorant-champions-2023-group-stage-elim-d
LOUD,LOUD,2,Bo3,A,win,"[['Haven', 13, 3, 10], ['Split', 13, 6, 7]]",26,9,17,Valorant Champions 2023,Group Stage: Elimination (D),"['LOUD tuyz', 'LOUD Less', 'LOUD cauanzin', 'LOUD saadhak', 'LOUD aspas']",Fracture,Ascent,Haven,Lotus,-,Haven,Split,-,-,-,https://www.vlr.gg/247103/team-liquid-vs-loud-valorant-champions-2023-group-stage-elim-d
FunPlus Phoenix,FPX,0,Bo3,A,loss,"[['Lotus', 13, 8, 5], ['Bind', 13, 9, 4]]",26,17,9,Valorant Champions 2023,Group Stage: Elimination (B),"['FPX AAAAY', 'FPX Yuicaw', 'FPX Lysoar', 'FPX BerLIN', 'FPX nizhaoTZH']",Fracture,Pearl,Lotus,Ascent,-,Lotus,Bind,-,-,-,https://www.vlr.gg/247089/funplus-phoenix-vs-t1-valorant-champions-2023-group-stage-elim-b
T1,T1,2,Bo3,B,win,"[['Lotus', 10, 7, 3], ['Bind', 7, 4, 3]]",17,11,6,Valorant Champions 2023,Group Stage: Elimination (B),"['T1 Sayaplayer', 'T1 xeta', 'T1 Munchkin', 'T1 ban', 'T1 carpe']",Split,Haven,Bind,Ascent,-,Lotus,Bind,-,-,-,https://www.vlr.gg/247089/funplus-phoenix-vs-t1-valorant-champions-2023-group-stage-elim-b
Paper Rex,PRX,2,Bo3,B,win,"[['Fracture', 13, 8, 5], ['Pearl', 16, 7, 5]]",29,15,10,Valorant Champions 2023,Group Stage: Winner's (A),"['PRX f0rsakeN', 'PRX d4v41', 'PRX mindfreak', 'PRX Jinggg', 'PRX something']",Haven,Ascent,Pearl,Bind,-,Fracture,Pearl,-,-,-,https://www.vlr.gg/247077/paper-rex-vs-edward-gaming-valorant-champions-2023-group-stage-winners-a
EDward Gaming,EDG,0,Bo3,A,loss,"[['Fracture', 7, 3, 4], ['Pearl', 14, 7, 5]]",21,10,9,Valorant Champions 2023,Group Stage: Winner's (A),"['EDG ZmjjKK', 'EDG Smoggy', 'EDG CHICHOO', 'EDG Haodong', 'EDG nobody']",Lotus,Split,Fracture,Bind,-,Fracture,Pearl,-,-,-,https://www.vlr.gg/247077/paper-rex-vs-edward-gaming-valorant-champions-2023-group-stage-winners-a
KRÜ Esports,KRÜ,0,Bo3,A,loss,"[['Lotus', 13, 8, 5], ['Pearl', 14, 5, 7]]",27,13,12,Valorant Champions 2023,Group Stage: Elimination (A),"['KRÜ keznit', 'KRÜ DaveeyS', 'KRÜ NagZ', 'KRÜ Klaus', 'KRÜ Melser']",Fracture,Haven,Lotus,Split,-,Lotus,Pearl,-,-,-,https://www.vlr.gg/247078/kr-esports-vs-giants-gaming-valorant-champions-2023-group-stage-elim-a
Giants Gaming,GIA,2,Bo3,B,win,"[['Lotus', 10, 7, 3], ['Pearl', 12, 5, 7]]",22,12,10,Valorant Champions 2023,Group Stage: Elimination (A),"['GIA hoody', 'GIA nukkye', 'GIA Fit1nho', 'GIA rhyme', 'GIA Cloud']",Ascent,Bind,Pearl,Split,-,Lotus,Pearl,-,-,-,https://www.vlr.gg/247078/kr-esports-vs-giants-gaming-valorant-champions-2023-group-stage-elim-a
Natus Vincere,NAVI,1,Bo3,A,loss,"[['Pearl', 11, 4, 7], ['Ascent', 13, 6, 7], ['Bind', 13, 7, 6]]",37,17,20,Valorant Champions 2023,Group Stage: Decider (D),"['NAVI cNed', 'NAVI SUYGETSU', 'NAVI Zyppan', 'NAVI Shao', 'NAVI ANGE1']",Haven,Lotus,Pearl,Bind,-,Pearl,Ascent,Bind,-,-,https://www.vlr.gg/247104/natus-vincere-vs-loud-valorant-champions-2023-group-stage-decider-d
LOUD,LOUD,2,Bo3,B,win,"[['Pearl', 13, 5, 8], ['Ascent', 11, 5, 6], ['Bind', 11, 6, 5]]",35,16,19,Valorant Champions 2023,Group Stage: Decider (D),"['LOUD Less', 'LOUD tuyz', 'LOUD saadhak', 'LOUD aspas', 'LOUD cauanzin']",Fracture,Split,Ascent,Bind,-,Pearl,Ascent,Bind,-,-,https://www.vlr.gg/247104/natus-vincere-vs-loud-valorant-champions-2023-group-stage-decider-d
FUT Esports,FUT,2,Bo3,B,win,"[['Bind', 13, 3, 10], ['Pearl', 14, 7, 5]]",27,10,15,Valorant Champions 2023,Group Stage: Decider (B),"['FUT MrFaliN', 'FUT qRaxs', 'FUT MOJJ', 'FUT AtaKaptan', 'FUT qw1']",Fracture,Ascent,Pearl,Haven,-,Bind,Pearl,-,-,-,https://www.vlr.gg/247090/fut-esports-vs-t1-valorant-champions-2023-group-stage-decider-b
T1,T1,0,Bo3,A,loss,"[['Bind', 10, 2, 8], ['Pearl', 12, 7, 5]]",22,9,13,Valorant Champions 2023,Group Stage: Decider (B),"['T1 Sayaplayer', 'T1 Munchkin', 'T1 carpe', 'T1 ban', 'T1 xeta']",Split,Lotus,Bind,Haven,-,Bind,Pearl,-,-,-,https://www.vlr.gg/247090/fut-esports-vs-t1-valorant-champions-2023-group-stage-decider-b
EDward Gaming,EDG,2,Bo3,B,win,"[['Split', 13, 9, 4], ['Fracture', 13, 5, 8]]",26,14,12,Valorant Champions 2023,Group Stage: Decider (A),"['EDG CHICHOO', 'EDG ZmjjKK', 'EDG nobody', 'EDG Smoggy', 'EDG Haodong']",Lotus,Ascent,Fracture,Bind,-,Split,Fracture,-,-,-,https://www.vlr.gg/247079/edward-gaming-vs-giants-gaming-valorant-champions-2023-group-stage-decider-a
Giants Gaming,GIA,0,Bo3,A,loss,"[['Split', 6, 3, 3], ['Fracture', 7, 4, 3]]",13,7,6,Valorant Champions 2023,Group Stage: Decider (A),"['GIA Cloud', 'GIA rhyme', 'GIA hoody', 'GIA Fit1nho', 'GIA nukkye']",Pearl,Haven,Split,Bind,-,Split,Fracture,-,-,-,https://www.vlr.gg/247079/edward-gaming-vs-giants-gaming-valorant-champions-2023-group-stage-decider-a
Bilibili Gaming,BLG,2,Bo3,B,win,"[['Bind', 13, 8, 5], ['Ascent', 13, 8, 5]]",26,16,10,Valorant Champions 2023,Group Stage: Decider (C),"['BLG yosemite', 'BLG whzy', 'BLG Knight', 'BLG DK', 'BLG Biank']",Haven,Fracture,Ascent,Lotus,-,Bind,Ascent,-,-,-,https://www.vlr.gg/247098/bilibili-gaming-vs-nrg-esports-valorant-champions-2023-group-stage-decider-c
NRG,NRG,0,Bo3,A,loss,"[['Bind', 10, 7, 3], ['Ascent', 5, 1, 4]]",15,8,7,Valorant Champions 2023,Group Stage: Decider (C),"['NRG Victor', 'NRG crashies', 'NRG FiNESSE', 'NRG s0m', 'NRG ardiis']",Split,Pearl,Bind,Lotus,-,Bind,Ascent,-,-,-,https://www.vlr.gg/247098/bilibili-gaming-vs-nrg-esports-valorant-champions-2023-group-stage-decider-c
FNATIC,FNC,0,Bo3,B,loss,"[['Ascent', 11, 5, 6], ['Lotus', 6, 2, 4]]",17,7,10,Valorant Champions 2023,Playoffs: Upper Quarterfinals,"['FNC Alfajer', 'FNC Leo', 'FNC Derke', 'FNC Boaster', 'FNC Chronicle']",Pearl,Haven,Lotus,Split,-,Ascent,Lotus,-,-,-,https://www.vlr.gg/248270/fnatic-vs-loud-valorant-champions-2023-playoffs-ubqf
LOUD,LOUD,2,Bo3,A,win,"[['Ascent', 13, 6, 7], ['Lotus', 13, 8, 5]]",26,14,12,Valorant Champions 2023,Playoffs: Upper Quarterfinals,"['LOUD aspas', 'LOUD cauanzin', 'LOUD Less', 'LOUD tuyz', 'LOUD saadhak']",Fracture,Bind,Ascent,Split,-,Ascent,Lotus,-,-,-,https://www.vlr.gg/248270/fnatic-vs-loud-valorant-champions-2023-playoffs-ubqf
Paper Rex,PRX,2,Bo3,B,win,"[['Ascent', 13, 4, 9], ['Pearl', 13, 11, 2]]",26,15,11,Valorant Champions 2023,Playoffs: Upper Quarterfinals,"['PRX d4v41', 'PRX something', 'PRX f0rsakeN', 'PRX mindfreak', 'PRX Jinggg']",Haven,Lotus,Pearl,Split,-,Ascent,Pearl,-,-,-,https://www.vlr.gg/248271/paper-rex-vs-fut-esports-valorant-champions-2023-playoffs-ubqf
FUT Esports,FUT,0,Bo3,A,loss,"[['Ascent', 10, 2, 8], ['Pearl', 4, 3, 1]]",14,5,9,Valorant Champions 2023,Playoffs: Upper Quarterfinals,"['FUT MrFaliN', 'FUT qw1', 'FUT AtaKaptan', 'FUT MOJJ', 'FUT qRaxs']",Fracture,Bind,Ascent,Split,-,Ascent,Pearl,-,-,-,https://www.vlr.gg/248271/paper-rex-vs-fut-esports-valorant-champions-2023-playoffs-ubqf
DRX,DRX,2,Bo3,B,win,"[['Lotus', 13, 2, 11], ['Haven', 13, 7, 6]]",26,9,17,Valorant Champions 2023,Playoffs: Upper Quarterfinals,"['DRX BuZz', 'DRX Zest', 'DRX MaKo', 'DRX stax', 'DRX Rb']",Bind,Ascent,Haven,Pearl,-,Lotus,Haven,-,-,-,https://www.vlr.gg/248272/drx-vs-bilibili-gaming-valorant-champions-2023-playoffs-ubqf
Bilibili Gaming,BLG,0,Bo3,A,loss,"[['Lotus', 10, 0, 10], ['Haven', 9, 4, 5]]",19,4,15,Valorant Champions 2023,Playoffs: Upper Quarterfinals,"['BLG Biank', 'BLG whzy', 'BLG Knight', 'BLG DK', 'BLG yosemite']",Fracture,Split,Lotus,Pearl,-,Lotus,Haven,-,-,-,https://www.vlr.gg/248272/drx-vs-bilibili-gaming-valorant-champions-2023-playoffs-ubqf
Evil Geniuses,EG,2,Bo3,B,win,"[['Split', 12, 8, 4], ['Ascent', 13, 5, 8], ['Pearl', 13, 5, 8]]",38,18,20,Valorant Champions 2023,Playoffs: Upper Quarterfinals,"['EG Demon1', 'EG Ethan', 'EG C0M', 'EG jawgemo', 'EG Boostio']",Haven,Bind,Ascent,Pearl,-,Split,Ascent,Pearl,-,-,https://www.vlr.gg/248273/evil-geniuses-vs-edward-gaming-valorant-champions-2023-playoffs-ubqf
EDward Gaming,EDG,1,Bo3,A,loss,"[['Split', 14, 8, 4], ['Ascent', 5, 4, 1], ['Pearl', 5, 4, 1]]",24,16,6,Valorant Champions 2023,Playoffs: Upper Quarterfinals,"['EDG Smoggy', 'EDG CHICHOO', 'EDG nobody', 'EDG Haodong', 'EDG ZmjjKK']",Fracture,Lotus,Split,Pearl,-,Split,Ascent,Pearl,-,-,https://www.vlr.gg/248273/evil-geniuses-vs-edward-gaming-valorant-champions-2023-playoffs-ubqf
FNATIC,FNC,2,Bo3,A,win,"[['Split', 5, 3, 2], ['Haven', 9, 2, 7]]",14,5,9,Valorant Champions 2023,Playoffs: Lower Round 1,"['FNC Alfajer', 'FNC Chronicle', 'FNC Leo', 'FNC Derke', 'FNC Boaster']",Pearl,Ascent,Split,Bind,-,Split,Haven,-,-,-,https://www.vlr.gg/248278/fnatic-vs-fut-esports-valorant-champions-2023-playoffs-lr1
FUT Esports,FUT,0,Bo3,B,loss,"[['Split', 13, 10, 3], ['Haven', 13, 5, 8]]",26,15,11,Valorant Champions 2023,Playoffs: Lower Round 1,"['FUT AtaKaptan', 'FUT MrFaliN', 'FUT qRaxs', 'FUT MOJJ', 'FUT qw1']",Fracture,Lotus,Haven,Bind,-,Split,Haven,-,-,-,https://www.vlr.gg/248278/fnatic-vs-fut-esports-valorant-champions-2023-playoffs-lr1
Bilibili Gaming,BLG,1,Bo3,A,loss,"[['Bind', 13, 10, 3], ['Split', 13, 4, 8], ['Haven', 13, 7, 6]]",39,21,17,Valorant Champions 2023,Playoffs: Lower Round 1,"['BLG Knight', 'BLG whzy', 'BLG yosemite', 'BLG Biank', 'BLG DK']",Fracture,Pearl,Bind,Haven,-,Bind,Split,Haven,-,-,https://www.vlr.gg/248279/bilibili-gaming-vs-edward-gaming-valorant-champions-2023-playoffs-lr1
EDward Gaming,EDG,2,Bo3,B,win,"[['Bind', 4, 2, 2], ['Split', 15, 4, 8], ['Haven', 10, 6, 4]]",29,12,14,Valorant Champions 2023,Playoffs: Lower Round 1,"['EDG CHICHOO', 'EDG nobody', 'EDG Haodong', 'EDG Smoggy', 'EDG ZmjjKK']",Lotus,Ascent,Split,Haven,-,Bind,Split,Haven,-,-,https://www.vlr.gg/248279/bilibili-gaming-vs-edward-gaming-valorant-champions-2023-playoffs-lr1
LOUD,LOUD,1,Bo3,A,loss,"[['Lotus', 15, 5, 7], ['Split', 2, 0, 2], ['Pearl', 13, 7, 6]]",30,12,15,Valorant Champions 2023,Playoffs: Upper Semifinals,"['LOUD aspas', 'LOUD Less', 'LOUD cauanzin', 'LOUD tuyz', 'LOUD saadhak']",Fracture,Bind,Lotus,Pearl,-,Lotus,Split,Pearl,-,-,https://www.vlr.gg/248274/loud-vs-paper-rex-valorant-champions-2023-playoffs-ubsf
Paper Rex,PRX,2,Bo3,B,win,"[['Lotus', 13, 5, 7], ['Split', 13, 10, 3], ['Pearl', 10, 5, 5]]",36,20,15,Valorant Champions 2023,Playoffs: Upper Semifinals,"['PRX something', 'PRX d4v41', 'PRX Jinggg', 'PRX f0rsakeN', 'PRX mindfreak']",Haven,Ascent,Split,Pearl,-,Lotus,Split,Pearl,-,-,https://www.vlr.gg/248274/loud-vs-paper-rex-valorant-champions-2023-playoffs-ubsf
DRX,DRX,0,Bo3,B,loss,"[['Fracture', 9, 4, 5], ['Lotus', 4, 2, 2]]",13,6,7,Valorant Champions 2023,Playoffs: Upper Semifinals,"['DRX Zest', 'DRX BuZz', 'DRX stax', 'DRX MaKo', 'DRX Rb']",Ascent,Pearl,Lotus,Split,-,Fracture,Lotus,-,-,-,https://www.vlr.gg/248275/drx-vs-evil-geniuses-valorant-champions-2023-playoffs-ubsf
Evil Geniuses,EG,2,Bo3,A,win,"[['Fracture', 13, 5, 8], ['Lotus', 13, 10, 3]]",26,15,11,Valorant Champions 2023,Playoffs: Upper Semifinals,"['EG Demon1', 'EG C0M', 'EG Ethan', 'EG Boostio', 'EG jawgemo']",Haven,Bind,Fracture,Split,-,Fracture,Lotus,-,-,-,https://www.vlr.gg/248275/drx-vs-evil-geniuses-valorant-champions-2023-playoffs-ubsf
LOUD,LOUD,2,Bo3,B,win,"[['Bind', 11, 5, 6], ['Ascent', 13, 5, 8], ['Haven', 13, 7, 6]]",37,17,20,Valorant Champions 2023,Playoffs: Lower Round 2,"['LOUD cauanzin', 'LOUD tuyz', 'LOUD aspas', 'LOUD Less', 'LOUD saadhak']",Fracture,Split,Ascent,Haven,-,Bind,Ascent,Haven,-,-,https://www.vlr.gg/248281/loud-vs-edward-gaming-valorant-champions-2023-playoffs-lr2
EDward Gaming,EDG,1,Bo3,A,loss,"[['Bind', 13, 6, 7], ['Ascent', 5, 4, 1], ['Haven', 11, 6, 5]]",29,16,13,Valorant Champions 2023,Playoffs: Lower Round 2,"['EDG Smoggy', 'EDG ZmjjKK', 'EDG CHICHOO', 'EDG nobody', 'EDG Haodong']",Lotus,Pearl,Bind,Haven,-,Bind,Ascent,Haven,-,-,https://www.vlr.gg/248281/loud-vs-edward-gaming-valorant-champions-2023-playoffs-lr2
DRX,DRX,1,Bo3,B,loss,"[['Bind', 13, 2, 11], ['Haven', 9, 3, 6], ['Split', 6, 1, 5]]",28,6,22,Valorant Champions 2023,Playoffs: Lower Round 2,"['DRX MaKo', 'DRX stax', 'DRX BuZz', 'DRX Rb', 'DRX Zest']",Lotus,Fracture,Haven,Split,-,Bind,Haven,Split,-,-,https://www.vlr.gg/248280/drx-vs-fnatic-valorant-champions-2023-playoffs-lr2
FNATIC,FNC,2,Bo3,A,win,"[['Bind', 1, 1, 0], ['Haven', 13, 6, 7], ['Split', 13, 7, 6]]",27,14,13,Valorant Champions 2023,Playoffs: Lower Round 2,"['FNC Leo', 'FNC Alfajer', 'FNC Chronicle', 'FNC Derke', 'FNC Boaster']",Pearl,Ascent,Bind,Split,-,Bind,Haven,Split,-,-,https://www.vlr.gg/248280/drx-vs-fnatic-valorant-champions-2023-playoffs-lr2
Paper Rex,PRX,2,Bo3,B,win,"[['Ascent', 10, 7, 3], ['Bind', 13, 5, 8], ['Pearl', 15, 6, 6]]",38,18,17,Valorant Champions 2023,Playoffs: Upper Final,"['PRX mindfreak', 'PRX Jinggg', 'PRX f0rsakeN', 'PRX d4v41', 'PRX something']",Fracture,Haven,Bind,Pearl,-,Ascent,Bind,Pearl,-,-,https://www.vlr.gg/248276/paper-rex-vs-evil-geniuses-valorant-champions-2023-playoffs-uf
Evil Geniuses,EG,1,Bo3,A,loss,"[['Ascent', 13, 8, 5], ['Bind', 9, 2, 7], ['Pearl', 13, 6, 6]]",35,16,18,Valorant Champions 2023,Playoffs: Upper Final,"['EG C0M', 'EG jawgemo', 'EG Demon1', 'EG Ethan', 'EG Boostio']",Split,Lotus,Ascent,Pearl,-,Ascent,Bind,Pearl,-,-,https://www.vlr.gg/248276/paper-rex-vs-evil-geniuses-valorant-champions-2023-playoffs-uf
FNATIC,FNC,1,Bo3,A,loss,"[['Split', 13, 8, 5], ['Ascent', 9, 7, 2], ['Haven', 13, 5, 8]]",35,20,15,Valorant Champions 2023,Playoffs: Lower Round 3,"['FNC Leo', 'FNC Derke', 'FNC Boaster', 'FNC Alfajer', 'FNC Chronicle']",Pearl,Lotus,Split,Haven,-,Split,Ascent,Haven,-,-,https://www.vlr.gg/248282/fnatic-vs-loud-valorant-champions-2023-playoffs-lr3
LOUD,LOUD,2,Bo3,B,win,"[['Split', 4, 0, 4], ['Ascent', 13, 8, 5], ['Haven', 7, 4, 3]]",24,12,12,Valorant Champions 2023,Playoffs: Lower Round 3,"['LOUD cauanzin', 'LOUD aspas', 'LOUD Less', 'LOUD saadhak', 'LOUD tuyz']",Fracture,Bind,Ascent,Haven,-,Split,Ascent,Haven,-,-,https://www.vlr.gg/248282/fnatic-vs-loud-valorant-champions-2023-playoffs-lr3
Evil Geniuses,EG,3,Bo5,A,win,"[['Ascent', 12, 7, 5], ['Lotus', 4, 2, 2], ['Pearl', 13, 9, 4], ['Split', 13, 9, 4], ['Bind', 8, 3, 5]]",50,30,20,Valorant Champions 2023,Playoffs: Lower Final,"['EG Demon1', 'EG Ethan', 'EG jawgemo', 'EG C0M', 'EG Boostio']",Haven,-,Ascent,Pearl,Bind,Ascent,Lotus,Pearl,Split,Bind,https://www.vlr.gg/248283/evil-geniuses-vs-loud-valorant-champions-2023-playoffs-lbf
LOUD,LOUD,2,Bo5,B,loss,"[['Ascent', 14, 7, 5], ['Lotus', 13, 10, 3], ['Pearl', 8, 5, 3], ['Split', 7, 4, 3], ['Bind', 13, 7, 6]]",55,33,20,Valorant Champions 2023,Playoffs: Lower Final,"['LOUD aspas', 'LOUD Less', 'LOUD saadhak', 'LOUD cauanzin', 'LOUD tuyz']",Fracture,-,Lotus,Split,Bind,Ascent,Lotus,Pearl,Split,Bind,https://www.vlr.gg/248283/evil-geniuses-vs-loud-valorant-champions-2023-playoffs-lbf
Paper Rex,PRX,1,Bo5,A,loss,"[['Split', 13, 9, 4], ['Ascent', 11, 6, 5], ['Bind', 13, 4, 9], ['Lotus', 13, 8, 5]]",50,27,23,Valorant Champions 2023,Playoffs: Grand Final,"['PRX d4v41', 'PRX something', 'PRX Jinggg', 'PRX f0rsakeN', 'PRX mindfreak']",Haven,Fracture,Split,Bind,Pearl,Split,Ascent,Bind,Lotus,-,https://www.vlr.gg/248277/paper-rex-vs-evil-geniuses-valorant-champions-2023-playoffs-gf
Evil Geniuses,EG,3,Bo5,B,win,"[['Split', 10, 8, 2], ['Ascent', 13, 7, 6], ['Bind', 5, 3, 2], ['Lotus', 10, 7, 3]]",38,25,13,Valorant Champions 2023,Playoffs: Grand Final,"['EG Demon1', 'EG jawgemo', 'EG Boostio', 'EG C0M', 'EG Ethan']",-,-,Ascent,Lotus,Pearl,Split,Ascent,Bind,Lotus,-,https://www.vlr.gg/248277/paper-rex-vs-evil-geniuses-valorant-champions-2023-playoffs-gf
MIBR,MIBR,0,Bo3,B,loss,"[['Bind', 7, 3, 4], ['Lotus', 8, 5, 3]]",15,8,7,Champions Tour 2023: Americas Last Chance Qualifier,Main Event: Upper Round 1,"['MIBR frz', 'MIBR jzz', 'MIBR murizzz', 'MIBR RgLMeister', 'MIBR TxoziN']",Split,Pearl,Lotus,Ascent,-,Bind,Lotus,-,-,-,https://www.vlr.gg/232729/mibr-vs-kr-esports-champions-tour-2023-americas-last-chance-qualifier-ur1
KRÜ Esports,KRÜ,2,Bo3,A,win,"[['Bind', 13, 4, 9], ['Lotus', 13, 9, 4]]",26,13,13,Champions Tour 2023: Americas Last Chance Qualifier,Main Event: Upper Round 1,"['KRÜ DaveeyS', 'KRÜ keznit', 'KRÜ Klaus', 'KRÜ Melser', 'KRÜ NagZ']",Fracture,Haven,Bind,Ascent,-,Bind,Lotus,-,-,-,https://www.vlr.gg/232729/mibr-vs-kr-esports-champions-tour-2023-americas-last-chance-qualifier-ur1
FURIA,FUR,1,Bo3,B,loss,"[['Split', 14, 7, 5], ['Ascent', 4, 1, 3], ['Bind', 11, 4, 7]]",29,12,15,Champions Tour 2023: Americas Last Chance Qualifier,Main Event: Upper Quarterfinals,"['FUR mwzera', 'FUR dgzin', 'FUR kon4n', 'FUR Khalil', 'FUR mazin']",Lotus,Haven,Ascent,Bind,-,Split,Ascent,Bind,-,-,https://www.vlr.gg/232731/furia-vs-kr-esports-champions-tour-2023-americas-last-chance-qualifier-ubqf
KRÜ Esports,KRÜ,2,Bo3,A,win,"[['Split', 12, 7, 5], ['Ascent', 13, 9, 4], ['Bind', 13, 5, 8]]",38,21,17,Champions Tour 2023: Americas Last Chance Qualifier,Main Event: Upper Quarterfinals,"['KRÜ keznit', 'KRÜ Melser', 'KRÜ DaveeyS', 'KRÜ Klaus', 'KRÜ NagZ']",Fracture,Pearl,Split,Bind,-,Split,Ascent,Bind,-,-,https://www.vlr.gg/232731/furia-vs-kr-esports-champions-tour-2023-americas-last-chance-qualifier-ubqf
Sentinels,SEN,2,Bo3,B,win,"[['Pearl', 12, 3, 9], ['Split', 13, 5, 8], ['Bind', 13, 10, 3]]",38,18,20,Champions Tour 2023: Americas Last Chance Qualifier,Main Event: Upper Quarterfinals,"['SEN zekken', 'SEN TenZ', 'SEN Sacy', 'SEN Marved', 'SEN pANcada']",Haven,Lotus,Split,Bind,-,Pearl,Split,Bind,-,-,https://www.vlr.gg/232730/sentinels-vs-100-thieves-champions-tour-2023-americas-last-chance-qualifier-ubqf
100 Thieves,100T,1,Bo3,A,loss,"[['Pearl', 14, 3, 9], ['Split', 7, 0, 7], ['Bind', 7, 5, 2]]",28,8,18,Champions Tour 2023: Americas Last Chance Qualifier,Main Event: Upper Quarterfinals,"['100T Cryocells', '100T stellar', '100T Asuna', '100T bang', '100T Derrek']",Ascent,Fracture,Pearl,Bind,-,Pearl,Split,Bind,-,-,https://www.vlr.gg/232730/sentinels-vs-100-thieves-champions-tour-2023-americas-last-chance-qualifier-ubqf
Cloud9,C9,2,Bo3,B,win,"[['Pearl', 13, 8, 5], ['Fracture', 5, 3, 2], ['Split', 13, 8, 5]]",31,19,12,Champions Tour 2023: Americas Last Chance Qualifier,Main Event: Upper Semifinals,"['C9 leaf', 'C9 Xeppaa', 'C9 Zellsis', 'C9 runi', 'C9 jakee']",Bind,Ascent,Fracture,Split,-,Pearl,Fracture,Split,-,-,https://www.vlr.gg/232732/cloud9-vs-sentinels-champions-tour-2023-americas-last-chance-qualifier-ubsf
Sentinels,SEN,1,Bo3,A,loss,"[['Pearl', 8, 4, 4], ['Fracture', 13, 4, 9], ['Split', 8, 4, 4]]",29,12,17,Champions Tour 2023: Americas Last Chance Qualifier,Main Event: Upper Semifinals,"['SEN zekken', 'SEN pANcada', 'SEN Sacy', 'SEN TenZ', 'SEN Marved']",Haven,Lotus,Pearl,Split,-,Pearl,Fracture,Split,-,-,https://www.vlr.gg/232732/cloud9-vs-sentinels-champions-tour-2023-americas-last-chance-qualifier-ubsf
LEVIATÁN,LEV,0,Bo3,B,loss,"[['Split', 5, 2, 3], ['Lotus', 7, 5, 2]]",12,7,5,Champions Tour 2023: Americas Last Chance Qualifier,Main Event: Upper Semifinals,"['LEV kiNgg', 'LEV Shyy', 'LEV nzr', 'LEV Mazino', 'LEV Tacolilla']",Ascent,Bind,Lotus,Haven,-,Split,Lotus,-,-,-,https://www.vlr.gg/232733/leviat-n-vs-kr-esports-champions-tour-2023-americas-last-chance-qualifier-ubsf
KRÜ Esports,KRÜ,2,Bo3,A,win,"[['Split', 13, 9, 4], ['Lotus', 13, 6, 7]]",26,15,11,Champions Tour 2023: Americas Last Chance Qualifier,Main Event: Upper Semifinals,"['KRÜ keznit', 'KRÜ DaveeyS', 'KRÜ Klaus', 'KRÜ Melser', 'KRÜ NagZ']",Fracture,Pearl,Split,Haven,-,Split,Lotus,-,-,-,https://www.vlr.gg/232733/leviat-n-vs-kr-esports-champions-tour-2023-americas-last-chance-qualifier-ubsf
Cloud9,C9,1,Bo3,B,loss,"[['Ascent', 13, 5, 8], ['Pearl', 4, 4, 0], ['Haven', 6, 2, 4]]",23,11,12,Champions Tour 2023: Americas Last Chance Qualifier,Main Event: Upper Final,"['C9 leaf', 'C9 runi', 'C9 jakee', 'C9 Zellsis', 'C9 Xeppaa']",Bind,Split,Pearl,Haven,-,Ascent,Pearl,Haven,-,-,https://www.vlr.gg/232734/cloud9-vs-kr-esports-champions-tour-2023-americas-last-chance-qualifier-ubf
KRÜ Esports,KRÜ,2,Bo3,A,win,"[['Ascent', 4, 4, 0], ['Pearl', 13, 12, 1], ['Haven', 13, 8, 5]]",30,24,6,Champions Tour 2023: Americas Last Chance Qualifier,Main Event: Upper Final,"['KRÜ NagZ', 'KRÜ Klaus', 'KRÜ DaveeyS', 'KRÜ Melser', 'KRÜ keznit']",Fracture,Lotus,Ascent,Haven,-,Ascent,Pearl,Haven,-,-,https://www.vlr.gg/232734/cloud9-vs-kr-esports-champions-tour-2023-americas-last-chance-qualifier-ubf
Sentinels,SEN,0,Bo3,B,loss,"[['Fracture', 8, 2, 6], ['Split', 4, 4, 0]]",12,6,6,Champions Tour 2023: Americas Last Chance Qualifier,Main Event: Lower Round 1,"['SEN TenZ', 'SEN pANcada', 'SEN zekken', 'SEN Marved', 'SEN Sacy']",Haven,Bind,Split,Pearl,-,Fracture,Split,-,-,-,https://www.vlr.gg/232736/sentinels-vs-leviat-n-champions-tour-2023-americas-last-chance-qualifier-lr1
LEVIATÁN,LEV,2,Bo3,A,win,"[['Fracture', 13, 6, 7], ['Split', 13, 5, 8]]",26,11,15,Champions Tour 2023: Americas Last Chance Qualifier,Main Event: Lower Round 1,"['LEV Mazino', 'LEV kiNgg', 'LEV Shyy', 'LEV nzr', 'LEV Tacolilla']",Ascent,Lotus,Fracture,Pearl,-,Fracture,Split,-,-,-,https://www.vlr.gg/232736/sentinels-vs-leviat-n-champions-tour-2023-americas-last-chance-qualifier-lr1
Cloud9,C9,2,Bo5,A,loss,"[['Lotus', 7, 3, 4], ['Pearl', 9, 3, 6], ['Split', 13, 7, 6], ['Haven', 13, 10, 3], ['Bind', 13, 7, 6]]",55,30,25,Champions Tour 2023: Americas Last Chance Qualifier,Main Event: Lower Final,"['C9 Zellsis', 'C9 jakee', 'C9 Xeppaa', 'C9 runi', 'C9 leaf']",Fracture,-,Lotus,Split,Bind,Lotus,Pearl,Split,Haven,Bind,https://www.vlr.gg/232737/cloud9-vs-leviat-n-champions-tour-2023-americas-last-chance-qualifier-lbf
LEVIATÁN,LEV,3,Bo5,B,win,"[['Lotus', 13, 8, 5], ['Pearl', 13, 6, 7], ['Split', 11, 6, 5], ['Haven', 10, 9, 1], ['Bind', 7, 2, 5]]",54,31,23,Champions Tour 2023: Americas Last Chance Qualifier,Main Event: Lower Final,"['LEV nzr', 'LEV Shyy', 'LEV kiNgg', 'LEV Mazino', 'LEV Tacolilla']",Ascent,-,Pearl,Haven,Bind,Lotus,Pearl,Split,Haven,Bind,https://www.vlr.gg/232737/cloud9-vs-leviat-n-champions-tour-2023-americas-last-chance-qualifier-lbf
KRÜ Esports,KRÜ,3,Bo5,A,win,"[['Split', 5, 2, 3], ['Pearl', 13, 5, 8], ['Ascent', 6, 1, 5], ['Lotus', 10, 6, 4]]",34,14,20,Champions Tour 2023: Americas Last Chance Qualifier,Main Event: Grand Final,"['KRÜ keznit', 'KRÜ Melser', 'KRÜ Klaus', 'KRÜ DaveeyS', 'KRÜ NagZ']",Fracture,Haven,Split,Ascent,Bind,Split,Pearl,Ascent,Lotus,-,https://www.vlr.gg/232735/kr-esports-vs-leviat-n-champions-tour-2023-americas-last-chance-qualifier-gf
LEVIATÁN,LEV,1,Bo5,B,loss,"[['Split', 13, 9, 4], ['Pearl', 8, 1, 7], ['Ascent', 13, 7, 6], ['Lotus', 13, 7, 6]]",47,24,23,Champions Tour 2023: Americas Last Chance Qualifier,Main Event: Grand Final,"['LEV kiNgg', 'LEV nzr', 'LEV Tacolilla', 'LEV Shyy', 'LEV Mazino']",-,-,Pearl,Lotus,Bind,Split,Pearl,Ascent,Lotus,-,https://www.vlr.gg/232735/kr-esports-vs-leviat-n-champions-tour-2023-americas-last-chance-qualifier-gf
Team Heretics,TH,1,Bo3,B,loss,"[['Fracture', 8, 7, 1], ['Pearl', 13, 4, 9], ['Haven', 6, 4, 2]]",27,15,12,Champions Tour 2023: EMEA Last Chance Qualifier,Playoffs: Knockout Round,"['TH AvovA', 'TH benjyfishy', 'TH keloqz', 'TH Mixwell', 'TH Boo']",Ascent,Split,Pearl,Haven,-,Fracture,Pearl,Haven,-,-,https://www.vlr.gg/235363/team-heretics-vs-koi-champions-tour-2023-emea-last-chance-qualifier-ko
KOI,MKOI,2,Bo3,A,win,"[['Fracture', 13, 8, 5], ['Pearl', 10, 2, 8], ['Haven', 13, 5, 8]]",36,15,21,Champions Tour 2023: EMEA Last Chance Qualifier,Playoffs: Knockout Round,"['MKOI trexx', 'MKOI starxo', 'MKOI Wolfen', 'MKOI sheydos', 'MKOI koldamenta']",Bind,Lotus,Fracture,Haven,-,Fracture,Pearl,Haven,-,-,https://www.vlr.gg/235363/team-heretics-vs-koi-champions-tour-2023-emea-last-chance-qualifier-ko
BBL Esports,BBL,1,Bo3,A,loss,"[['Haven', 12, 4, 8], ['Lotus', 13, 6, 7], ['Bind', 14, 7, 5]]",39,17,20,Champions Tour 2023: EMEA Last Chance Qualifier,Playoffs: Knockout Round,"['BBL Turko', 'BBL QutionerX', 'BBL AsLanM4shadoW', 'BBL Brave', 'BBL SouhcNi']",Pearl,Fracture,Haven,Bind,-,Haven,Lotus,Bind,-,-,https://www.vlr.gg/235364/bbl-esports-vs-karmine-corp-champions-tour-2023-emea-last-chance-qualifier-ko
Karmine Corp,KC,2,Bo3,B,win,"[['Haven', 14, 4, 8], ['Lotus', 9, 5, 4], ['Bind', 12, 7, 5]]",35,16,17,Champions Tour 2023: EMEA Last Chance Qualifier,Playoffs: Knockout Round,"['KC Nivera', 'KC ScreaM', 'KC xms', 'KC sh1n', 'KC ZE1SH']",Ascent,Split,Lotus,Bind,-,Haven,Lotus,Bind,-,-,https://www.vlr.gg/235364/bbl-esports-vs-karmine-corp-champions-tour-2023-emea-last-chance-qualifier-ko
Natus Vincere,NAVI,0,Bo3,B,loss,"[['Split', 6, 0, 6], ['Lotus', 3, 3, 0]]",9,3,6,Champions Tour 2023: EMEA Last Chance Qualifier,Playoffs: Upper Semifinals,"['NAVI Shao', 'NAVI Zyppan', 'NAVI cNed', 'NAVI SUYGETSU', 'NAVI ANGE1']",Haven,Fracture,Lotus,Ascent,-,Split,Lotus,-,-,-,https://www.vlr.gg/235365/natus-vincere-vs-koi-champions-tour-2023-emea-last-chance-qualifier-ubsf
KOI,MKOI,2,Bo3,A,win,"[['Split', 13, 6, 7], ['Lotus', 13, 4, 9]]",26,10,16,Champions Tour 2023: EMEA Last Chance Qualifier,Playoffs: Upper Semifinals,"['MKOI trexx', 'MKOI Wolfen', 'MKOI starxo', 'MKOI sheydos', 'MKOI koldamenta']",Bind,Pearl,Split,Ascent,-,Split,Lotus,-,-,-,https://www.vlr.gg/235365/natus-vincere-vs-koi-champions-tour-2023-emea-last-chance-qualifier-ubsf
Giants Gaming,GIA,2,Bo3,B,win,"[['Pearl', 13, 4, 9], ['Split', 13, 10, 3]]",26,14,12,Champions Tour 2023: EMEA Last Chance Qualifier,Playoffs: Upper Semifinals,"['GIA hoody', 'GIA nukkye', 'GIA Cloud', 'GIA Fit1nho', 'GIA rhyme']",Bind,Fracture,Split,Lotus,-,Pearl,Split,-,-,-,https://www.vlr.gg/235366/giants-gaming-vs-karmine-corp-champions-tour-2023-emea-last-chance-qualifier-ubsf
Karmine Corp,KC,0,Bo3,A,loss,"[['Pearl', 11, 3, 8], ['Split', 5, 3, 2]]",16,6,10,Champions Tour 2023: EMEA Last Chance Qualifier,Playoffs: Upper Semifinals,"['KC Nivera', 'KC ScreaM', 'KC sh1n', 'KC xms', 'KC ZE1SH']",Ascent,Haven,Pearl,Lotus,-,Pearl,Split,-,-,-,https://www.vlr.gg/235366/giants-gaming-vs-karmine-corp-champions-tour-2023-emea-last-chance-qualifier-ubsf
KOI,MKOI,0,Bo3,A,loss,"[['Haven', 14, 5, 7], ['Pearl', 13, 7, 6]]",27,12,13,Champions Tour 2023: EMEA Last Chance Qualifier,Playoffs: Upper Final,"['MKOI sheydos', 'MKOI Wolfen', 'MKOI trexx', 'MKOI starxo', 'MKOI koldamenta']",Bind,Lotus,Haven,Ascent,-,Haven,Pearl,-,-,-,https://www.vlr.gg/235367/koi-vs-giants-gaming-champions-tour-2023-emea-last-chance-qualifier-ubf
Giants Gaming,GIA,2,Bo3,B,win,"[['Haven', 12, 5, 7], ['Pearl', 5, 0, 5]]",17,5,12,Champions Tour 2023: EMEA Last Chance Qualifier,Playoffs: Upper Final,"['GIA Fit1nho', 'GIA hoody', 'GIA nukkye', 'GIA Cloud', 'GIA rhyme']",Fracture,Split,Pearl,Ascent,-,Haven,Pearl,-,-,-,https://www.vlr.gg/235367/koi-vs-giants-gaming-champions-tour-2023-emea-last-chance-qualifier-ubf
Natus Vincere,NAVI,2,Bo3,B,win,"[['Lotus', 13, 6, 7], ['Ascent', 7, 5, 2], ['Pearl', 13, 8, 5]]",33,19,14,Champions Tour 2023: EMEA Last Chance Qualifier,Playoffs: Lower Round 1,"['NAVI Shao', 'NAVI Zyppan', 'NAVI SUYGETSU', 'NAVI cNed', 'NAVI ANGE1']",Haven,Bind,Ascent,Pearl,-,Lotus,Ascent,Pearl,-,-,https://www.vlr.gg/235371/natus-vincere-vs-karmine-corp-champions-tour-2023-emea-last-chance-qualifier-lr1
Karmine Corp,KC,1,Bo3,A,loss,"[['Lotus', 6, 5, 1], ['Ascent', 13, 6, 7], ['Pearl', 7, 3, 4]]",26,14,12,Champions Tour 2023: EMEA Last Chance Qualifier,Playoffs: Lower Round 1,"['KC ScreaM', 'KC ZE1SH', 'KC xms', 'KC sh1n', 'KC Nivera']",Split,Fracture,Lotus,Pearl,-,Lotus,Ascent,Pearl,-,-,https://www.vlr.gg/235371/natus-vincere-vs-karmine-corp-champions-tour-2023-emea-last-chance-qualifier-lr1
KOI,MKOI,0,Bo5,A,loss,"[['Split', 14, 5, 7], ['Pearl', 13, 10, 3], ['Fracture', 13, 8, 5]]",40,23,15,Champions Tour 2023: EMEA Last Chance Qualifier,Playoffs: Lower Final,"['MKOI sheydos', 'MKOI starxo', 'MKOI trexx', 'MKOI Wolfen', 'MKOI koldamenta']",Bind,-,Split,Fracture,Lotus,Split,Pearl,Fracture,-,-,https://www.vlr.gg/235372/koi-vs-natus-vincere-champions-tour-2023-emea-last-chance-qualifier-lbf
Natus Vincere,NAVI,3,Bo5,B,win,"[['Split', 12, 5, 7], ['Pearl', 10, 8, 2], ['Fracture', 9, 7, 2]]",31,20,11,Champions Tour 2023: EMEA Last Chance Qualifier,Playoffs: Lower Final,"['NAVI SUYGETSU', 'NAVI Zyppan', 'NAVI cNed', 'NAVI Shao', 'NAVI ANGE1']",Haven,-,Pearl,Ascent,Lotus,Split,Pearl,Fracture,-,-,https://www.vlr.gg/235372/koi-vs-natus-vincere-champions-tour-2023-emea-last-chance-qualifier-lbf
Giants Gaming,GIA,3,Bo5,A,win,"[['Bind', 11, 5, 6], ['Lotus', 7, 5, 2], ['Haven', 9, 4, 5]]",27,14,13,Champions Tour 2023: EMEA Last Chance Qualifier,Playoffs: Grand Final,"['GIA Fit1nho', 'GIA nukkye', 'GIA hoody', 'GIA rhyme', 'GIA Cloud']",Pearl,Fracture,Bind,Haven,Split,Bind,Lotus,Haven,-,-,https://www.vlr.gg/235368/giants-gaming-vs-natus-vincere-champions-tour-2023-emea-last-chance-qualifier-gf
Natus Vincere,NAVI,0,Bo5,B,loss,"[['Bind', 13, 6, 7], ['Lotus', 13, 6, 7], ['Haven', 13, 7, 6]]",39,19,20,Champions Tour 2023: EMEA Last Chance Qualifier,Playoffs: Grand Final,"['NAVI Shao', 'NAVI cNed', 'NAVI SUYGETSU', 'NAVI Zyppan', 'NAVI ANGE1']",-,-,Lotus,Ascent,Split,Bind,Lotus,Haven,-,-,https://www.vlr.gg/235368/giants-gaming-vs-natus-vincere-champions-tour-2023-emea-last-chance-qualifier-gf
TALON,TLN,2,Bo3,B,win,"[['Fracture', 13, 7, 6], ['Ascent', 13, 7, 6]]",26,14,12,Champions Tour 2023: Pacific Last Chance Qualifier,Main Event: Upper Round 1,"['TLN Patiphan', 'TLN garnetS', 'TLN foxz', 'TLN JitBoyS', 'TLN Crws']",Split,Bind,Ascent,Pearl,-,Fracture,Ascent,-,-,-,https://www.vlr.gg/237266/talon-esports-vs-detonation-focusme-champions-tour-2023-pacific-last-chance-qualifier-ur1
DetonatioN FocusMe,DFM,0,Bo3,A,loss,"[['Fracture', 7, 2, 5], ['Ascent', 8, 3, 5]]",15,5,10,Champions Tour 2023: Pacific Last Chance Qualifier,Main Event: Upper Round 1,"['DFM Anthem', 'DFM Reita', 'DFM takej', 'DFM Suggest', 'DFM Seoldam', 'DFM xnfri']",Haven,Lotus,Fracture,Pearl,-,Fracture,Ascent,-,-,-,https://www.vlr.gg/237266/talon-esports-vs-detonation-focusme-champions-tour-2023-pacific-last-chance-qualifier-ur1
Rex Regum Qeon,RRQ,2,Bo3,B,win,"[['Split', 13, 7, 6], ['Ascent', 13, 6, 7]]",26,13,13,Champions Tour 2023: Pacific Last Chance Qualifier,Main Event: Upper Quarterfinals,"['RRQ EJAY', 'RRQ 2GE', 'RRQ Emman', 'RRQ xffero', 'RRQ fl1pzjder', 'RRQ Lmemore']",Lotus,Pearl,Ascent,Bind,-,Split,Ascent,-,-,-,https://www.vlr.gg/237267/rex-regum-qeon-vs-global-esports-champions-tour-2023-pacific-last-chance-qualifier-ubqf
Global Esports,GE,0,Bo3,A,loss,"[['Split', 10, 5, 5], ['Ascent', 10, 4, 6]]",20,9,11,Champions Tour 2023: Pacific Last Chance Qualifier,Main Event: Upper Quarterfinals,"['GE Monyet', 'GE t3xture', 'GE Bazzi', 'GE AYRIN', 'GE SkRossi']",Haven,Fracture,Split,Bind,-,Split,Ascent,-,-,-,https://www.vlr.gg/237267/rex-regum-qeon-vs-global-esports-champions-tour-2023-pacific-last-chance-qualifier-ubqf
Gen.G,GEN,2,Bo3,B,win,"[['Pearl', 11, 2, 9], ['Split', 13, 6, 7], ['Haven', 15, 8, 4]]",39,16,20,Champions Tour 2023: Pacific Last Chance Qualifier,Main Event: Upper Quarterfinals,"['GEN TS', 'GEN Meteor', 'GEN k1Ng', 'GEN Sylvan', 'GEN GodDead']",Fracture,Lotus,Split,Haven,-,Pearl,Split,Haven,-,-,https://www.vlr.gg/237268/gen-g-vs-talon-esports-champions-tour-2023-pacific-last-chance-qualifier-ubqf
TALON,TLN,1,Bo3,A,loss,"[['Pearl', 13, 3, 10], ['Split', 10, 5, 5], ['Haven', 13, 8, 4]]",36,16,19,Champions Tour 2023: Pacific Last Chance Qualifier,Main Event: Upper Quarterfinals,"['TLN garnetS', 'TLN foxz', 'TLN JitBoyS', 'TLN Patiphan', 'TLN Crws']",Bind,Ascent,Pearl,Haven,-,Pearl,Split,Haven,-,-,https://www.vlr.gg/237268/gen-g-vs-talon-esports-champions-tour-2023-pacific-last-chance-qualifier-ubqf
ZETA DIVISION,ZETA,2,Bo3,B,win,"[['Haven', 2, 2, 0], ['Split', 13, 6, 7], ['Ascent', 21, 4, 8]]",36,12,15,Champions Tour 2023: Pacific Last Chance Qualifier,Main Event: Upper Semifinals,"['ZETA Dep', 'ZETA SugarZ3ro', 'ZETA TENNN', 'ZETA crow', 'ZETA Laz']",Bind,Pearl,Split,Ascent,-,Haven,Split,Ascent,-,-,https://www.vlr.gg/237269/zeta-division-vs-rex-regum-qeon-champions-tour-2023-pacific-last-chance-qualifier-ubsf
Rex Regum Qeon,RRQ,1,Bo3,A,loss,"[['Haven', 13, 3, 10], ['Split', 8, 5, 3], ['Ascent', 19, 4, 8]]",40,12,21,Champions Tour 2023: Pacific Last Chance Qualifier,Main Event: Upper Semifinals,"['RRQ 2GE', 'RRQ xffero', 'RRQ Lmemore', 'RRQ EJAY', 'RRQ fl1pzjder', 'RRQ Emman']",Lotus,Fracture,Haven,Ascent,-,Haven,Split,Ascent,-,-,https://www.vlr.gg/237269/zeta-division-vs-rex-regum-qeon-champions-tour-2023-pacific-last-chance-qualifier-ubsf
Team Secret,TS,2,Bo3,A,win,"[['Haven', 6, 3, 3], ['Ascent', 8, 4, 4]]",14,7,7,Champions Tour 2023: Pacific Last Chance Qualifier,Main Event: Upper Semifinals,"['TS invy', 'TS DubsteP', 'TS Jremy', 'TS BORKUM', 'TS JessieVash']",Split,Pearl,Haven,Lotus,-,Haven,Ascent,-,-,-,https://www.vlr.gg/237270/team-secret-vs-gen-g-champions-tour-2023-pacific-last-chance-qualifier-ubsf
Gen.G,GEN,0,Bo3,B,loss,"[['Haven', 13, 4, 9], ['Ascent', 13, 5, 8]]",26,9,17,Champions Tour 2023: Pacific Last Chance Qualifier,Main Event: Upper Semifinals,"['GEN Meteor', 'GEN TS', 'GEN Sylvan', 'GEN k1Ng', 'GEN GodDead']",Bind,Fracture,Ascent,Lotus,-,Haven,Ascent,-,-,-,https://www.vlr.gg/237270/team-secret-vs-gen-g-champions-tour-2023-pacific-last-chance-qualifier-ubsf
ZETA DIVISION,ZETA,2,Bo3,B,win,"[['Lotus', 13, 9, 4], ['Fracture', 13, 7, 6]]",26,16,10,Champions Tour 2023: Pacific Last Chance Qualifier,Main Event: Upper Final,"['ZETA Laz', 'ZETA crow', 'ZETA SugarZ3ro', 'ZETA TENNN', 'ZETA Dep']",Haven,Bind,Fracture,Ascent,-,Lotus,Fracture,-,-,-,https://www.vlr.gg/237271/zeta-division-vs-team-secret-champions-tour-2023-pacific-last-chance-qualifier-uf
Team Secret,TS,0,Bo3,A,loss,"[['Lotus', 9, 6, 3], ['Fracture', 7, 6, 1]]",16,12,4,Champions Tour 2023: Pacific Last Chance Qualifier,Main Event: Upper Final,"['TS invy', 'TS Jremy', 'TS DubsteP', 'TS BORKUM', 'TS JessieVash']",Split,Pearl,Lotus,Ascent,-,Lotus,Fracture,-,-,-,https://www.vlr.gg/237271/zeta-division-vs-team-secret-champions-tour-2023-pacific-last-chance-qualifier-uf
Rex Regum Qeon,RRQ,1,Bo3,A,loss,"[['Haven', 13, 5, 8], ['Lotus', 2, 0, 2], ['Ascent', 13, 9, 4]]",28,14,14,Champions Tour 2023: Pacific Last Chance Qualifier,Main Event: Lower Round 1,"['RRQ 2GE', 'RRQ fl1pzjder', 'RRQ xffero', 'RRQ EJAY', 'RRQ Lmemore']",Split,Pearl,Haven,Ascent,-,Haven,Lotus,Ascent,-,-,https://www.vlr.gg/237272/rex-regum-qeon-vs-gen-g-champions-tour-2023-pacific-last-chance-qualifier-lr1
Gen.G,GEN,2,Bo3,B,win,"[['Haven', 6, 4, 2], ['Lotus', 13, 10, 3], ['Ascent', 7, 4, 3]]",26,18,8,Champions Tour 2023: Pacific Last Chance Qualifier,Main Event: Lower Round 1,"['GEN Meteor', 'GEN k1Ng', 'GEN GodDead', 'GEN Sylvan', 'GEN TS']",Bind,Fracture,Lotus,Ascent,-,Haven,Lotus,Ascent,-,-,https://www.vlr.gg/237272/rex-regum-qeon-vs-gen-g-champions-tour-2023-pacific-last-chance-qualifier-lr1
Team Secret,TS,3,Bo5,A,win,"[['Haven', 13, 4, 9], ['Pearl', 11, 4, 7], ['Ascent', 2, 0, 2], ['Lotus', 6, 4, 2]]",32,12,20,Champions Tour 2023: Pacific Last Chance Qualifier,Main Event: Lower Final,"['TS invy', 'TS BORKUM', 'TS Jremy', 'TS DubsteP', 'TS JessieVash']",Split,-,Haven,Ascent,Fracture,Haven,Pearl,Ascent,Lotus,-,https://www.vlr.gg/237273/team-secret-vs-gen-g-champions-tour-2023-pacific-last-chance-qualifier-lf
Gen.G,GEN,1,Bo5,B,loss,"[['Haven', 10, 3, 7], ['Pearl', 13, 5, 8], ['Ascent', 13, 10, 3], ['Lotus', 13, 10, 3]]",49,28,21,Champions Tour 2023: Pacific Last Chance Qualifier,Main Event: Lower Final,"['GEN Sylvan', 'GEN TS', 'GEN Meteor', 'GEN k1Ng', 'GEN GodDead']",Bind,-,Pearl,Lotus,Fracture,Haven,Pearl,Ascent,Lotus,-,https://www.vlr.gg/237273/team-secret-vs-gen-g-champions-tour-2023-pacific-last-chance-qualifier-lf
ZETA DIVISION,ZETA,3,Bo5,A,win,"[['Fracture', 12, 5, 7], ['Ascent', 13, 6, 7], ['Split', 7, 5, 2], ['Lotus', 6, 1, 5]]",38,17,21,Champions Tour 2023: Pacific Last Chance Qualifier,Main Event: Grand Final,"['ZETA Laz', 'ZETA Dep', 'ZETA SugarZ3ro', 'ZETA crow', 'ZETA TENNN']",Haven,Pearl,Fracture,Split,Bind,Fracture,Ascent,Split,Lotus,-,https://www.vlr.gg/237274/zeta-division-vs-team-secret-champions-tour-2023-pacific-last-chance-qualifier-gf
Team Secret,TS,1,Bo5,B,loss,"[['Fracture', 14, 5, 7], ['Ascent', 9, 3, 6], ['Split', 13, 10, 3], ['Lotus', 13, 7, 6]]",49,25,22,Champions Tour 2023: Pacific Last Chance Qualifier,Main Event: Grand Final,"['TS BORKUM', 'TS DubsteP', 'TS invy', 'TS Jremy', 'TS JessieVash']",-,-,Ascent,Lotus,Bind,Fracture,Ascent,Split,Lotus,-,https://www.vlr.gg/237274/zeta-division-vs-team-secret-champions-tour-2023-pacific-last-chance-qualifier-gf
Weibo Gaming,WBG,0,Bo3,A,loss,"[['Haven', 15, 4, 8], ['Split', 13, 9, 4]]",28,13,12,Champions Tour 2023: Champions China Qualifier,Preliminary Stage: Round 1,"['WBG Maple', 'WBG Zoomer', 'WBG pl1xx', 'WBG nos', 'WBG R1ckLee']",Pearl,Lotus,Haven,Bind,-,Haven,Split,-,-,-,https://www.vlr.gg/219595/weibo-gaming-vs-totoro-gaming-valorant-champions-2023-china-qualifier-r1
Totoro Gaming,TTG,2,Bo3,B,win,"[['Haven', 13, 4, 8], ['Split', 11, 8, 3]]",24,12,11,Champions Tour 2023: Champions China Qualifier,Preliminary Stage: Round 1,"['TTG FengF', 'TTG Flex1n', 'TTG heybay', 'TTG YOU', 'TTG ICEKING']",Fracture,Ascent,Split,Bind,-,Haven,Split,-,-,-,https://www.vlr.gg/219595/weibo-gaming-vs-totoro-gaming-valorant-champions-2023-china-qualifier-r1
Gank Gaming,GK,1,Bo3,B,loss,"[['Ascent', 6, 0, 6], ['Lotus', 13, 5, 8], ['Bind', 11, 5, 6]]",30,10,20,Champions Tour 2023: Champions China Qualifier,Preliminary Stage: Round 1,"['GK coldfish', 'GK Babyblue', 'GK diseased', 'GK XJian', 'GK d3ffo']",Pearl,Split,Lotus,Bind,-,Ascent,Lotus,Bind,-,-,https://www.vlr.gg/219594/gank-gaming-vs-royal-never-give-up-valorant-champions-2023-china-qualifier-r1
Royal Never Give Up,RNG,2,Bo3,A,win,"[['Ascent', 13, 6, 7], ['Lotus', 10, 4, 6], ['Bind', 13, 6, 7]]",36,16,20,Champions Tour 2023: Champions China Qualifier,Preliminary Stage: Round 1,"['RNG SWERL', 'RNG signed', 'RNG Xiaonuo', 'RNG Sorrys', 'RNG Zcc']",Fracture,Haven,Ascent,Bind,-,Ascent,Lotus,Bind,-,-,https://www.vlr.gg/219594/gank-gaming-vs-royal-never-give-up-valorant-champions-2023-china-qualifier-r1
TYLOO,TYL,2,Bo3,A,win,"[['Lotus', 14, 7, 5], ['Ascent', 13, 9, 4], ['Split', 11, 9, 2]]",38,25,11,Champions Tour 2023: Champions China Qualifier,Preliminary Stage: Round 1,"['TYL LuoK1ng', 'TYL Ninebody', 'TYL maizi', 'TYL Core', 'TYL Abo']",Fracture,Pearl,Lotus,Split,-,Lotus,Ascent,Split,-,-,https://www.vlr.gg/219599/tyloo-vs-monarch-effect-valorant-champions-2023-china-qualifier-r1
Monarch Effect,ME,1,Bo3,B,loss,"[['Lotus', 16, 7, 5], ['Ascent', 8, 5, 3], ['Split', 13, 10, 3]]",37,22,11,Champions Tour 2023: Champions China Qualifier,Preliminary Stage: Round 1,"['ME Link', 'ME balua', 'ME Chaos', 'ME Cyah', 'ME FFs']",Bind,Haven,Ascent,Split,-,Lotus,Ascent,Split,-,-,https://www.vlr.gg/219599/tyloo-vs-monarch-effect-valorant-champions-2023-china-qualifier-r1
Dragon Ranger Gaming,DRG,2,Bo3,B,win,"[['Haven', 13, 7, 6], ['Lotus', 12, 8, 4], ['Ascent', 13, 7, 6]]",38,22,16,Champions Tour 2023: Champions China Qualifier,Preliminary Stage: Round 1,"['DRG TvirusLuke', 'DRG Nicc', 'DRG Ichiro', 'DRG Zeno', 'DRG PAULTATO']",Fracture,Split,Lotus,Ascent,-,Haven,Lotus,Ascent,-,-,https://www.vlr.gg/219600/dragon-ranger-gaming-vs-rare-atom-valorant-champions-2023-china-qualifier-r1
Rare Atom,RA,1,Bo3,A,loss,"[['Haven', 7, 2, 5], ['Lotus', 14, 8, 4], ['Ascent', 11, 6, 5]]",32,16,14,Champions Tour 2023: Champions China Qualifier,Preliminary Stage: Round 1,"['RA MarT1n', 'RA Yueluo', 'RA YiHao', 'RA Spitfires', 'RA Viva']",Pearl,Bind,Haven,Ascent,-,Haven,Lotus,Ascent,-,-,https://www.vlr.gg/219600/dragon-ranger-gaming-vs-rare-atom-valorant-champions-2023-china-qualifier-r1
Totoro Gaming,TTG,2,Bo3,B,win,"[['Lotus', 13, 9, 4], ['Ascent', 21, 3, 9]]",34,12,13,Champions Tour 2023: Champions China Qualifier,Preliminary Stage: Round 2,"['TTG FengF', 'TTG Flex1n', 'TTG ICEKING', 'TTG YOU', 'TTG heybay']",Fracture,Split,Ascent,Pearl,-,Lotus,Ascent,-,-,-,https://www.vlr.gg/221176/totoro-gaming-vs-nter-valorant-champions-2023-china-qualifier-r2
Shenzhen NTER,NTER,0,Bo3,A,loss,"[['Lotus', 4, 1, 3], ['Ascent', 19, 3, 9]]",23,4,12,Champions Tour 2023: Champions China Qualifier,Preliminary Stage: Round 2,"['NTER B3ar', 'NTER Spring', 'NTER Scales', 'NTER Septem7', 'NTER Eren']",Bind,Haven,Lotus,Pearl,-,Lotus,Ascent,-,-,-,https://www.vlr.gg/221176/totoro-gaming-vs-nter-valorant-champions-2023-china-qualifier-r2
Nova Esports,NOVA,0,Bo3,A,loss,"[['Split', 13, 7, 6], ['Bind', 13, 9, 4]]",26,16,10,Champions Tour 2023: Champions China Qualifier,Preliminary Stage: Round 2,"['NOVA wqc', 'NOVA o0o0o', 'NOVA OBONE', 'NOVA PangH', 'NOVA DanGe']",Haven,Pearl,Split,Ascent,-,Split,Bind,-,-,-,https://www.vlr.gg/221178/nova-esports-vs-tyloo-valorant-champions-2023-china-qualifier-r2
TYLOO,TYL,2,Bo3,B,win,"[['Split', 7, 6, 1], ['Bind', 5, 2, 3]]",12,8,4,Champions Tour 2023: Champions China Qualifier,Preliminary Stage: Round 2,"['TYL Ninebody', 'TYL maizi', 'TYL Core', 'TYL Abo', 'TYL LuoK1ng']",Fracture,Lotus,Bind,Ascent,-,Split,Bind,-,-,-,https://www.vlr.gg/221178/nova-esports-vs-tyloo-valorant-champions-2023-china-qualifier-r2
Gank Gaming,GK,2,Bo3,A,win,"[['Lotus', 14, 5, 7], ['Split', 4, 2, 2]]",18,7,9,Champions Tour 2023: Champions China Qualifier,Preliminary Stage: Round 2,"['GK diseased', 'GK coldfish', 'GK Babyblue', 'GK XJian', 'GK d3ffo']",Fracture,Pearl,Lotus,Bind,-,Lotus,Split,-,-,-,https://www.vlr.gg/221180/gank-gaming-vs-invincible-gaming-valorant-champions-2023-china-qualifier-r2
Invincible Gaming,iNv,0,Bo3,B,loss,"[['Lotus', 16, 5, 7], ['Split', 13, 3, 10]]",29,8,17,Champions Tour 2023: Champions China Qualifier,Preliminary Stage: Round 2,"['iNv Miracle', 'iNv kawaii', 'iNv Lyy', 'iNv Muhemai', 'iNv Artill']",Haven,Ascent,Split,Bind,-,Lotus,Split,-,-,-,https://www.vlr.gg/221180/gank-gaming-vs-invincible-gaming-valorant-champions-2023-china-qualifier-r2
Rare Atom,RA,1,Bo3,A,loss,"[['Lotus', 12, 6, 6], ['Ascent', 13, 7, 6], ['Bind', 13, 6, 7]]",38,19,19,Champions Tour 2023: Champions China Qualifier,Preliminary Stage: Round 2,"['RA MarT1n', 'RA YiHao', 'RA Viva', 'RA Spitfires', 'RA Yueluo']",Pearl,Fracture,Lotus,Bind,-,Lotus,Ascent,Bind,-,-,https://www.vlr.gg/221182/rare-atom-vs-monarch-effect-valorant-champions-2023-china-qualifier-r2
Monarch Effect,ME,2,Bo3,B,win,"[['Lotus', 14, 6, 6], ['Ascent', 8, 3, 5], ['Bind', 11, 5, 6]]",33,14,17,Champions Tour 2023: Champions China Qualifier,Preliminary Stage: Round 2,"['ME Chaos', 'ME FFs', 'ME balua', 'ME Link', 'ME Cyah']",Haven,Split,Ascent,Bind,-,Lotus,Ascent,Bind,-,-,https://www.vlr.gg/221182/rare-atom-vs-monarch-effect-valorant-champions-2023-china-qualifier-r2
Weibo Gaming,WBG,2,Bo3,B,win,"[['Fracture', 13, 9, 4], ['Haven', 13, 8, 5]]",26,17,9,Champions Tour 2023: Champions China Qualifier,Preliminary Stage: Round 3,"['WBG pl1xx', 'WBG Maple', 'WBG nos', 'WBG R1ckLee', 'WBG Zoomer']",Pearl,Lotus,Haven,Ascent,-,Fracture,Haven,-,-,-,https://www.vlr.gg/221837/weibo-gaming-vs-nter-valorant-champions-2023-china-qualifier-r3
Shenzhen NTER,NTER,0,Bo3,A,loss,"[['Fracture', 10, 7, 3], ['Haven', 11, 7, 4]]",21,14,7,Champions Tour 2023: Champions China Qualifier,Preliminary Stage: Round 3,"['NTER Spring', 'NTER B3ar', 'NTER Eren', 'NTER Septem7', 'NTER Scales']",Bind,Split,Fracture,Ascent,-,Fracture,Haven,-,-,-,https://www.vlr.gg/221837/weibo-gaming-vs-nter-valorant-champions-2023-china-qualifier-r3
Night Wings Gaming,NWG,2,Bo3,A,win,"[['Split', 11, 7, 4], ['Bind', 12, 7, 5]]",23,14,9,Champions Tour 2023: Champions China Qualifier,Preliminary Stage: Round 3,"['NWG happywei', 'NWG XiaoFei', 'NWG cxyy', 'NWG barricade', 'NWG 9st']",Lotus,Fracture,Split,Haven,-,Split,Bind,-,-,-,https://www.vlr.gg/221839/night-wings-gaming-vs-gank-gaming-valorant-champions-2023-china-qualifier-r3
Gank Gaming,GK,0,Bo3,B,loss,"[['Split', 13, 8, 5], ['Bind', 14, 7, 5]]",27,15,10,Champions Tour 2023: Champions China Qualifier,Preliminary Stage: Round 3,"['GK diseased', 'GK coldfish', 'GK Babyblue', 'GK XJian', 'GK d3ffo']",Pearl,Ascent,Bind,Haven,-,Split,Bind,-,-,-,https://www.vlr.gg/221839/night-wings-gaming-vs-gank-gaming-valorant-champions-2023-china-qualifier-r3
Totoro Gaming,TTG,2,Bo3,B,win,"[['Ascent', 13, 3, 10], ['Pearl', 13, 5, 8]]",26,8,18,Champions Tour 2023: Champions China Qualifier,Preliminary Stage: Round 3,"['TTG YOU', 'TTG FengF', 'TTG ICEKING', 'TTG Flex1n', 'TTG heybay']",Haven,Split,Pearl,Bind,-,Ascent,Pearl,-,-,-,https://www.vlr.gg/221841/totoro-gaming-vs-douyu-gaming-valorant-champions-2023-china-qualifier-r3
Douyu Gaming,DYG,0,Bo3,A,loss,"[['Ascent', 4, 2, 2], ['Pearl', 10, 3, 7]]",14,5,9,Champions Tour 2023: Champions China Qualifier,Preliminary Stage: Round 3,"['DYG LilCrazy', 'DYG RedLight', 'DYG gagaaaa', 'DYG yyy', 'DYG Guran']",Fracture,Lotus,Ascent,Bind,-,Ascent,Pearl,-,-,-,https://www.vlr.gg/221841/totoro-gaming-vs-douyu-gaming-valorant-champions-2023-china-qualifier-r3
Dragon Ranger Gaming,DRG,0,Bo3,B,loss,"[['Bind', 7, 4, 3], ['Ascent', 9, 6, 3]]",16,10,6,Champions Tour 2023: Champions China Qualifier,Preliminary Stage: Round 3,"['DRG Ichiro', 'DRG Zeno', 'DRG PAULTATO', 'DRG Nicc', 'DRG TvirusLuke']",Lotus,Split,Ascent,Pearl,-,Bind,Ascent,-,-,-,https://www.vlr.gg/221843/dragon-ranger-gaming-vs-tyloo-valorant-champions-2023-china-qualifier-r3
TYLOO,TYL,2,Bo3,A,win,"[['Bind', 13, 5, 8], ['Ascent', 13, 7, 6]]",26,12,14,Champions Tour 2023: Champions China Qualifier,Preliminary Stage: Round 3,"['TYL Ninebody', 'TYL LuoK1ng', 'TYL Core', 'TYL Abo', 'TYL maizi']",Fracture,Haven,Bind,Pearl,-,Bind,Ascent,-,-,-,https://www.vlr.gg/221843/dragon-ranger-gaming-vs-tyloo-valorant-champions-2023-china-qualifier-r3
Weibo Gaming,WBG,2,Bo3,A,win,"[['Haven', 5, 2, 3], ['Lotus', 9, 7, 2]]",14,9,5,Champions Tour 2023: Champions China Qualifier,Preliminary Stage: Round 4,"['WBG Maple', 'WBG pl1xx', 'WBG Zoomer', 'WBG nos', 'WBG R1ckLee']",Pearl,Split,Haven,Bind,-,Haven,Lotus,-,-,-,https://www.vlr.gg/222364/weibo-gaming-vs-night-wings-gaming-valorant-champions-2023-china-qualifier-r4
Night Wings Gaming,NWG,0,Bo3,B,loss,"[['Haven', 13, 3, 10], ['Lotus', 13, 10, 3]]",26,13,13,Champions Tour 2023: Champions China Qualifier,Preliminary Stage: Round 4,"['NWG XiaoFei', 'NWG happywei', 'NWG 9st', 'NWG barricade', 'NWG cxyy']",Fracture,Ascent,Lotus,Bind,-,Haven,Lotus,-,-,-,https://www.vlr.gg/222364/weibo-gaming-vs-night-wings-gaming-valorant-champions-2023-china-qualifier-r4
Douyu Gaming,DYG,0,Bo3,B,loss,"[['Bind', 12, 10, 2], ['Split', 11, 3, 8]]",23,13,10,Champions Tour 2023: Champions China Qualifier,Preliminary Stage: Round 4,"['DYG Guran', 'DYG gagaaaa', 'DYG yyy', 'DYG RedLight', 'DYG LilCrazy']",Fracture,Ascent,Split,Pearl,-,Bind,Split,-,-,-,https://www.vlr.gg/222365/douyu-gaming-vs-royal-never-give-up-valorant-champions-2023-china-qualifier-r4
Royal Never Give Up,RNG,2,Bo3,A,win,"[['Bind', 14, 10, 2], ['Split', 13, 4, 9]]",27,14,11,Champions Tour 2023: Champions China Qualifier,Preliminary Stage: Round 4,"['RNG signed', 'RNG SWERL', 'RNG Sorrys', 'RNG Xiaonuo', 'RNG Zcc']",Haven,Lotus,Bind,Pearl,-,Bind,Split,-,-,-,https://www.vlr.gg/222365/douyu-gaming-vs-royal-never-give-up-valorant-champions-2023-china-qualifier-r4
Dragon Ranger Gaming,DRG,1,Bo3,B,loss,"[['Ascent', 8, 4, 4], ['Pearl', 13, 7, 6], ['Split', 9, 5, 4]]",30,16,14,Champions Tour 2023: Champions China Qualifier,Preliminary Stage: Round 4,"['DRG Nicc', 'DRG Zeno', 'DRG TvirusLuke', 'DRG PAULTATO', 'DRG Ichiro']",Fracture,Bind,Pearl,Split,-,Ascent,Pearl,Split,-,-,https://www.vlr.gg/222366/dragon-ranger-gaming-vs-monarch-effect-valorant-champions-2023-china-qualifier-r4
Monarch Effect,ME,2,Bo3,A,win,"[['Ascent', 13, 8, 5], ['Pearl', 7, 2, 5], ['Split', 13, 6, 7]]",33,16,17,Champions Tour 2023: Champions China Qualifier,Preliminary Stage: Round 4,"['ME balua', 'ME Link', 'ME Chaos', 'ME Cyah', 'ME FFs']",Lotus,Haven,Ascent,Split,-,Ascent,Pearl,Split,-,-,https://www.vlr.gg/222366/dragon-ranger-gaming-vs-monarch-effect-valorant-champions-2023-china-qualifier-r4
Night Wings Gaming,NWG,1,Bo3,A,loss,"[['Split', 13, 6, 7], ['Haven', 9, 5, 4], ['Ascent', 15, 6, 6]]",37,17,17,Champions Tour 2023: Champions China Qualifier,Preliminary Stage: Round 5,"['NWG happywei', 'NWG XiaoFei', 'NWG cxyy', 'NWG barricade', 'NWG 9st']",Fracture,Lotus,Split,Ascent,-,Split,Haven,Ascent,-,-,https://www.vlr.gg/222530/night-wings-gaming-vs-nter-valorant-champions-2023-china-qualifier-r5
Shenzhen NTER,NTER,2,Bo3,B,win,"[['Split', 8, 5, 3], ['Haven', 13, 8, 5], ['Ascent', 13, 6, 6]]",34,19,14,Champions Tour 2023: Champions China Qualifier,Preliminary Stage: Round 5,"['NTER Spring', 'NTER Eren', 'NTER B3ar', 'NTER AC', 'NTER Septem7']",Bind,Pearl,Haven,Ascent,-,Split,Haven,Ascent,-,-,https://www.vlr.gg/222530/night-wings-gaming-vs-nter-valorant-champions-2023-china-qualifier-r5
Gank Gaming,GK,1,Bo3,B,loss,"[['Bind', 13, 5, 8], ['Haven', 1, 0, 1], ['Ascent', 16, 8, 4]]",30,13,13,Champions Tour 2023: Champions China Qualifier,Preliminary Stage: Round 5,"['GK diseased', 'GK coldfish', 'GK Babyblue', 'GK d3ffo', 'GK XJian']",Pearl,Lotus,Ascent,Haven,-,-,Bind,Haven,Ascent,-,-,https://www.vlr.gg/222531/gank-gaming-vs-four-angry-men-valorant-champions-2023-china-qualifier-r5
Four Angry Men,4AM,2,Bo3,A,win,"[['Bind', 11, 4, 7], ['Haven', 13, 11, 2], ['Ascent', 18, 8, 4]]",42,23,13,Champions Tour 2023: Champions China Qualifier,Preliminary Stage: Round 5,"['4AM Strawberrycc', '4AM sphiry', '4AM Lumo', '4AM Ace', '4AM XuAN']",Fracture,Split,Ascent,Ascent,Bind,-,-,Bind,Haven,Ascent,-,-,https://www.vlr.gg/222531/gank-gaming-vs-four-angry-men-valorant-champions-2023-china-qualifier-r5
Dragon Ranger Gaming,DRG,2,Bo3,B,win,"[['Haven', 13, 7, 6], ['Lotus', 13, 9, 4]]",26,16,10,Champions Tour 2023: Champions China Qualifier,Preliminary Stage: Round 5,"['DRG Nicc', 'DRG Ichiro', 'DRG Zeno', 'DRG TvirusLuke', 'DRG PAULTATO']",Fracture,Split,Lotus,Ascent,-,Haven,Lotus,-,-,-,https://www.vlr.gg/222532/dragon-ranger-gaming-vs-douyu-gaming-valorant-champions-2023-china-qualifier-r5
Douyu Gaming,DYG,0,Bo3,A,loss,"[['Haven', 11, 6, 5], ['Lotus', 5, 2, 3]]",16,8,8,Champions Tour 2023: Champions China Qualifier,Preliminary Stage: Round 5,"['DYG Guran', 'DYG yyy', 'DYG gagaaaa', 'DYG LilCrazy', 'DYG RedLight']",Pearl,Bind,Haven,Ascent,-,Haven,Lotus,-,-,-,https://www.vlr.gg/222532/dragon-ranger-gaming-vs-douyu-gaming-valorant-champions-2023-china-qualifier-r5
Trace Esports,TE,2,Bo3,B,win,"[['Haven', 13, 10, 3], ['Lotus', 18, 6, 6]]",31,16,9,Champions Tour 2023: Champions China Qualifier,Playoffs: Knockout Round,"['TE FengF', 'TE YOU', 'TE Flex1n', 'TE ICEKING', 'TE heybay']",Bind,Split,Lotus,Ascent,-,Haven,Lotus,-,-,-,https://www.vlr.gg/235566/trace-esports-vs-four-angry-men-champions-tour-2023-champions-china-qualifier-ko
Four Angry Men,4AM,0,Bo3,A,loss,"[['Haven', 9, 7, 2], ['Lotus', 16, 6, 6]]",25,13,8,Champions Tour 2023: Champions China Qualifier,Playoffs: Knockout Round,"['4AM Lumo', '4AM XuAN', '4AM Strawberrycc', '4AM Ace', '4AM sphiry']",Fracture,Pearl,Haven,Ascent,-,Haven,Lotus,-,-,-,https://www.vlr.gg/235566/trace-esports-vs-four-angry-men-champions-tour-2023-champions-china-qualifier-ko
Monarch Effect,ME,2,Bo3,B,win,"[['Bind', 13, 5, 8], ['Haven', 6, 4, 2], ['Split', 13, 3, 10]]",32,12,20,Champions Tour 2023: Champions China Qualifier,Playoffs: Knockout Round,"['ME balua', 'ME Chaos', 'ME FFs', 'ME Link', 'ME Cyah']",Pearl,Lotus,Haven,Split,-,Bind,Haven,Split,-,-,https://www.vlr.gg/235567/monarch-effect-vs-royal-never-give-up-champions-tour-2023-champions-china-qualifier-ko
Royal Never Give Up,RNG,1,Bo3,A,loss,"[['Bind', 11, 4, 7], ['Haven', 13, 10, 3], ['Split', 2, 2, 0]]",26,16,10,Champions Tour 2023: Champions China Qualifier,Playoffs: Knockout Round,"['RNG SWERL', 'RNG Sorrys', 'RNG Zcc', 'RNG Xiaonuo', 'RNG signed']",Ascent,Fracture,Bind,Split,-,Bind,Haven,Split,-,-,https://www.vlr.gg/235567/monarch-effect-vs-royal-never-give-up-champions-tour-2023-champions-china-qualifier-ko
TYLOO,TYL,2,Bo3,A,win,"[['Pearl', 4, 3, 1], ['Lotus', 9, 1, 8]]",13,4,9,Champions Tour 2023: Champions China Qualifier,Playoffs: Knockout Round,"['TYL Abo', 'TYL Ninebody', 'TYL LuoK1ng', 'TYL suyjing', 'TYL Core']",Fracture,Haven,Ascent,Pearl,Split,-,Pearl,Lotus,-,-,-,https://www.vlr.gg/235568/tyloo-vs-nter-champions-tour-2023-champions-china-qualifier-ko
Shenzhen NTER,NTER,0,Bo3,B,loss,"[['Pearl', 13, 4, 9], ['Lotus', 13, 4, 9]]",26,8,18,Champions Tour 2023: Champions China Qualifier,Playoffs: Knockout Round,"['NTER Spring', 'NTER AC', 'NTER B3ar', 'NTER Septem7', 'NTER Eren']",Bind,-,Lotus,Split,-,Pearl,Lotus,-,-,-,https://www.vlr.gg/235568/tyloo-vs-nter-champions-tour-2023-champions-china-qualifier-ko
Weibo Gaming,WBG,2,Bo3,A,win,"[['Haven', 13, 6, 7], ['Bind', 9, 6, 3], ['Split', 5, 4, 1]]",27,16,11,Champions Tour 2023: Champions China Qualifier,Playoffs: Knockout Round,"['WBG Zoomer', 'WBG Maple', 'WBG pl1xx', 'WBG R1ckLee', 'WBG nos']",Pearl,Lotus,Haven,Split,-,Haven,Bind,Split,-,-,https://www.vlr.gg/235569/weibo-gaming-vs-dragon-ranger-gaming-champions-tour-2023-champions-china-qualifier-ko
Dragon Ranger Gaming,DRG,1,Bo3,B,loss,"[['Haven', 10, 4, 6], ['Bind', 13, 7, 6], ['Split', 13, 5, 8]]",36,16,20,Champions Tour 2023: Champions China Qualifier,Playoffs: Knockout Round,"['DRG TvirusLuke', 'DRG PAULTATO', 'DRG Nicc', 'DRG Zeno', 'DRG Ichiro']",Fracture,Ascent,Bind,Split,-,Haven,Bind,Split,-,-,https://www.vlr.gg/235569/weibo-gaming-vs-dragon-ranger-gaming-champions-tour-2023-champions-china-qualifier-ko
Attacking Soul Esports,ASE,1,Bo3,A,loss,"[['Lotus', 10, 6, 4], ['Split', 13, 8, 5], ['Bind', 13, 10, 3]]",36,24,12,Champions Tour 2023: Champions China Qualifier,Playoffs: Upper Quarterfinals,"['ASE zjc', 'ASE Life', 'ASE monk', 'ASE bunt', 'ASE Zero1']",Pearl,Ascent,Lotus,Bind,-,Lotus,Split,Bind,-,-,https://www.vlr.gg/235552/attacking-soul-esports-vs-trace-esports-champions-tour-2023-champions-china-qualifier-ubqf
Trace Esports,TE,2,Bo3,B,win,"[['Lotus', 13, 7, 6], ['Split', 5, 1, 4], ['Bind', 11, 9, 2]]",29,17,12,Champions Tour 2023: Champions China Qualifier,Playoffs: Upper Quarterfinals,"['TE FengF', 'TE Flex1n', 'TE ICEKING', 'TE heybay', 'TE YOU']",Fracture,Haven,Split,Bind,-,Lotus,Split,Bind,-,-,https://www.vlr.gg/235552/attacking-soul-esports-vs-trace-esports-champions-tour-2023-champions-china-qualifier-ubqf
Bilibili Gaming,BLG,2,Bo3,A,win,"[['Lotus', 10, 9, 1], ['Haven', 7, 3, 4]]",17,12,5,Champions Tour 2023: Champions China Qualifier,Playoffs: Upper Quarterfinals,"['BLG whzy', 'BLG Biank', 'BLG Knight', 'BLG yosemite', 'BLG DK']",Ascent,Fracture,Lotus,Split,-,Lotus,Haven,-,-,-,https://www.vlr.gg/235553/bilibili-gaming-vs-monarch-effect-champions-tour-2023-champions-china-qualifier-ubqf
Monarch Effect,ME,0,Bo3,B,loss,"[['Lotus', 13, 10, 3], ['Haven', 13, 4, 9]]",26,14,12,Champions Tour 2023: Champions China Qualifier,Playoffs: Upper Quarterfinals,"['ME balua', 'ME FFs', 'ME Chaos', 'ME Cyah', 'ME Pink']",Pearl,Bind,Haven,Split,-,Lotus,Haven,-,-,-,https://www.vlr.gg/235553/bilibili-gaming-vs-monarch-effect-champions-tour-2023-champions-china-qualifier-ubqf
FunPlus Phoenix,FPX,0,Bo3,A,loss,"[['Fracture', 13, 7, 6], ['Bind', 13, 8, 5]]",26,15,11,Champions Tour 2023: Champions China Qualifier,Playoffs: Upper Quarterfinals,"['FPX nizhaoTZH', 'FPX Lysoar', 'FPX BerLIN', 'FPX Yuicaw', 'FPX AAAAY']",Haven,Split,Fracture,Ascent,-,Fracture,Bind,-,-,-,https://www.vlr.gg/235554/funplus-phoenix-vs-tyloo-champions-tour-2023-champions-china-qualifier-ubqf
TYLOO,TYL,2,Bo3,B,win,"[['Fracture', 9, 4, 5], ['Bind', 10, 6, 4]]",19,10,9,Champions Tour 2023: Champions China Qualifier,Playoffs: Upper Quarterfinals,"['TYL Ninebody', 'TYL suyjing', 'TYL Abo', 'TYL LuoK1ng', 'TYL Core']",Lotus,Pearl,Bind,Ascent,-,Fracture,Bind,-,-,-,https://www.vlr.gg/235554/funplus-phoenix-vs-tyloo-champions-tour-2023-champions-china-qualifier-ubqf
EDward Gaming,EDG,2,Bo3,B,win,"[['Fracture', 13, 8, 5], ['Bind', 13, 9, 4]]",26,17,9,Champions Tour 2023: Champions China Qualifier,Playoffs: Upper Quarterfinals,"['EDG ZmjjKK', 'EDG nobody', 'EDG Haodong', 'EDG CHICHOO', 'EDG Smoggy']",Ascent,Lotus,Bind,Haven,-,Fracture,Bind,-,-,-,https://www.vlr.gg/235555/edward-gaming-vs-weibo-gaming-champions-tour-2023-champions-china-qualifier-ubqf
Weibo Gaming,WBG,0,Bo3,A,loss,"[['Fracture', 6, 2, 4], ['Bind', 7, 4, 3]]",13,6,7,Champions Tour 2023: Champions China Qualifier,Playoffs: Upper Quarterfinals,"['WBG Maple', 'WBG pl1xx', 'WBG nos', 'WBG Zoomer', 'WBG R1ckLee']",Pearl,Split,Fracture,Haven,-,Fracture,Bind,-,-,-,https://www.vlr.gg/235555/edward-gaming-vs-weibo-gaming-champions-tour-2023-champions-china-qualifier-ubqf
Attacking Soul Esports,ASE,2,Bo3,A,win,"[['Fracture', 5, 1, 4], ['Split', 5, 3, 2]]",10,4,6,Champions Tour 2023: Champions China Qualifier,Playoffs: Lower Round 1,"['ASE zjc', 'ASE Life', 'ASE bunt', 'ASE monk', 'ASE Zero1']",Ascent,Pearl,Fracture,Bind,-,Fracture,Split,-,-,-,https://www.vlr.gg/235560/attacking-soul-esports-vs-monarch-effect-champions-tour-2023-champions-china-qualifier-lr1
Monarch Effect,ME,0,Bo3,B,loss,"[['Fracture', 13, 8, 5], ['Split', 13, 4, 9]]",26,12,14,Champions Tour 2023: Champions China Qualifier,Playoffs: Lower Round 1,"['ME Chaos', 'ME balua', 'ME FFs', 'ME Link', 'ME Cyah']",Haven,Lotus,Split,Bind,-,Fracture,Split,-,-,-,https://www.vlr.gg/235560/attacking-soul-esports-vs-monarch-effect-champions-tour-2023-champions-china-qualifier-lr1
FunPlus Phoenix,FPX,2,Bo3,A,win,"[['Lotus', 5, 3, 2], ['Ascent', 9, 7, 2]]",14,10,4,Champions Tour 2023: Champions China Qualifier,Playoffs: Lower Round 1,"['FPX Lysoar', 'FPX AAAAY', 'FPX Yuicaw', 'FPX BerLIN', 'FPX nizhaoTZH']",Haven,Split,Lotus,Fracture,-,Lotus,Ascent,-,-,-,https://www.vlr.gg/235561/funplus-phoenix-vs-weibo-gaming-champions-tour-2023-champions-china-qualifier-lr1
Weibo Gaming,WBG,0,Bo3,B,loss,"[['Lotus', 13, 4, 9], ['Ascent', 13, 8, 5]]",26,12,14,Champions Tour 2023: Champions China Qualifier,Playoffs: Lower Round 1,"['WBG Maple', 'WBG nos', 'WBG R1ckLee', 'WBG pl1xx', 'WBG Zoomer']",Pearl,Bind,Ascent,Fracture,-,Lotus,Ascent,-,-,-,https://www.vlr.gg/235561/funplus-phoenix-vs-weibo-gaming-champions-tour-2023-champions-china-qualifier-lr1
Trace Esports,TE,0,Bo5,B,loss,"[['Haven', 10, 6, 4], ['Lotus', 5, 1, 4], ['Split', 2, 0, 2]]",17,7,10,Champions Tour 2023: Champions China Qualifier,Playoffs: Upper Semifinals,"['TE FengF', 'TE ICEKING', 'TE heybay', 'TE YOU', 'TE Flex1n']",Pearl,-,Lotus,Bind,Ascent,Haven,Lotus,Split,-,-,https://www.vlr.gg/235556/trace-esports-vs-bilibili-gaming-champions-tour-2023-champions-china-qualifier-ubsf
Bilibili Gaming,BLG,3,Bo5,A,win,"[['Haven', 13, 7, 6], ['Lotus', 13, 2, 11], ['Split', 13, 10, 3]]",39,19,20,Champions Tour 2023: Champions China Qualifier,Playoffs: Upper Semifinals,"['BLG whzy', 'BLG yosemite', 'BLG Knight', 'BLG Biank', 'BLG DK']",Fracture,-,Haven,Split,Ascent,Haven,Lotus,Split,-,-,https://www.vlr.gg/235556/trace-esports-vs-bilibili-gaming-champions-tour-2023-champions-china-qualifier-ubsf
TYLOO,TYL,0,Bo5,A,loss,"[['Split', 13, 5, 8], ['Haven', 13, 3, 10], ['Bind', 13, 10, 3]]",39,18,21,Champions Tour 2023: Champions China Qualifier,Playoffs: Upper Semifinals,"['TYL Abo', 'TYL Core', 'TYL Ninebody', 'TYL suyjing', 'TYL LuoK1ng']",Fracture,-,Split,Bind,Pearl,Split,Haven,Bind,-,-,https://www.vlr.gg/235557/tyloo-vs-edward-gaming-champions-tour-2023-champions-china-qualifier-ubsf
EDward Gaming,EDG,3,Bo5,B,win,"[['Split', 6, 4, 2], ['Haven', 2, 2, 0], ['Bind', 2, 0, 2]]",10,6,4,Champions Tour 2023: Champions China Qualifier,Playoffs: Upper Semifinals,"['EDG ZmjjKK', 'EDG Smoggy', 'EDG nobody', 'EDG Haodong', 'EDG CHICHOO']",Ascent,-,Haven,Lotus,Pearl,Split,Haven,Bind,-,-,https://www.vlr.gg/235557/tyloo-vs-edward-gaming-champions-tour-2023-champions-china-qualifier-ubsf
Trace Esports,TE,1,Bo3,B,loss,"[['Lotus', 9, 5, 4], ['Split', 13, 8, 5], ['Ascent', 8, 3, 5]]",30,16,14,Champions Tour 2023: Champions China Qualifier,Playoffs: Lower Round 2,"['TE Flex1n', 'TE YOU', 'TE FengF', 'TE heybay', 'TE ICEKING']",Fracture,Pearl,Split,Ascent,-,Lotus,Split,Ascent,-,-,https://www.vlr.gg/235562/trace-esports-vs-funplus-phoenix-champions-tour-2023-champions-china-qualifier-lr2
FunPlus Phoenix,FPX,2,Bo3,A,win,"[['Lotus', 13, 6, 7], ['Split', 6, 2, 4], ['Ascent', 13, 7, 6]]",32,15,17,Champions Tour 2023: Champions China Qualifier,Playoffs: Lower Round 2,"['FPX AAAAY', 'FPX BerLIN', 'FPX Lysoar', 'FPX Yuicaw', 'FPX nizhaoTZH']",Haven,Bind,Lotus,Ascent,-,Lotus,Split,Ascent,-,-,https://www.vlr.gg/235562/trace-esports-vs-funplus-phoenix-champions-tour-2023-champions-china-qualifier-lr2
TYLOO,TYL,2,Bo3,A,win,"[['Split', 13, 3, 10], ['Fracture', 10, 5, 5], ['Ascent', 12, 5, 7]]",35,13,22,Champions Tour 2023: Champions China Qualifier,Playoffs: Lower Round 2,"['TYL Ninebody', 'TYL Core', 'TYL Abo', 'TYL LuoK1ng', 'TYL suyjing']",Haven,Lotus,Split,Ascent,-,Split,Fracture,Ascent,-,-,https://www.vlr.gg/235563/tyloo-vs-attacking-soul-esports-champions-tour-2023-champions-china-qualifier-lr2
Attacking Soul Esports,ASE,1,Bo3,B,loss,"[['Split', 3, 2, 1], ['Fracture', 13, 7, 6], ['Ascent', 14, 5, 7]]",30,14,14,Champions Tour 2023: Champions China Qualifier,Playoffs: Lower Round 2,"['ASE zjc', 'ASE Zero1', 'ASE Life', 'ASE bunt', 'ASE monk']",Pearl,Bind,Fracture,Ascent,-,Split,Fracture,Ascent,-,-,https://www.vlr.gg/235563/tyloo-vs-attacking-soul-esports-champions-tour-2023-champions-china-qualifier-lr2
Bilibili Gaming,BLG,0,Bo5,A,loss,"[['Pearl', 13, 9, 4], ['Bind', 13, 6, 7], ['Split', 13, 5, 8]]",39,20,19,Champions Tour 2023: Champions China Qualifier,Playoffs: Upper Final,"['BLG DK', 'BLG whzy', 'BLG Biank', 'BLG yosemite', 'BLG Knight']",Fracture,-,Pearl,Split,Lotus,Pearl,Bind,Split,-,-,https://www.vlr.gg/235558/bilibili-gaming-vs-edward-gaming-champions-tour-2023-champions-china-qualifier-uf
EDward Gaming,EDG,3,Bo5,B,win,"[['Pearl', 3, 0, 3], ['Bind', 10, 4, 6], ['Split', 4, 4, 0]]",17,8,9,Champions Tour 2023: Champions China Qualifier,Playoffs: Upper Final,"['EDG ZmjjKK', 'EDG CHICHOO', 'EDG Smoggy', 'EDG nobody', 'EDG Haodong']",Ascent,-,Bind,Haven,Lotus,Pearl,Bind,Split,-,-,https://www.vlr.gg/235558/bilibili-gaming-vs-edward-gaming-champions-tour-2023-champions-china-qualifier-uf
TYLOO,TYL,1,Bo5,B,loss,"[['Pearl', 8, 4, 4], ['Bind', 13, 5, 8], ['Ascent', 11, 7, 4], ['Fracture', 10, 4, 6]]",42,20,22,Champions Tour 2023: Champions China Qualifier,Playoffs: Lower Round 3,"['TYL Ninebody', 'TYL LuoK1ng', 'TYL Core', 'TYL Abo', 'TYL suyjing']",Lotus,-,Bind,Fracture,Split,Pearl,Bind,Ascent,Fracture,-,https://www.vlr.gg/235564/tyloo-vs-funplus-phoenix-champions-tour-2023-champions-china-qualifier-lr3
FunPlus Phoenix,FPX,3,Bo5,A,win,"[['Pearl', 13, 8, 5], ['Bind', 7, 4, 3], ['Ascent', 13, 8, 5], ['Fracture', 13, 6, 7]]",46,26,20,Champions Tour 2023: Champions China Qualifier,Playoffs: Lower Round 3,"['FPX Yuicaw', 'FPX BerLIN', 'FPX Lysoar', 'FPX AAAAY', 'FPX nizhaoTZH']",Haven,-,Pearl,Ascent,Split,Pearl,Bind,Ascent,Fracture,-,https://www.vlr.gg/235564/tyloo-vs-funplus-phoenix-champions-tour-2023-champions-china-qualifier-lr3
Bilibili Gaming,BLG,3,Bo5,B,win,"[['Lotus', 11, 7, 4], ['Bind', 13, 5, 8], ['Pearl', 9, 5, 4], ['Split', 13, 4, 9], ['Ascent', 13, 3, 10]]",59,24,35,Champions Tour 2023: Champions China Qualifier,Playoffs: Lower Final,"['BLG whzy', 'BLG yosemite', 'BLG Biank', 'BLG Knight', 'BLG DK']",Fracture,-,Bind,Split,Ascent,Lotus,Bind,Pearl,Split,Ascent,https://www.vlr.gg/235565/bilibili-gaming-vs-funplus-phoenix-champions-tour-2023-champions-china-qualifier-lf
FunPlus Phoenix,FPX,2,Bo5,A,loss,"[['Lotus', 13, 8, 5], ['Bind', 9, 4, 5], ['Pearl', 13, 8, 5], ['Split', 6, 3, 3], ['Ascent', 5, 2, 3]]",46,25,21,Champions Tour 2023: Champions China Qualifier,Playoffs: Lower Final,"['FPX Lysoar', 'FPX AAAAY', 'FPX Yuicaw', 'FPX BerLIN', 'FPX nizhaoTZH']",Haven,-,Lotus,Pearl,Ascent,Lotus,Bind,Pearl,Split,Ascent,https://www.vlr.gg/235565/bilibili-gaming-vs-funplus-phoenix-champions-tour-2023-champions-china-qualifier-lf
EDward Gaming,EDG,3,Bo5,A,win,"[['Split', 6, 3, 3], ['Fracture', 4, 4, 0], ['Bind', 14, 8, 4], ['Haven', 12, 4, 8]]",36,19,15,Champions Tour 2023: Champions China Qualifier,Playoffs: Grand Final,"['EDG ZmjjKK', 'EDG CHICHOO', 'EDG Smoggy', 'EDG nobody', 'EDG Haodong']",Ascent,Lotus,Fracture,Haven,Pearl,Split,Fracture,Bind,Haven,-,https://www.vlr.gg/235559/edward-gaming-vs-bilibili-gaming-champions-tour-2023-champions-china-qualifier-gf
Bilibili Gaming,BLG,1,Bo5,B,loss,"[['Split', 13, 4, 9], ['Fracture', 13, 5, 8], ['Bind', 12, 8, 4], ['Haven', 14, 4, 8]]",52,21,29,Champions Tour 2023: Champions China Qualifier,Playoffs: Grand Final,"['BLG yosemite', 'BLG Biank', 'BLG DK', 'BLG whzy', 'BLG Knight']",-,-,Split,Bind,Pearl,Split,Fracture,Bind,Haven,-,https://www.vlr.gg/235559/edward-gaming-vs-bilibili-gaming-champions-tour-2023-champions-china-qualifier-gf
FUT Esports,FUT,0,Bo3,B,loss,"[['Split', 5, 0, 5], ['Lotus', 12, 6, 6]]",17,6,11,Champions Tour 2023: Masters Tokyo,Group Stage: Opening (B),"['FUT AtaKaptan', 'FUT MrFaliN', 'FUT MOJJ', 'FUT qRaxs', 'FUT qw1']",Fracture,Ascent,Lotus,Pearl,-,Split,Lotus,-,-,-,https://www.vlr.gg/220297/fut-esports-vs-evil-geniuses-champions-tour-2023-masters-tokyo-opening-b
Evil Geniuses,EG,2,Bo3,A,win,"[['Split', 13, 7, 6], ['Lotus', 14, 6, 6]]",27,13,12,Champions Tour 2023: Masters Tokyo,Group Stage: Opening (B),"['EG Ethan', 'EG Boostio', 'EG C0M', 'EG jawgemo', 'EG Demon1']",Bind,Haven,Split,Pearl,-,Split,Lotus,-,-,-,https://www.vlr.gg/220297/fut-esports-vs-evil-geniuses-champions-tour-2023-masters-tokyo-opening-b
DRX,DRX,2,Bo3,B,win,"[['Fracture', 13, 7, 6], ['Pearl', 13, 8, 5]]",26,15,11,Champions Tour 2023: Masters Tokyo,Group Stage: Opening (B),"['DRX Rb', 'DRX MaKo', 'DRX BuZz', 'DRX stax', 'DRX Foxy9']",Lotus,Haven,Pearl,Ascent,-,Fracture,Pearl,-,-,-,https://www.vlr.gg/220296/drx-vs-attacking-soul-esports-champions-tour-2023-masters-tokyo-opening-b
Attacking Soul Esports,ASE,0,Bo3,A,loss,"[['Fracture', 10, 5, 5], ['Pearl', 7, 3, 4]]",17,8,9,Champions Tour 2023: Masters Tokyo,Group Stage: Opening (B),"['ASE YHchen', 'ASE Life', 'ASE monk', 'ASE zjc', 'ASE bunt']",Split,Bind,Fracture,Ascent,-,Fracture,Pearl,-,-,-,https://www.vlr.gg/220296/drx-vs-attacking-soul-esports-champions-tour-2023-masters-tokyo-opening-b
EDward Gaming,EDG,1,Bo3,B,loss,"[['Fracture', 10, 6, 4], ['Haven', 13, 6, 7], ['Pearl', 12, 6, 6]]",35,18,17,Champions Tour 2023: Masters Tokyo,Group Stage: Opening (A),"['EDG Smoggy', 'EDG ZmjjKK', 'EDG CHICHOO', 'EDG Haodong', 'EDG nobody']",Ascent,Lotus,Haven,Pearl,-,Fracture,Haven,Pearl,-,-,https://www.vlr.gg/220292/edward-gaming-vs-t1-champions-tour-2023-masters-tokyo-opening-a
T1,T1,2,Bo3,A,win,"[['Fracture', 13, 7, 6], ['Haven', 7, 1, 6], ['Pearl', 14, 6, 6]]",34,14,18,Champions Tour 2023: Masters Tokyo,Group Stage: Opening (A),"['T1 Sayaplayer', 'T1 Munchkin', 'T1 ban', 'T1 xeta', 'T1 carpe']",Split,Bind,Fracture,Pearl,-,Fracture,Haven,Pearl,-,-,https://www.vlr.gg/220292/edward-gaming-vs-t1-champions-tour-2023-masters-tokyo-opening-a
NRG,NRG,2,Bo3,B,win,"[['Ascent', 13, 7, 6], ['Lotus', 12, 8, 4], ['Split', 13, 10, 3]]",38,25,13,Champions Tour 2023: Masters Tokyo,Group Stage: Opening (A),"['NRG ardiis', 'NRG crashies', 'NRG s0m', 'NRG Victor', 'NRG FiNESSE']",Fracture,Pearl,Lotus,Split,-,Ascent,Lotus,Split,-,-,https://www.vlr.gg/220290/nrg-esports-vs-natus-vincere-champions-tour-2023-masters-tokyo-opening-a
Natus Vincere,NAVI,1,Bo3,A,loss,"[['Ascent', 8, 6, 2], ['Lotus', 14, 8, 4], ['Split', 6, 4, 2]]",28,18,8,Champions Tour 2023: Masters Tokyo,Group Stage: Opening (A),"['NAVI SUYGETSU', 'NAVI cNed', 'NAVI Shao', 'NAVI Zyppan', 'NAVI ANGE1']",Haven,Bind,Ascent,Split,-,Ascent,Lotus,Split,-,-,https://www.vlr.gg/220290/nrg-esports-vs-natus-vincere-champions-tour-2023-masters-tokyo-opening-a
DRX,DRX,0,Bo3,B,loss,"[['Fracture', 5, 4, 1], ['Ascent', 9, 5, 4]]",14,9,5,Champions Tour 2023: Masters Tokyo,Group Stage: Winner's (B),"['DRX MaKo', 'DRX Rb', 'DRX Foxy9', 'DRX BuZz', 'DRX stax']",Lotus,Split,Ascent,Pearl,-,Fracture,Ascent,-,-,-,https://www.vlr.gg/220298/drx-vs-evil-geniuses-champions-tour-2023-masters-tokyo-winners-b
Evil Geniuses,EG,2,Bo3,A,win,"[['Fracture', 13, 5, 8], ['Ascent', 13, 6, 7]]",26,11,15,Champions Tour 2023: Masters Tokyo,Group Stage: Winner's (B),"['EG Demon1', 'EG jawgemo', 'EG Boostio', 'EG Ethan', 'EG C0M']",Bind,Haven,Fracture,Pearl,-,Fracture,Ascent,-,-,-,https://www.vlr.gg/220298/drx-vs-evil-geniuses-champions-tour-2023-masters-tokyo-winners-b
NRG,NRG,2,Bo3,B,win,"[['Lotus', 11, 6, 5], ['Bind', 13, 6, 7], ['Pearl', 13, 7, 6]]",37,19,18,Champions Tour 2023: Masters Tokyo,Group Stage: Winner's (A),"['NRG s0m', 'NRG Victor', 'NRG ardiis', 'NRG crashies', 'NRG FiNESSE']",Fracture,Ascent,Bind,Pearl,-,Lotus,Bind,Pearl,-,-,https://www.vlr.gg/220293/nrg-esports-vs-t1-champions-tour-2023-masters-tokyo-winners-a
T1,T1,1,Bo3,A,loss,"[['Lotus', 13, 7, 6], ['Bind', 7, 1, 6], ['Pearl', 11, 6, 5]]",31,14,17,Champions Tour 2023: Masters Tokyo,Group Stage: Winner's (A),"['T1 Munchkin', 'T1 Sayaplayer', 'T1 carpe', 'T1 xeta', 'T1 ban']",Split,Haven,Lotus,Pearl,-,Lotus,Bind,Pearl,-,-,https://www.vlr.gg/220293/nrg-esports-vs-t1-champions-tour-2023-masters-tokyo-winners-a
Attacking Soul Esports,ASE,1,Bo3,B,loss,"[['Haven', 13, 4, 9], ['Ascent', 5, 5, 0], ['Lotus', 6, 2, 4]]",24,11,13,Champions Tour 2023: Masters Tokyo,Group Stage: Elimination (B),"['ASE YHchen', 'ASE monk', 'ASE Life', 'ASE bunt', 'ASE zjc']",Pearl,Split,Ascent,Lotus,-,Haven,Ascent,Lotus,-,-,https://www.vlr.gg/220299/attacking-soul-esports-vs-fut-esports-champions-tour-2023-masters-tokyo-elim-b
FUT Esports,FUT,2,Bo3,A,win,"[['Haven', 8, 3, 5], ['Ascent', 13, 6, 7], ['Lotus', 13, 8, 5]]",34,17,17,Champions Tour 2023: Masters Tokyo,Group Stage: Elimination (B),"['FUT AtaKaptan', 'FUT qRaxs', 'FUT qw1', 'FUT MOJJ', 'FUT MrFaliN']",Fracture,Bind,Haven,Lotus,-,Haven,Ascent,Lotus,-,-,https://www.vlr.gg/220299/attacking-soul-esports-vs-fut-esports-champions-tour-2023-masters-tokyo-elim-b
Natus Vincere,NAVI,0,Bo3,A,loss,"[['Pearl', 17, 7, 5], ['Bind', 14, 6, 6]]",31,13,11,Champions Tour 2023: Masters Tokyo,Group Stage: Elimination (A),"['NAVI Shao', 'NAVI SUYGETSU', 'NAVI cNed', 'NAVI Zyppan', 'NAVI ANGE1']",Haven,Split,Pearl,Lotus,-,Pearl,Bind,-,-,-,https://www.vlr.gg/220294/natus-vincere-vs-edward-gaming-champions-tour-2023-masters-tokyo-elim-a
EDward Gaming,EDG,2,Bo3,B,win,"[['Pearl', 15, 7, 5], ['Bind', 12, 6, 6]]",27,13,11,Champions Tour 2023: Masters Tokyo,Group Stage: Elimination (A),"['EDG Smoggy', 'EDG ZmjjKK', 'EDG Haodong', 'EDG CHICHOO', 'EDG nobody']",Ascent,Fracture,Bind,Lotus,-,Pearl,Bind,-,-,-,https://www.vlr.gg/220294/natus-vincere-vs-edward-gaming-champions-tour-2023-masters-tokyo-elim-a
DRX,DRX,2,Bo3,B,win,"[['Bind', 9, 3, 6], ['Fracture', 13, 7, 6], ['Haven', 13, 2, 11]]",35,12,23,Champions Tour 2023: Masters Tokyo,Group Stage: Decider (B),"['DRX BuZz', 'DRX MaKo', 'DRX Rb', 'DRX Zest', 'DRX stax']",Lotus,Ascent,Fracture,Haven,-,Bind,Fracture,Haven,-,-,https://www.vlr.gg/220300/drx-vs-fut-esports-champions-tour-2023-masters-tokyo-decider-b
FUT Esports,FUT,1,Bo3,A,loss,"[['Bind', 13, 4, 9], ['Fracture', 8, 6, 2], ['Haven', 4, 1, 3]]",25,11,14,Champions Tour 2023: Masters Tokyo,Group Stage: Decider (B),"['FUT qw1', 'FUT MrFaliN', 'FUT MOJJ', 'FUT qRaxs', 'FUT AtaKaptan']",Split,Pearl,Bind,Haven,-,Bind,Fracture,Haven,-,-,https://www.vlr.gg/220300/drx-vs-fut-esports-champions-tour-2023-masters-tokyo-decider-b
T1,T1,0,Bo3,A,loss,"[['Fracture', 13, 8, 5], ['Haven', 13, 10, 3]]",26,18,8,Champions Tour 2023: Masters Tokyo,Group Stage: Decider (A),"['T1 carpe', 'T1 Munchkin', 'T1 ban', 'T1 xeta', 'T1 Sayaplayer']",Split,Bind,Fracture,Lotus,-,Fracture,Haven,-,-,-,https://www.vlr.gg/220295/t1-vs-edward-gaming-champions-tour-2023-masters-tokyo-decider-a
EDward Gaming,EDG,2,Bo3,B,win,"[['Fracture', 4, 0, 4], ['Haven', 6, 4, 2]]",10,4,6,Champions Tour 2023: Masters Tokyo,Group Stage: Decider (A),"['EDG CHICHOO', 'EDG ZmjjKK', 'EDG Haodong', 'EDG nobody', 'EDG Smoggy']",Ascent,Pearl,Haven,Lotus,-,Fracture,Haven,-,-,-,https://www.vlr.gg/220295/t1-vs-edward-gaming-champions-tour-2023-masters-tokyo-decider-a
LOUD,LOUD,0,Bo3,B,loss,"[['Fracture', 7, 4, 3], ['Ascent', 5, 5, 0]]",12,9,3,Champions Tour 2023: Masters Tokyo,Playoffs: Upper Quarterfinals,"['LOUD aspas', 'LOUD tuyz', 'LOUD cauanzin', 'LOUD Less', 'LOUD saadhak']",Pearl,Split,Ascent,Lotus,-,Fracture,Ascent,-,-,-,https://www.vlr.gg/220444/loud-vs-evil-geniuses-champions-tour-2023-masters-tokyo-ubqf
Evil Geniuses,EG,2,Bo3,A,win,"[['Fracture', 13, 9, 4], ['Ascent', 13, 6, 7]]",26,15,11,Champions Tour 2023: Masters Tokyo,Playoffs: Upper Quarterfinals,"['EG jawgemo', 'EG C0M', 'EG Demon1', 'EG Ethan', 'EG Boostio']",Bind,Haven,Fracture,Lotus,-,Fracture,Ascent,-,-,-,https://www.vlr.gg/220444/loud-vs-evil-geniuses-champions-tour-2023-masters-tokyo-ubqf
Team Liquid,TL,2,Bo3,B,win,"[['Haven', 13, 7, 6], ['Split', 8, 2, 6], ['Lotus', 13, 8, 5]]",34,17,17,Champions Tour 2023: Masters Tokyo,Playoffs: Upper Quarterfinals,"['TL Sayf', 'TL Redgar', 'TL soulcas', 'TL Jamppi', 'TL nAts']",Pearl,Fracture,Split,Lotus,-,Haven,Split,Lotus,-,-,https://www.vlr.gg/220443/team-liquid-vs-edward-gaming-champions-tour-2023-masters-tokyo-ubqf
EDward Gaming,EDG,1,Bo3,A,loss,"[['Haven', 9, 6, 3], ['Split', 13, 6, 7], ['Lotus', 11, 7, 4]]",33,19,14,Champions Tour 2023: Masters Tokyo,Playoffs: Upper Quarterfinals,"['EDG ZmjjKK', 'EDG Haodong', 'EDG CHICHOO', 'EDG Smoggy', 'EDG nobody']",Ascent,Bind,Haven,Lotus,-,Haven,Split,Lotus,-,-,https://www.vlr.gg/220443/team-liquid-vs-edward-gaming-champions-tour-2023-masters-tokyo-ubqf
FNATIC,FNC,2,Bo3,A,win,"[['Fracture', 9, 6, 3], ['Bind', 4, 2, 2]]",13,8,5,Champions Tour 2023: Masters Tokyo,Playoffs: Upper Quarterfinals,"['FNC Alfajer', 'FNC Leo', 'FNC Chronicle', 'FNC Derke', 'FNC Boaster']",Pearl,Haven,Fracture,Split,-,Fracture,Bind,-,-,-,https://www.vlr.gg/220442/fnatic-vs-nrg-esports-champions-tour-2023-masters-tokyo-ubqf
NRG,NRG,0,Bo3,B,loss,"[['Fracture', 13, 7, 6], ['Bind', 13, 10, 3]]",26,17,9,Champions Tour 2023: Masters Tokyo,Playoffs: Upper Quarterfinals,"['NRG s0m', 'NRG crashies', 'NRG Victor', 'NRG FiNESSE', 'NRG ardiis']",Lotus,Ascent,Bind,Split,-,Fracture,Bind,-,-,-,https://www.vlr.gg/220442/fnatic-vs-nrg-esports-champions-tour-2023-masters-tokyo-ubqf
Paper Rex,PRX,2,Bo3,B,win,"[['Split', 13, 9, 4], ['Bind', 13, 5, 8]]",26,14,12,Champions Tour 2023: Masters Tokyo,Playoffs: Upper Quarterfinals,"['PRX Jinggg', 'PRX mindfreak', 'PRX d4v41', 'PRX f0rsakeN', 'PRX cgrs']",Haven,Pearl,Bind,Fracture,-,Split,Bind,-,-,-,https://www.vlr.gg/220441/paper-rex-vs-drx-champions-tour-2023-masters-tokyo-ubqf
DRX,DRX,0,Bo3,A,loss,"[['Split', 10, 7, 3], ['Bind', 10, 4, 6]]",20,11,9,Champions Tour 2023: Masters Tokyo,Playoffs: Upper Quarterfinals,"['DRX MaKo', 'DRX Rb', 'DRX Zest', 'DRX BuZz', 'DRX stax']",Lotus,Ascent,Split,Fracture,-,Split,Bind,-,-,-,https://www.vlr.gg/220441/paper-rex-vs-drx-champions-tour-2023-masters-tokyo-ubqf
EDward Gaming,EDG,2,Bo3,B,win,"[['Lotus', 13, 8, 5], ['Fracture', 13, 8, 5]]",26,16,10,Champions Tour 2023: Masters Tokyo,Playoffs: Lower Round 1,"['EDG nobody', 'EDG CHICHOO', 'EDG ZmjjKK', 'EDG Haodong', 'EDG Smoggy']",Ascent,Haven,Fracture,Bind,-,Lotus,Fracture,-,-,-,https://www.vlr.gg/220450/edward-gaming-vs-loud-champions-tour-2023-masters-tokyo-lr1
LOUD,LOUD,0,Bo3,A,loss,"[['Lotus', 6, 2, 4], ['Fracture', 10, 7, 3]]",16,9,7,Champions Tour 2023: Masters Tokyo,Playoffs: Lower Round 1,"['LOUD aspas', 'LOUD Less', 'LOUD tuyz', 'LOUD cauanzin', 'LOUD saadhak']",Pearl,Split,Lotus,Bind,-,Lotus,Fracture,-,-,-,https://www.vlr.gg/220450/edward-gaming-vs-loud-champions-tour-2023-masters-tokyo-lr1
DRX,DRX,0,Bo3,A,loss,"[['Pearl', 13, 4, 9], ['Haven', 13, 5, 8]]",26,9,17,Champions Tour 2023: Masters Tokyo,Playoffs: Lower Round 1,"['DRX stax', 'DRX Rb', 'DRX BuZz', 'DRX MaKo', 'DRX Zest']",Lotus,Bind,Pearl,Split,-,Pearl,Haven,-,-,-,https://www.vlr.gg/220449/drx-vs-nrg-esports-champions-tour-2023-masters-tokyo-lr1
NRG,NRG,2,Bo3,B,win,"[['Pearl', 11, 3, 8], ['Haven', 5, 4, 1]]",16,7,9,Champions Tour 2023: Masters Tokyo,Playoffs: Lower Round 1,"['NRG Victor', 'NRG crashies', 'NRG ardiis', 'NRG s0m', 'NRG FiNESSE']",Fracture,Ascent,Haven,Split,-,Pearl,Haven,-,-,-,https://www.vlr.gg/220449/drx-vs-nrg-esports-champions-tour-2023-masters-tokyo-lr1
Team Liquid,TL,0,Bo3,B,loss,"[['Fracture', 2, 1, 1], ['Haven', 9, 5, 4]]",11,6,5,Champions Tour 2023: Masters Tokyo,Playoffs: Upper Semifinals,"['TL nAts', 'TL Jamppi', 'TL Sayf', 'TL soulcas', 'TL Redgar']",Pearl,Ascent,Haven,Split,-,Fracture,Haven,-,-,-,https://www.vlr.gg/220446/team-liquid-vs-evil-geniuses-champions-tour-2023-masters-tokyo-ubsf
Evil Geniuses,EG,2,Bo3,A,win,"[['Fracture', 13, 11, 2], ['Haven', 13, 6, 7]]",26,17,9,Champions Tour 2023: Masters Tokyo,Playoffs: Upper Semifinals,"['EG Boostio', 'EG C0M', 'EG Ethan', 'EG jawgemo', 'EG Demon1']",Bind,Lotus,Fracture,Split,-,Fracture,Haven,-,-,-,https://www.vlr.gg/220446/team-liquid-vs-evil-geniuses-champions-tour-2023-masters-tokyo-ubsf
Paper Rex,PRX,0,Bo3,B,loss,"[['Lotus', 5, 0, 5], ['Bind', 7, 4, 3]]",12,4,8,Champions Tour 2023: Masters Tokyo,Playoffs: Upper Semifinals,"['PRX Jinggg', 'PRX f0rsakeN', 'PRX mindfreak', 'PRX d4v41', 'PRX cgrs']",Haven,Ascent,Bind,Split,-,Lotus,Bind,-,-,-,https://www.vlr.gg/220445/paper-rex-vs-fnatic-champions-tour-2023-masters-tokyo-ubsf
FNATIC,FNC,2,Bo3,A,win,"[['Lotus', 13, 1, 12], ['Bind', 13, 9, 4]]",26,10,16,Champions Tour 2023: Masters Tokyo,Playoffs: Upper Semifinals,"['FNC Derke', 'FNC Chronicle', 'FNC Alfajer', 'FNC Boaster', 'FNC Leo']",Pearl,Fracture,Lotus,Split,-,Lotus,Bind,-,-,-,https://www.vlr.gg/220445/paper-rex-vs-fnatic-champions-tour-2023-masters-tokyo-ubsf
Team Liquid,TL,1,Bo3,B,loss,"[['Haven', 12, 4, 8], ['Ascent', 13, 7, 6], ['Split', 5, 1, 4]]",30,12,18,Champions Tour 2023: Masters Tokyo,Playoffs: Lower Round 2,"['TL nAts', 'TL soulcas', 'TL Sayf', 'TL Jamppi', 'TL Redgar']",Pearl,Bind,Ascent,Split,-,Haven,Ascent,Split,-,-,https://www.vlr.gg/220451/team-liquid-vs-nrg-esports-champions-tour-2023-masters-tokyo-lr2
NRG,NRG,2,Bo3,A,win,"[['Haven', 14, 4, 8], ['Ascent', 8, 3, 5], ['Split', 13, 8, 5]]",35,15,18,Champions Tour 2023: Masters Tokyo,Playoffs: Lower Round 2,"['NRG Victor', 'NRG crashies', 'NRG s0m', 'NRG ardiis', 'NRG FiNESSE']",Fracture,Lotus,Haven,Split,-,Haven,Ascent,Split,-,-,https://www.vlr.gg/220451/team-liquid-vs-nrg-esports-champions-tour-2023-masters-tokyo-lr2
Paper Rex,PRX,2,Bo3,B,win,"[['Fracture', 14, 4, 8], ['Split', 9, 3, 6], ['Lotus', 13, 5, 8]]",36,12,22,Champions Tour 2023: Masters Tokyo,Playoffs: Lower Round 2,"['PRX d4v41', 'PRX mindfreak', 'PRX Jinggg', 'PRX f0rsakeN', 'PRX cgrs']",Haven,Pearl,Split,Lotus,-,Fracture,Split,Lotus,-,-,https://www.vlr.gg/220452/paper-rex-vs-edward-gaming-champions-tour-2023-masters-tokyo-lr2
EDward Gaming,EDG,1,Bo3,A,loss,"[['Fracture', 12, 4, 8], ['Split', 13, 6, 7], ['Lotus', 8, 4, 4]]",33,14,19,Champions Tour 2023: Masters Tokyo,Playoffs: Lower Round 2,"['EDG Smoggy', 'EDG ZmjjKK', 'EDG CHICHOO', 'EDG Haodong', 'EDG nobody']",Ascent,Bind,Fracture,Lotus,-,Fracture,Split,Lotus,-,-,https://www.vlr.gg/220452/paper-rex-vs-edward-gaming-champions-tour-2023-masters-tokyo-lr2
FNATIC,FNC,2,Bo3,A,win,"[['Lotus', 3, 1, 2], ['Fracture', 13, 4, 9], ['Split', 11, 6, 5]]",27,11,16,Champions Tour 2023: Masters Tokyo,Playoffs: Upper Final,"['FNC Leo', 'FNC Chronicle', 'FNC Alfajer', 'FNC Boaster', 'FNC Derke']",Pearl,Ascent,Lotus,Split,-,Lotus,Fracture,Split,-,-,https://www.vlr.gg/220447/fnatic-vs-evil-geniuses-champions-tour-2023-masters-tokyo-ubf
Evil Geniuses,EG,1,Bo3,B,loss,"[['Lotus', 13, 10, 3], ['Fracture', 9, 3, 6], ['Split', 13, 7, 6]]",35,20,15,Champions Tour 2023: Masters Tokyo,Playoffs: Upper Final,"['EG Boostio', 'EG jawgemo', 'EG Demon1', 'EG Ethan', 'EG C0M']",Bind,Haven,Fracture,Split,-,Lotus,Fracture,Split,-,-,https://www.vlr.gg/220447/fnatic-vs-evil-geniuses-champions-tour-2023-masters-tokyo-ubf
NRG,NRG,1,Bo3,A,loss,"[['Pearl', 15, 5, 7], ['Lotus', 6, 4, 2], ['Bind', 13, 8, 5]]",34,17,14,Champions Tour 2023: Masters Tokyo,Playoffs: Lower Round 3,"['NRG s0m', 'NRG FiNESSE', 'NRG ardiis', 'NRG Victor', 'NRG crashies']",Fracture,Ascent,Pearl,Bind,-,Pearl,Lotus,Bind,-,-,https://www.vlr.gg/220453/nrg-esports-vs-paper-rex-champions-tour-2023-masters-tokyo-lr3
Paper Rex,PRX,2,Bo3,B,win,"[['Pearl', 13, 5, 7], ['Lotus', 13, 10, 3], ['Bind', 11, 7, 4]]",37,22,14,Champions Tour 2023: Masters Tokyo,Playoffs: Lower Round 3,"['PRX f0rsakeN', 'PRX d4v41', 'PRX Jinggg', 'PRX cgrs', 'PRX mindfreak']",Haven,Split,Lotus,Bind,-,Pearl,Lotus,Bind,-,-,https://www.vlr.gg/220453/nrg-esports-vs-paper-rex-champions-tour-2023-masters-tokyo-lr3
Evil Geniuses,EG,3,Bo5,A,win,"[['Fracture', 7, 3, 4], ['Lotus', 14, 7, 5], ['Split', 13, 4, 9], ['Pearl', 6, 5, 1], ['Ascent', 8, 4, 4]]",48,23,23,Champions Tour 2023: Masters Tokyo,Playoffs: Lower Final,"['EG Demon1', 'EG C0M', 'EG jawgemo', 'EG Ethan', 'EG Boostio']",Bind,-,Fracture,Split,Ascent,Fracture,Lotus,Split,Pearl,Ascent,https://www.vlr.gg/220454/evil-geniuses-vs-paper-rex-champions-tour-2023-masters-tokyo-lbf
Paper Rex,PRX,2,Bo5,B,loss,"[['Fracture', 13, 4, 9], ['Lotus', 12, 7, 5], ['Split', 10, 2, 8], ['Pearl', 13, 6, 7], ['Ascent', 13, 8, 5]]",61,27,34,Champions Tour 2023: Masters Tokyo,Playoffs: Lower Final,"['PRX d4v41', 'PRX mindfreak', 'PRX Jinggg', 'PRX f0rsakeN', 'PRX cgrs']",Haven,-,Lotus,Pearl,Ascent,Fracture,Lotus,Split,Pearl,Ascent,https://www.vlr.gg/220454/evil-geniuses-vs-paper-rex-champions-tour-2023-masters-tokyo-lbf
FNATIC,FNC,3,Bo5,A,win,"[['Lotus', 8, 2, 6], ['Split', 11, 4, 7], ['Bind', 12, 8, 4]]",31,14,17,Champions Tour 2023: Masters Tokyo,Playoffs: Grand Final,"['FNC Alfajer', 'FNC Leo', 'FNC Derke', 'FNC Chronicle', 'FNC Boaster']",Pearl,Fracture,Lotus,Bind,Haven,Lotus,Split,Bind,-,-,https://www.vlr.gg/220448/fnatic-vs-evil-geniuses-champions-tour-2023-masters-tokyo-gf
Evil Geniuses,EG,0,Bo5,B,loss,"[['Lotus', 13, 6, 7], ['Split', 13, 5, 8], ['Bind', 14, 8, 4]]",40,19,19,Champions Tour 2023: Masters Tokyo,Playoffs: Grand Final,"['EG Ethan', 'EG Demon1', 'EG Boostio', 'EG C0M', 'EG jawgemo']",-,-,Split,Ascent,Haven,Lotus,Split,Bind,-,-,https://www.vlr.gg/220448/fnatic-vs-evil-geniuses-champions-tour-2023-masters-tokyo-gf
Sentinels,SEN,2,Bo3,A,win,"[['Fracture', 11, 5, 6], ['Split', 14, 5, 7], ['Ascent', 12, 8, 4]]",37,18,17,Champions Tour 2023: Americas League,Regular Season: Week 1,"['SEN zekken', 'SEN Sacy', 'SEN TenZ', 'SEN pANcada', 'SEN dephh']",Haven,Icebox,Fracture,Ascent,-,Fracture,Split,Ascent,-,-,https://www.vlr.gg/183774/sentinels-vs-100-thieves-champions-tour-2023-americas-league-w1
100 Thieves,100T,1,Bo3,B,loss,"[['Fracture', 13, 6, 7], ['Split', 12, 5, 7], ['Ascent', 14, 8, 4]]",39,19,18,Champions Tour 2023: Americas League,Regular Season: Week 1,"['100T Asuna', '100T Derrek', '100T bang', '100T stellar', '100T Cryocells']",Pearl,Lotus,Split,Ascent,-,Fracture,Split,Ascent,-,-,https://www.vlr.gg/183774/sentinels-vs-100-thieves-champions-tour-2023-americas-league-w1
KRÜ Esports,KRÜ,0,Bo3,A,loss,"[['Split', 13, 7, 6], ['Ascent', 13, 7, 6]]",26,14,12,Champions Tour 2023: Americas League,Regular Season: Week 1,"['KRÜ DaveeyS', 'KRÜ NagZ', 'KRÜ keznit', 'KRÜ Melser', 'KRÜ Klaus']",Icebox,Pearl,Split,Haven,-,Split,Ascent,-,-,-,https://www.vlr.gg/183775/kr-esports-vs-furia-champions-tour-2023-americas-league-w1
FURIA,FUR,2,Bo3,B,win,"[['Split', 11, 6, 5], ['Ascent', 5, 0, 5]]",16,6,10,Champions Tour 2023: Americas League,Regular Season: Week 1,"['FUR Khalil', 'FUR mwzera', 'FUR mazin', 'FUR ambitioN', 'FUR dgzin']",Lotus,Fracture,Ascent,Haven,-,Split,Ascent,-,-,-,https://www.vlr.gg/183775/kr-esports-vs-furia-champions-tour-2023-americas-league-w1
LOUD,LOUD,2,Bo3,A,win,"[['Split', 5, 4, 1], ['Lotus', 13, 6, 7], ['Haven', 11, 7, 4]]",29,17,12,Champions Tour 2023: Americas League,Regular Season: Week 1,"['LOUD aspas', 'LOUD cauanzin', 'LOUD Less', 'LOUD tuyz', 'LOUD saadhak']",Fracture,Icebox,Split,Haven,-,Split,Lotus,Haven,-,-,https://www.vlr.gg/183776/loud-vs-mibr-champions-tour-2023-americas-league-w1
MIBR,MIBR,1,Bo3,B,loss,"[['Split', 13, 5, 8], ['Lotus', 11, 5, 6], ['Haven', 13, 8, 5]]",37,18,19,Champions Tour 2023: Americas League,Regular Season: Week 1,"['MIBR RgLMeister', 'MIBR jzz', 'MIBR heat', 'MIBR murizzz', 'MIBR frz']",Pearl,Ascent,Lotus,Haven,-,Split,Lotus,Haven,-,-,https://www.vlr.gg/183776/loud-vs-mibr-champions-tour-2023-americas-league-w1
Evil Geniuses,EG,0,Bo3,A,loss,"[['Pearl', 13, 3, 10], ['Fracture', 13, 8, 5]]",26,11,15,Champions Tour 2023: Americas League,Regular Season: Week 1,"['EG C0M', 'EG BcJ', 'EG Boostio', 'EG jawgemo', 'EG Ethan']",Lotus,Ascent,Pearl,Split,-,Pearl,Fracture,-,-,-,https://www.vlr.gg/183777/evil-geniuses-vs-cloud9-champions-tour-2023-americas-league-w1
Cloud9,C9,2,Bo3,B,win,"[['Pearl', 11, 2, 9], ['Fracture', 9, 5, 4]]",20,7,13,Champions Tour 2023: Americas League,Regular Season: Week 1,"['C9 leaf', 'C9 runi', 'C9 Zellsis', 'C9 Xeppaa', 'C9 jakee']",Icebox,Haven,Fracture,Split,-,Pearl,Fracture,-,-,-,https://www.vlr.gg/183777/evil-geniuses-vs-cloud9-champions-tour-2023-americas-league-w1
LEVIATÁN,LEV,2,Bo3,A,win,"[['Pearl', 11, 6, 5], ['Lotus', 4, 4, 0]]",15,10,5,Champions Tour 2023: Americas League,Regular Season: Week 1,"['LEV kiNgg', 'LEV nzr', 'LEV Mazino', 'LEV Shyy', 'LEV Tacolilla']",Fracture,Icebox,Pearl,Split,-,Pearl,Lotus,-,-,-,https://www.vlr.gg/183778/leviat-n-vs-nrg-esports-champions-tour-2023-americas-league-w1
NRG,NRG,0,Bo3,B,loss,"[['Pearl', 13, 7, 6], ['Lotus', 13, 5, 8]]",26,12,14,Champions Tour 2023: Americas League,Regular Season: Week 1,"['NRG Victor', 'NRG s0m', 'NRG FiNESSE', 'NRG ardiis', 'NRG crashies']",Ascent,Haven,Lotus,Split,-,Pearl,Lotus,-,-,-,https://www.vlr.gg/183778/leviat-n-vs-nrg-esports-champions-tour-2023-americas-league-w1
Cloud9,C9,1,Bo3,A,loss,"[['Split', 7, 3, 4], ['Ascent', 13, 9, 4], ['Pearl', 13, 5, 8]]",33,17,16,Champions Tour 2023: Americas League,Regular Season: Week 2,"['C9 leaf', 'C9 runi', 'C9 Xeppaa', 'C9 jakee', 'C9 Zellsis']",Icebox,Lotus,Split,Pearl,-,Split,Ascent,Pearl,-,-,https://www.vlr.gg/183779/cloud9-vs-loud-champions-tour-2023-americas-league-w2
LOUD,LOUD,2,Bo3,B,win,"[['Split', 13, 8, 5], ['Ascent', 8, 5, 3], ['Pearl', 7, 4, 3]]",28,17,11,Champions Tour 2023: Americas League,Regular Season: Week 2,"['LOUD Less', 'LOUD aspas', 'LOUD tuyz', 'LOUD saadhak', 'LOUD cauanzin']",Fracture,Haven,Ascent,Pearl,-,Split,Ascent,Pearl,-,-,https://www.vlr.gg/183779/cloud9-vs-loud-champions-tour-2023-americas-league-w2
LEVIATÁN,LEV,1,Bo3,A,loss,"[['Pearl', 11, 9, 2], ['Icebox', 13, 10, 3], ['Ascent', 13, 3, 10]]",37,22,15,Champions Tour 2023: Americas League,Regular Season: Week 2,"['LEV kiNgg', 'LEV nzr', 'LEV Shyy', 'LEV Tacolilla', 'LEV Mazino']",Fracture,Haven,Pearl,Ascent,-,Pearl,Icebox,Ascent,-,-,https://www.vlr.gg/183780/leviat-n-vs-furia-champions-tour-2023-americas-league-w2
FURIA,FUR,2,Bo3,B,win,"[['Pearl', 13, 10, 3], ['Icebox', 5, 3, 2], ['Ascent', 10, 1, 9]]",28,14,14,Champions Tour 2023: Americas League,Regular Season: Week 2,"['FUR Khalil', 'FUR dgzin', 'FUR ambitioN', 'FUR mwzera', 'FUR mazin']",Lotus,Split,Icebox,Ascent,-,Pearl,Icebox,Ascent,-,-,https://www.vlr.gg/183780/leviat-n-vs-furia-champions-tour-2023-americas-league-w2
NRG,NRG,2,Bo3,B,win,"[['Lotus', 13, 9, 4], ['Icebox', 13, 3, 10]]",26,12,14,Champions Tour 2023: Americas League,Regular Season: Week 2,"['NRG s0m', 'NRG crashies', 'NRG Victor', 'NRG ardiis', 'NRG FiNESSE']",Split,Fracture,Icebox,Pearl,-,Lotus,Icebox,-,-,-,https://www.vlr.gg/183781/nrg-esports-vs-sentinels-champions-tour-2023-americas-league-w2
Sentinels,SEN,0,Bo3,A,loss,"[['Lotus', 10, 7, 3], ['Icebox', 2, 2, 0]]",12,9,3,Champions Tour 2023: Americas League,Regular Season: Week 2,"['SEN zekken', 'SEN pANcada', 'SEN Sacy', 'SEN dephh', 'SEN TenZ']",Haven,Ascent,Lotus,Pearl,-,Lotus,Icebox,-,-,-,https://www.vlr.gg/183781/nrg-esports-vs-sentinels-champions-tour-2023-americas-league-w2
MIBR,MIBR,2,Bo3,B,win,"[['Ascent', 9, 2, 7], ['Lotus', 13, 9, 4], ['Pearl', 14, 7, 5]]",36,18,16,Champions Tour 2023: Americas League,Regular Season: Week 2,"['MIBR jzz', 'MIBR heat', 'MIBR murizzz', 'MIBR frz', 'MIBR RgLMeister']",Split,Fracture,Lotus,Pearl,-,Ascent,Lotus,Pearl,-,-,https://www.vlr.gg/183782/mibr-vs-kr-esports-champions-tour-2023-americas-league-w2
KRÜ Esports,KRÜ,1,Bo3,A,loss,"[['Ascent', 13, 5, 8], ['Lotus', 11, 8, 3], ['Pearl', 12, 7, 5]]",36,20,16,Champions Tour 2023: Americas League,Regular Season: Week 2,"['KRÜ DaveeyS', 'KRÜ NagZ', 'KRÜ keznit', 'KRÜ Melser', 'KRÜ Klaus']",Icebox,Haven,Ascent,Pearl,-,Ascent,Lotus,Pearl,-,-,https://www.vlr.gg/183782/mibr-vs-kr-esports-champions-tour-2023-americas-league-w2
Evil Geniuses,EG,0,Bo3,A,loss,"[['Haven', 13, 6, 7], ['Icebox', 13, 9, 4]]",26,15,11,Champions Tour 2023: Americas League,Regular Season: Week 2,"['EG BcJ', 'EG Ethan', 'EG Demon1', 'EG Boostio', 'EG jawgemo', 'EG C0M']",Lotus,Ascent,Haven,Fracture,-,Haven,Icebox,-,-,-,https://www.vlr.gg/183783/evil-geniuses-vs-100-thieves-champions-tour-2023-americas-league-w2
100 Thieves,100T,2,Bo3,B,win,"[['Haven', 9, 3, 6], ['Icebox', 5, 2, 3]]",14,5,9,Champions Tour 2023: Americas League,Regular Season: Week 2,"['100T bang', '100T stellar', '100T Derrek', '100T Cryocells', '100T Asuna']",Pearl,Split,Icebox,Fracture,-,Haven,Icebox,-,-,-,https://www.vlr.gg/183783/evil-geniuses-vs-100-thieves-champions-tour-2023-americas-league-w2
Cloud9,C9,2,Bo3,A,win,"[['Lotus', 7, 4, 3], ['Ascent', 12, 4, 8]]",19,8,11,Champions Tour 2023: Americas League,Regular Season: Week 3,"['C9 leaf', 'C9 Zellsis', 'C9 Xeppaa', 'C9 runi', 'C9 jakee']",Icebox,Fracture,Lotus,Haven,-,Lotus,Ascent,-,-,-,https://www.vlr.gg/183785/cloud9-vs-100-thieves-champions-tour-2023-americas-league-w3
100 Thieves,100T,0,Bo3,B,loss,"[['Lotus', 13, 5, 8], ['Ascent', 14, 4, 8]]",27,9,16,Champions Tour 2023: Americas League,Regular Season: Week 3,"['100T Derrek', '100T Asuna', '100T stellar', '100T Cryocells', '100T bang']",Pearl,Split,Ascent,Haven,-,Lotus,Ascent,-,-,-,https://www.vlr.gg/183785/cloud9-vs-100-thieves-champions-tour-2023-americas-league-w3
NRG,NRG,1,Bo3,A,loss,"[['Icebox', 13, 7, 6], ['Pearl', 14, 8, 4], ['Split', 16, 4, 8]]",43,19,18,Champions Tour 2023: Americas League,Regular Season: Week 3,"['NRG Victor', 'NRG s0m', 'NRG crashies', 'NRG ardiis', 'NRG FiNESSE']",Lotus,Fracture,Icebox,Split,-,Icebox,Pearl,Split,-,-,https://www.vlr.gg/183786/nrg-esports-vs-mibr-champions-tour-2023-americas-league-w3
MIBR,MIBR,2,Bo3,B,win,"[['Icebox', 10, 6, 4], ['Pearl', 16, 8, 4], ['Split', 14, 4, 8]]",40,18,16,Champions Tour 2023: Americas League,Regular Season: Week 3,"['MIBR murizzz', 'MIBR jzz', 'MIBR RgLMeister', 'MIBR frz', 'MIBR heat']",Ascent,Haven,Pearl,Split,-,Icebox,Pearl,Split,-,-,https://www.vlr.gg/183786/nrg-esports-vs-mibr-champions-tour-2023-americas-league-w3
LEVIATÁN,LEV,2,Bo3,B,win,"[['Split', 14, 7, 5], ['Ascent', 11, 5, 6], ['Pearl', 13, 3, 10]]",38,15,21,Champions Tour 2023: Americas League,Regular Season: Week 3,"['LEV Mazino', 'LEV kiNgg', 'LEV nzr', 'LEV Shyy', 'LEV Tacolilla']",Fracture,Lotus,Ascent,Pearl,-,Split,Ascent,Pearl,-,-,https://www.vlr.gg/183787/leviat-n-vs-sentinels-champions-tour-2023-americas-league-w3
Sentinels,SEN,1,Bo3,A,loss,"[['Split', 12, 7, 5], ['Ascent', 13, 6, 7], ['Pearl', 4, 2, 2]]",29,15,14,Champions Tour 2023: Americas League,Regular Season: Week 3,"['SEN zekken', 'SEN pANcada', 'SEN dephh', 'SEN Sacy', 'SEN TenZ']",Haven,Icebox,Split,Pearl,-,Split,Ascent,Pearl,-,-,https://www.vlr.gg/183787/leviat-n-vs-sentinels-champions-tour-2023-americas-league-w3
Evil Geniuses,EG,2,Bo3,A,win,"[['Pearl', 11, 9, 2], ['Ascent', 13, 4, 9], ['Fracture', 7, 5, 2]]",31,18,13,Champions Tour 2023: Americas League,Regular Season: Week 3,"['EG C0M', 'EG Demon1', 'EG Boostio', 'EG jawgemo', 'EG Ethan']",Icebox,Split,Pearl,Fracture,-,Pearl,Ascent,Fracture,-,-,https://www.vlr.gg/183788/evil-geniuses-vs-kr-esports-champions-tour-2023-americas-league-w3
KRÜ Esports,KRÜ,1,Bo3,B,loss,"[['Pearl', 13, 10, 3], ['Ascent', 11, 3, 8], ['Fracture', 13, 6, 7]]",37,19,18,Champions Tour 2023: Americas League,Regular Season: Week 3,"['KRÜ NagZ', 'KRÜ Melser', 'KRÜ Klaus', 'KRÜ keznit', 'KRÜ DaveeyS']",Haven,Lotus,Ascent,Fracture,-,Pearl,Ascent,Fracture,-,-,https://www.vlr.gg/183788/evil-geniuses-vs-kr-esports-champions-tour-2023-americas-league-w3
LOUD,LOUD,2,Bo3,A,win,"[['Split', 9, 3, 6], ['Icebox', 4, 0, 4]]",13,3,10,Champions Tour 2023: Americas League,Regular Season: Week 3,"['LOUD aspas', 'LOUD cauanzin', 'LOUD tuyz', 'LOUD Less', 'LOUD saadhak']",Fracture,Haven,Split,Ascent,-,Split,Icebox,-,-,-,https://www.vlr.gg/183789/loud-vs-furia-champions-tour-2023-americas-league-w3
FURIA,FUR,0,Bo3,B,loss,"[['Split', 13, 6, 7], ['Icebox', 13, 8, 5]]",26,14,12,Champions Tour 2023: Americas League,Regular Season: Week 3,"['FUR mazin', 'FUR Khalil', 'FUR dgzin', 'FUR ambitioN', 'FUR mwzera']",Pearl,Lotus,Icebox,Ascent,-,Split,Icebox,-,-,-,https://www.vlr.gg/183789/loud-vs-furia-champions-tour-2023-americas-league-w3
LOUD,LOUD,2,Bo3,A,win,"[['Pearl', 13, 7, 6], ['Haven', 11, 6, 5], ['Ascent', 8, 3, 5]]",32,16,16,Champions Tour 2023: Americas League,Regular Season: Week 4,"['LOUD aspas', 'LOUD cauanzin', 'LOUD Less', 'LOUD saadhak', 'LOUD tuyz']",Fracture,Lotus,Pearl,Ascent,-,Pearl,Haven,Ascent,-,-,https://www.vlr.gg/183791/loud-vs-sentinels-champions-tour-2023-americas-league-w4
Sentinels,SEN,1,Bo3,B,loss,"[['Pearl', 6, 1, 5], ['Haven', 13, 7, 6], ['Ascent', 13, 4, 9]]",32,12,20,Champions Tour 2023: Americas League,Regular Season: Week 4,"['SEN Sacy', 'SEN Marved', 'SEN zekken', 'SEN pANcada', 'SEN dephh']",Icebox,Split,Haven,Ascent,-,Pearl,Haven,Ascent,-,-,https://www.vlr.gg/183791/loud-vs-sentinels-champions-tour-2023-americas-league-w4
LEVIATÁN,LEV,2,Bo3,A,win,"[['Pearl', 4, 2, 2], ['Icebox', 3, 2, 1]]",7,4,3,Champions Tour 2023: Americas League,Regular Season: Week 4,"['LEV nzr', 'LEV Tacolilla', 'LEV Mazino', 'LEV Shyy', 'LEV kiNgg']",Fracture,Lotus,Pearl,Split,-,Pearl,Icebox,-,-,-,https://www.vlr.gg/183792/leviat-n-vs-mibr-champions-tour-2023-americas-league-w4
MIBR,MIBR,0,Bo3,B,loss,"[['Pearl', 13, 3, 10], ['Icebox', 13, 3, 10]]",26,6,20,Champions Tour 2023: Americas League,Regular Season: Week 4,"['MIBR heat', 'MIBR frz', 'MIBR RgLMeister', 'MIBR jzz', 'MIBR murizzz']",Ascent,Haven,Icebox,Split,-,Pearl,Icebox,-,-,-,https://www.vlr.gg/183792/leviat-n-vs-mibr-champions-tour-2023-americas-league-w4
KRÜ Esports,KRÜ,1,Bo3,A,loss,"[['Ascent', 4, 3, 1], ['Split', 13, 4, 9], ['Fracture', 13, 5, 8]]",30,12,18,Champions Tour 2023: Americas League,Regular Season: Week 4,"['KRÜ Melser', 'KRÜ keznit', 'KRÜ Klaus', 'KRÜ NagZ', 'KRÜ DaveeyS']",Icebox,Haven,Ascent,Fracture,-,Ascent,Split,Fracture,-,-,https://www.vlr.gg/183793/kr-esports-vs-100-thieves-champions-tour-2023-americas-league-w4
100 Thieves,100T,2,Bo3,B,win,"[['Ascent', 13, 4, 9], ['Split', 11, 3, 8], ['Fracture', 5, 4, 1]]",29,11,18,Champions Tour 2023: Americas League,Regular Season: Week 4,"['100T Cryocells', '100T Asuna', '100T bang', '100T stellar', '100T Derrek']",Pearl,Lotus,Split,Fracture,-,Ascent,Split,Fracture,-,-,https://www.vlr.gg/183793/kr-esports-vs-100-thieves-champions-tour-2023-americas-league-w4
Evil Geniuses,EG,1,Bo3,B,loss,"[['Ascent', 13, 5, 7], ['Fracture', 13, 8, 5], ['Haven', 10, 7, 3]]",36,20,15,Champions Tour 2023: Americas League,Regular Season: Week 4,"['EG Boostio', 'EG Ethan', 'EG jawgemo', 'EG Demon1', 'EG C0M']",Icebox,Split,Fracture,Haven,-,Ascent,Fracture,Haven,-,-,https://www.vlr.gg/183794/evil-geniuses-vs-furia-champions-tour-2023-americas-league-w4
FURIA,FUR,2,Bo3,A,win,"[['Ascent', 15, 5, 7], ['Fracture', 7, 3, 4], ['Haven', 13, 8, 5]]",35,16,16,Champions Tour 2023: Americas League,Regular Season: Week 4,"['FUR mwzera', 'FUR mazin', 'FUR ambitioN', 'FUR dgzin', 'FUR Khalil']",Lotus,Pearl,Ascent,Haven,-,Ascent,Fracture,Haven,-,-,https://www.vlr.gg/183794/evil-geniuses-vs-furia-champions-tour-2023-americas-league-w4
MIBR,MIBR,0,Bo3,B,loss,"[['Pearl', 5, 2, 3], ['Fracture', 6, 3, 3]]",11,5,6,Champions Tour 2023: Americas League,Regular Season: Week 4,"['MIBR jzz', 'MIBR RgLMeister', 'MIBR murizzz', 'MIBR heat', 'MIBR frz']",Ascent,Haven,Fracture,Lotus,-,Pearl,Fracture,-,-,-,https://www.vlr.gg/183796/mibr-vs-sentinels-champions-tour-2023-americas-league-w4
Sentinels,SEN,2,Bo3,A,win,"[['Pearl', 13, 9, 4], ['Fracture', 13, 9, 4]]",26,18,8,Champions Tour 2023: Americas League,Regular Season: Week 4,"['SEN Marved', 'SEN Sacy', 'SEN zekken', 'SEN dephh', 'SEN pANcada']",Icebox,Split,Pearl,Lotus,-,Pearl,Fracture,-,-,-,https://www.vlr.gg/183796/mibr-vs-sentinels-champions-tour-2023-americas-league-w4
LEVIATÁN,LEV,1,Bo3,B,loss,"[['Icebox', 15, 5, 7], ['Haven', 11, 5, 6], ['Lotus', 11, 7, 4]]",37,17,17,Champions Tour 2023: Americas League,Regular Season: Week 4,"['LEV kiNgg', 'LEV nzr', 'LEV Shyy', 'LEV Mazino', 'LEV Tacolilla']",Fracture,Split,Haven,Lotus,-,Icebox,Haven,Lotus,-,-,https://www.vlr.gg/183797/leviat-n-vs-100-thieves-champions-tour-2023-americas-league-w4
100 Thieves,100T,2,Bo3,A,win,"[['Icebox', 13, 5, 7], ['Haven', 13, 6, 7], ['Lotus', 13, 8, 5]]",39,19,19,Champions Tour 2023: Americas League,Regular Season: Week 4,"['100T bang', '100T Asuna', '100T Derrek', '100T Cryocells', '100T stellar']",Pearl,Ascent,Icebox,Lotus,-,Icebox,Haven,Lotus,-,-,https://www.vlr.gg/183797/leviat-n-vs-100-thieves-champions-tour-2023-americas-league-w4
Evil Geniuses,EG,1,Bo3,B,loss,"[['Split', 13, 9, 4], ['Haven', 10, 6, 4], ['Pearl', 0, 0, 0]]",23,15,8,Champions Tour 2023: Americas League,Regular Season: Week 4,"['EG Ethan', 'EG Boostio', 'EG Demon1', 'EG C0M', 'EG jawgemo']",Icebox,Ascent,Haven,Pearl,-,Split,Haven,Pearl,-,-,https://www.vlr.gg/183798/evil-geniuses-vs-loud-champions-tour-2023-americas-league-w4
LOUD,LOUD,2,Bo3,A,win,"[['Split', 3, 0, 3], ['Haven', 13, 8, 5], ['Pearl', 13, 12, 1]]",29,20,9,Champions Tour 2023: Americas League,Regular Season: Week 4,"['LOUD Less', 'LOUD aspas', 'LOUD saadhak', 'LOUD tuyz', 'LOUD cauanzin']",Fracture,Lotus,Split,Pearl,-,Split,Haven,Pearl,-,-,https://www.vlr.gg/183798/evil-geniuses-vs-loud-champions-tour-2023-americas-league-w4
Cloud9,C9,2,Bo3,B,win,"[['Ascent', 13, 5, 8], ['Fracture', 13, 7, 6]]",26,12,14,Champions Tour 2023: Americas League,Regular Season: Week 4,"['C9 leaf', 'C9 jakee', 'C9 Xeppaa', 'C9 runi', 'C9 Zellsis']",Icebox,Haven,Fracture,Pearl,-,Ascent,Fracture,-,-,-,https://www.vlr.gg/183799/cloud9-vs-furia-champions-tour-2023-americas-league-w4
FURIA,FUR,0,Bo3,A,loss,"[['Ascent', 8, 4, 4], ['Fracture', 9, 6, 3]]",17,10,7,Champions Tour 2023: Americas League,Regular Season: Week 4,"['FUR Khalil', 'FUR mwzera', 'FUR dgzin', 'FUR ambitioN', 'FUR mazin']",Lotus,Split,Ascent,Pearl,-,Ascent,Fracture,-,-,-,https://www.vlr.gg/183799/cloud9-vs-furia-champions-tour-2023-americas-league-w4
NRG,NRG,2,Bo3,A,win,"[['Haven', 10, 6, 4], ['Ascent', 4, 3, 1]]",14,9,5,Champions Tour 2023: Americas League,Regular Season: Week 4,"['NRG s0m', 'NRG ardiis', 'NRG Victor', 'NRG FiNESSE', 'NRG crashies']",Split,Fracture,Haven,Pearl,-,Haven,Ascent,-,-,-,https://www.vlr.gg/183800/nrg-esports-vs-kr-esports-champions-tour-2023-americas-league-w4
KRÜ Esports,KRÜ,0,Bo3,B,loss,"[['Haven', 13, 8, 5], ['Ascent', 13, 4, 9]]",26,12,14,Champions Tour 2023: Americas League,Regular Season: Week 4,"['KRÜ keznit', 'KRÜ DaveeyS', 'KRÜ NagZ', 'KRÜ Melser', 'KRÜ Klaus']",Icebox,Lotus,Ascent,Pearl,-,Haven,Ascent,-,-,-,https://www.vlr.gg/183800/nrg-esports-vs-kr-esports-champions-tour-2023-americas-league-w4
NRG,NRG,2,Bo3,A,win,"[['Bind', 7, 5, 2], ['Fracture', 3, 2, 1]]",10,7,3,Champions Tour 2023: Americas League,Regular Season: Week 5,"['NRG crashies', 'NRG s0m', 'NRG Victor', 'NRG ardiis', 'NRG FiNESSE']",Split,Ascent,Bind,Lotus,-,Bind,Fracture,-,-,-,https://www.vlr.gg/183801/nrg-esports-vs-100-thieves-champions-tour-2023-americas-league-w5
100 Thieves,100T,0,Bo3,B,loss,"[['Bind', 13, 6, 7], ['Fracture', 13, 11, 2]]",26,17,9,Champions Tour 2023: Americas League,Regular Season: Week 5,"['100T Cryocells', '100T Derrek', '100T Asuna', '100T stellar', '100T bang']",Pearl,Haven,Fracture,Lotus,-,Bind,Fracture,-,-,-,https://www.vlr.gg/183801/nrg-esports-vs-100-thieves-champions-tour-2023-americas-league-w5
MIBR,MIBR,0,Bo3,B,loss,"[['Pearl', 11, 8, 3], ['Split', 7, 2, 5]]",18,10,8,Champions Tour 2023: Americas League,Regular Season: Week 5,"['MIBR frz', 'MIBR heat', 'MIBR RgLMeister', 'MIBR murizzz', 'MIBR jzz']",Ascent,Bind,Split,Haven,-,Pearl,Split,-,-,-,https://www.vlr.gg/183802/mibr-vs-furia-champions-tour-2023-americas-league-w5
FURIA,FUR,2,Bo3,A,win,"[['Pearl', 13, 9, 4], ['Split', 13, 3, 10]]",26,12,14,Champions Tour 2023: Americas League,Regular Season: Week 5,"['FUR dgzin', 'FUR mazin', 'FUR Khalil', 'FUR mwzera', 'FUR ambitioN']",Lotus,Fracture,Pearl,Haven,-,Pearl,Split,-,-,-,https://www.vlr.gg/183802/mibr-vs-furia-champions-tour-2023-americas-league-w5
Cloud9,C9,2,Bo3,B,win,"[['Lotus', 13, 4, 9], ['Fracture', 13, 2, 11]]",26,6,20,Champions Tour 2023: Americas League,Regular Season: Week 5,"['C9 leaf', 'C9 jakee', 'C9 Zellsis', 'C9 Xeppaa', 'C9 runi']",Pearl,Ascent,Fracture,Haven,-,Lotus,Fracture,-,-,-,https://www.vlr.gg/183803/cloud9-vs-sentinels-champions-tour-2023-americas-league-w5
Sentinels,SEN,0,Bo3,A,loss,"[['Lotus', 4, 3, 1], ['Fracture', 6, 1, 5]]",10,4,6,Champions Tour 2023: Americas League,Regular Season: Week 5,"['SEN Marved', 'SEN pANcada', 'SEN dephh', 'SEN Sacy', 'SEN zekken']",Split,Bind,Lotus,Haven,-,Lotus,Fracture,-,-,-,https://www.vlr.gg/183803/cloud9-vs-sentinels-champions-tour-2023-americas-league-w5
LEVIATÁN,LEV,1,Bo3,B,loss,"[['Split', 10, 2, 8], ['Pearl', 13, 7, 6], ['Ascent', 10, 3, 7]]",33,12,21,Champions Tour 2023: Americas League,Regular Season: Week 5,"['LEV nzr', 'LEV kiNgg', 'LEV Mazino', 'LEV Tacolilla', 'LEV Shyy']",Fracture,Lotus,Pearl,Ascent,-,Split,Pearl,Ascent,-,-,https://www.vlr.gg/183804/leviat-n-vs-evil-geniuses-champions-tour-2023-americas-league-w5
Evil Geniuses,EG,2,Bo3,A,win,"[['Split', 13, 4, 9], ['Pearl', 10, 6, 4], ['Ascent', 13, 4, 9]]",36,14,22,Champions Tour 2023: Americas League,Regular Season: Week 5,"['EG Demon1', 'EG C0M', 'EG Boostio', 'EG Ethan', 'EG jawgemo']",Bind,Haven,Split,Ascent,-,Split,Pearl,Ascent,-,-,https://www.vlr.gg/183804/leviat-n-vs-evil-geniuses-champions-tour-2023-americas-league-w5
LOUD,LOUD,2,Bo3,A,win,"[['Pearl', 13, 9, 4], ['Ascent', 11, 3, 8], ['Split', 10, 6, 4]]",34,18,16,Champions Tour 2023: Americas League,Regular Season: Week 5,"['LOUD aspas', 'LOUD Less', 'LOUD cauanzin', 'LOUD tuyz', 'LOUD saadhak']",Fracture,Bind,Pearl,Split,-,Pearl,Ascent,Split,-,-,https://www.vlr.gg/183805/loud-vs-kr-esports-champions-tour-2023-americas-league-w5
KRÜ Esports,KRÜ,1,Bo3,B,loss,"[['Pearl', 10, 8, 2], ['Ascent', 13, 4, 9], ['Split', 13, 8, 5]]",36,20,16,Champions Tour 2023: Americas League,Regular Season: Week 5,"['KRÜ Melser', 'KRÜ NagZ', 'KRÜ keznit', 'KRÜ axeddy', 'KRÜ Klaus']",Lotus,Haven,Ascent,Split,-,Pearl,Ascent,Split,-,-,https://www.vlr.gg/183805/loud-vs-kr-esports-champions-tour-2023-americas-league-w5
Evil Geniuses,EG,2,Bo3,A,win,"[['Fracture', 6, 3, 3], ['Pearl', 5, 3, 2]]",11,6,5,Champions Tour 2023: Americas League,Regular Season: Week 6,"['EG Ethan', 'EG C0M', 'EG jawgemo', 'EG Demon1', 'EG Boostio']",Haven,Bind,Fracture,Ascent,-,Fracture,Pearl,-,-,-,https://www.vlr.gg/183807/evil-geniuses-vs-sentinels-champions-tour-2023-americas-league-w6
Sentinels,SEN,0,Bo3,B,loss,"[['Fracture', 13, 4, 9], ['Pearl', 13, 10, 3]]",26,14,12,Champions Tour 2023: Americas League,Regular Season: Week 6,"['SEN zekken', 'SEN pANcada', 'SEN Sacy', 'SEN dephh', 'SEN Marved']",Split,Lotus,Pearl,Ascent,-,Fracture,Pearl,-,-,-,https://www.vlr.gg/183807/evil-geniuses-vs-sentinels-champions-tour-2023-americas-league-w6
Cloud9,C9,2,Bo3,A,win,"[['Split', 5, 0, 5], ['Lotus', 4, 4, 0]]",9,4,5,Champions Tour 2023: Americas League,Regular Season: Week 6,"['C9 leaf', 'C9 Zellsis', 'C9 Xeppaa', 'C9 runi', 'C9 jakee']",Pearl,Haven,Split,Bind,-,Split,Lotus,-,-,-,https://www.vlr.gg/183808/cloud9-vs-mibr-champions-tour-2023-americas-league-w6
MIBR,MIBR,0,Bo3,B,loss,"[['Split', 13, 7, 6], ['Lotus', 13, 5, 8]]",26,12,14,Champions Tour 2023: Americas League,Regular Season: Week 6,"['MIBR frz', 'MIBR RgLMeister', 'MIBR jzz', 'MIBR heat', 'MIBR murizzz']",Ascent,Fracture,Lotus,Bind,-,Split,Lotus,-,-,-,https://www.vlr.gg/183808/cloud9-vs-mibr-champions-tour-2023-americas-league-w6
LOUD,LOUD,2,Bo3,A,win,"[['Ascent', 5, 1, 4], ['Split', 13, 6, 6]]",18,7,10,Champions Tour 2023: Americas League,Regular Season: Week 6,"['LOUD aspas', 'LOUD Less', 'LOUD tuyz', 'LOUD cauanzin', 'LOUD saadhak']",Fracture,Lotus,Ascent,Haven,-,Ascent,Split,-,-,-,https://www.vlr.gg/183809/loud-vs-100-thieves-champions-tour-2023-americas-league-w6
100 Thieves,100T,0,Bo3,B,loss,"[['Ascent', 13, 8, 5], ['Split', 15, 6, 6]]",28,14,11,Champions Tour 2023: Americas League,Regular Season: Week 6,"['100T Cryocells', '100T Asuna', '100T Derrek', '100T bang', '100T stellar']",Pearl,Bind,Split,Haven,-,Ascent,Split,-,-,-,https://www.vlr.gg/183809/loud-vs-100-thieves-champions-tour-2023-americas-league-w6
LEVIATÁN,LEV,2,Bo3,A,win,"[['Haven', 4, 3, 1], ['Split', 4, 3, 1]]",8,6,2,Champions Tour 2023: Americas League,Regular Season: Week 6,"['LEV Mazino', 'LEV kiNgg', 'LEV nzr', 'LEV Tacolilla', 'LEV Shyy']",Fracture,Bind,Haven,Pearl,-,Haven,Split,-,-,-,https://www.vlr.gg/183810/leviat-n-vs-kr-esports-champions-tour-2023-americas-league-w6
KRÜ Esports,KRÜ,0,Bo3,B,loss,"[['Haven', 13, 11, 2], ['Split', 13, 4, 9]]",26,15,11,Champions Tour 2023: Americas League,Regular Season: Week 6,"['KRÜ Klaus', 'KRÜ NagZ', 'KRÜ keznit', 'KRÜ axeddy', 'KRÜ Melser']",Lotus,Ascent,Split,Pearl,-,Haven,Split,-,-,-,https://www.vlr.gg/183810/leviat-n-vs-kr-esports-champions-tour-2023-americas-league-w6
NRG,NRG,2,Bo3,A,win,"[['Bind', 11, 9, 2], ['Haven', 13, 7, 6], ['Pearl', 6, 2, 4]]",30,18,12,Champions Tour 2023: Americas League,Regular Season: Week 6,"['NRG s0m', 'NRG Victor', 'NRG crashies', 'NRG ardiis', 'NRG FiNESSE']",Ascent,Fracture,Bind,Pearl,-,Bind,Haven,Pearl,-,-,https://www.vlr.gg/183811/nrg-esports-vs-furia-champions-tour-2023-americas-league-w6
FURIA,FUR,1,Bo3,B,loss,"[['Bind', 13, 10, 3], ['Haven', 11, 6, 5], ['Pearl', 13, 8, 5]]",37,24,13,Champions Tour 2023: Americas League,Regular Season: Week 6,"['FUR dgzin', 'FUR mwzera', 'FUR mazin', 'FUR ambitioN', 'FUR Khalil']",Lotus,Split,Haven,Pearl,-,Bind,Haven,Pearl,-,-,https://www.vlr.gg/183811/nrg-esports-vs-furia-champions-tour-2023-americas-league-w6
FURIA,FUR,1,Bo3,A,loss,"[['Pearl', 10, 5, 5], ['Fracture', 13, 10, 3], ['Haven', 13, 6, 7]]",36,21,15,Champions Tour 2023: Americas League,Regular Season: Week 7,"['FUR Khalil', 'FUR dgzin', 'FUR ambitioN', 'FUR mwzera', 'FUR mazin']",Lotus,Split,Pearl,Haven,-,Pearl,Fracture,Haven,-,-,https://www.vlr.gg/183812/furia-vs-100-thieves-champions-tour-2023-americas-league-w7
100 Thieves,100T,2,Bo3,B,win,"[['Pearl', 13, 6, 7], ['Fracture', 7, 5, 2], ['Haven', 11, 5, 6]]",31,16,15,Champions Tour 2023: Americas League,Regular Season: Week 7,"['100T Cryocells', '100T bang', '100T Derrek', '100T Asuna', '100T stellar']",Ascent,Bind,Fracture,Haven,-,Pearl,Fracture,Haven,-,-,https://www.vlr.gg/183812/furia-vs-100-thieves-champions-tour-2023-americas-league-w7
Evil Geniuses,EG,2,Bo3,B,win,"[['Lotus', 13, 3, 10], ['Fracture', 13, 5, 8]]",26,8,18,Champions Tour 2023: Americas League,Regular Season: Week 7,"['EG Ethan', 'EG Demon1', 'EG jawgemo', 'EG C0M', 'EG Boostio']",Haven,Bind,Fracture,Ascent,-,Lotus,Fracture,-,-,-,https://www.vlr.gg/183813/evil-geniuses-vs-mibr-champions-tour-2023-americas-league-w7
MIBR,MIBR,0,Bo3,A,loss,"[['Lotus', 2, 2, 0], ['Fracture', 5, 4, 1]]",7,6,1,Champions Tour 2023: Americas League,Regular Season: Week 7,"['MIBR frz', 'MIBR RgLMeister', 'MIBR TxoziN', 'MIBR jzz', 'MIBR murizzz']",Split,Pearl,Lotus,Ascent,-,Lotus,Fracture,-,-,-,https://www.vlr.gg/183813/evil-geniuses-vs-mibr-champions-tour-2023-americas-league-w7
KRÜ Esports,KRÜ,0,Bo3,B,loss,"[['Lotus', 12, 6, 6], ['Bind', 10, 4, 6]]",22,10,12,Champions Tour 2023: Americas League,Regular Season: Week 7,"['KRÜ DaveeyS', 'KRÜ keznit', 'KRÜ Klaus', 'KRÜ axeddy', 'KRÜ Melser']",Fracture,Split,Bind,Pearl,-,Lotus,Bind,-,-,-,https://www.vlr.gg/183814/kr-esports-vs-sentinels-champions-tour-2023-americas-league-w7
Sentinels,SEN,2,Bo3,A,win,"[['Lotus', 14, 6, 6], ['Bind', 13, 5, 8]]",27,11,14,Champions Tour 2023: Americas League,Regular Season: Week 7,"['SEN zekken', 'SEN pANcada', 'SEN TenZ', 'SEN Marved', 'SEN Sacy']",Ascent,Haven,Lotus,Pearl,-,Lotus,Bind,-,-,-,https://www.vlr.gg/183814/kr-esports-vs-sentinels-champions-tour-2023-americas-league-w7
NRG,NRG,2,Bo3,B,win,"[['Split', 13, 9, 4], ['Pearl', 13, 7, 6]]",26,16,10,Champions Tour 2023: Americas League,Regular Season: Week 7,"['NRG Victor', 'NRG ardiis', 'NRG crashies', 'NRG s0m', 'NRG FiNESSE']",Ascent,Lotus,Pearl,Haven,-,Split,Pearl,-,-,-,https://www.vlr.gg/183815/nrg-esports-vs-loud-champions-tour-2023-americas-league-w7
LOUD,LOUD,0,Bo3,A,loss,"[['Split', 5, 2, 3], ['Pearl', 9, 6, 3]]",14,8,6,Champions Tour 2023: Americas League,Regular Season: Week 7,"['LOUD Less', 'LOUD saadhak', 'LOUD cauanzin', 'LOUD tuyz', 'LOUD aspas']",Bind,Fracture,Split,Haven,-,Split,Pearl,-,-,-,https://www.vlr.gg/183815/nrg-esports-vs-loud-champions-tour-2023-americas-league-w7
LEVIATÁN,LEV,0,Bo3,B,loss,"[['Lotus', 7, 4, 3], ['Haven', 4, 2, 2]]",11,6,5,Champions Tour 2023: Americas League,Regular Season: Week 7,"['LEV nzr', 'LEV kiNgg', 'LEV Shyy', 'LEV Mazino', 'LEV Tacolilla']",Fracture,Ascent,Haven,Bind,-,Lotus,Haven,-,-,-,https://www.vlr.gg/183816/leviat-n-vs-cloud9-champions-tour-2023-americas-league-w7
Cloud9,C9,2,Bo3,A,win,"[['Lotus', 13, 9, 4], ['Haven', 13, 10, 3]]",26,19,7,Champions Tour 2023: Americas League,Regular Season: Week 7,"['C9 runi', 'C9 leaf', 'C9 Zellsis', 'C9 jakee', 'C9 Xeppaa']",Pearl,Split,Lotus,Bind,-,Lotus,Haven,-,-,-,https://www.vlr.gg/183816/leviat-n-vs-cloud9-champions-tour-2023-americas-league-w7
Sentinels,SEN,2,Bo3,A,win,"[['Split', 7, 4, 3], ['Haven', 13, 8, 5], ['Bind', 17, 6, 6]]",37,18,14,Champions Tour 2023: Americas League,Regular Season: Week 8,"['SEN TenZ', 'SEN zekken', 'SEN Sacy', 'SEN Marved', 'SEN pANcada']",Ascent,Fracture,Split,Bind,-,Split,Haven,Bind,-,-,https://www.vlr.gg/184032/sentinels-vs-furia-champions-tour-2023-americas-league-w8
FURIA,FUR,1,Bo3,B,loss,"[['Split', 13, 9, 4], ['Haven', 5, 1, 4], ['Bind', 19, 6, 6]]",37,16,14,Champions Tour 2023: Americas League,Regular Season: Week 8,"['FUR dgzin', 'FUR ambitioN', 'FUR mwzera', 'FUR Khalil', 'FUR mazin']",Lotus,Pearl,Haven,Bind,-,Split,Haven,Bind,-,-,https://www.vlr.gg/184032/sentinels-vs-furia-champions-tour-2023-americas-league-w8
NRG,NRG,2,Bo3,A,win,"[['Bind', 9, 1, 8], ['Split', 7, 2, 5]]",16,3,13,Champions Tour 2023: Americas League,Regular Season: Week 8,"['NRG crashies', 'NRG s0m', 'NRG FiNESSE', 'NRG Victor', 'NRG ardiis']",Fracture,Lotus,Bind,Ascent,-,Bind,Split,-,-,-,https://www.vlr.gg/184033/nrg-esports-vs-evil-geniuses-champions-tour-2023-americas-league-w8
Evil Geniuses,EG,0,Bo3,B,loss,"[['Bind', 13, 4, 9], ['Split', 13, 7, 6]]",26,11,15,Champions Tour 2023: Americas League,Regular Season: Week 8,"['EG Boostio', 'EG C0M', 'EG Demon1', 'EG jawgemo', 'EG Ethan']",Haven,Pearl,Split,Ascent,-,Bind,Split,-,-,-,https://www.vlr.gg/184033/nrg-esports-vs-evil-geniuses-champions-tour-2023-americas-league-w8
Cloud9,C9,2,Bo3,A,win,"[['Lotus', 13, 9, 3], ['Ascent', 13, 6, 7], ['Split', 9, 5, 4]]",35,20,14,Champions Tour 2023: Americas League,Regular Season: Week 8,"['C9 Xeppaa', 'C9 runi', 'C9 Zellsis', 'C9 jakee', 'C9 leaf']",Pearl,Bind,Lotus,Split,-,Lotus,Ascent,Split,-,-,https://www.vlr.gg/184034/cloud9-vs-kr-esports-champions-tour-2023-americas-league-w8
KRÜ Esports,KRÜ,1,Bo3,B,loss,"[['Lotus', 15, 9, 3], ['Ascent', 6, 0, 6], ['Split', 13, 8, 5]]",34,17,14,Champions Tour 2023: Americas League,Regular Season: Week 8,"['KRÜ keznit', 'KRÜ DaveeyS', 'KRÜ Melser', 'KRÜ NagZ', 'KRÜ Klaus']",Fracture,Haven,Ascent,Split,-,Lotus,Ascent,Split,-,-,https://www.vlr.gg/184034/cloud9-vs-kr-esports-champions-tour-2023-americas-league-w8
LEVIATÁN,LEV,0,Bo3,A,loss,"[['Haven', 13, 8, 5], ['Ascent', 13, 9, 4]]",26,17,9,Champions Tour 2023: Americas League,Regular Season: Week 8,"['LEV nzr', 'LEV Shyy', 'LEV kiNgg', 'LEV Mazino', 'LEV Tacolilla']",Fracture,Bind,Haven,Lotus,-,Haven,Ascent,-,-,-,https://www.vlr.gg/184035/leviat-n-vs-loud-champions-tour-2023-americas-league-w8
LOUD,LOUD,2,Bo3,B,win,"[['Haven', 7, 3, 4], ['Ascent', 5, 2, 3]]",12,5,7,Champions Tour 2023: Americas League,Regular Season: Week 8,"['LOUD saadhak', 'LOUD aspas', 'LOUD tuyz', 'LOUD Less', 'LOUD cauanzin']",Pearl,Split,Ascent,Lotus,-,Haven,Ascent,-,-,-,https://www.vlr.gg/184035/leviat-n-vs-loud-champions-tour-2023-americas-league-w8
MIBR,MIBR,2,Bo3,B,win,"[['Fracture', 13, 8, 5], ['Pearl', 12, 4, 8], ['Lotus', 13, 6, 7]]",38,18,20,Champions Tour 2023: Americas League,Regular Season: Week 8,"['MIBR RgLMeister', 'MIBR TxoziN', 'MIBR frz', 'MIBR murizzz', 'MIBR jzz']",Split,Haven,Pearl,Lotus,-,Fracture,Pearl,Lotus,-,-,https://www.vlr.gg/184036/mibr-vs-100-thieves-champions-tour-2023-americas-league-w8
100 Thieves,100T,1,Bo3,A,loss,"[['Fracture', 6, 2, 4], ['Pearl', 14, 4, 8], ['Lotus', 7, 5, 2]]",27,11,14,Champions Tour 2023: Americas League,Regular Season: Week 8,"['100T Cryocells', '100T Asuna', '100T Derrek', '100T bang', '100T stellar']",Ascent,Bind,Fracture,Lotus,-,Fracture,Pearl,Lotus,-,-,https://www.vlr.gg/184036/mibr-vs-100-thieves-champions-tour-2023-americas-league-w8
LEVIATÁN,LEV,1,Bo3,B,loss,"[['Ascent', 5, 1, 4], ['Pearl', 20, 8, 4], ['Bind', 6, 1, 5]]",31,10,13,Champions Tour 2023: Americas League,Playoffs: Upper Round 1,"['LEV kiNgg', 'LEV nzr', 'LEV Tacolilla', 'LEV Shyy', 'LEV Mazino']",Haven,Split,Pearl,Bind,-,Ascent,Pearl,Bind,-,-,https://www.vlr.gg/189050/leviat-n-vs-furia-champions-tour-2023-americas-league-ur1
FURIA,FUR,2,Bo3,A,win,"[['Ascent', 13, 8, 5], ['Pearl', 18, 8, 4], ['Bind', 13, 7, 6]]",44,23,15,Champions Tour 2023: Americas League,Playoffs: Upper Round 1,"['FUR Khalil', 'FUR mwzera', 'FUR dgzin', 'FUR mazin', 'FUR ambitioN']",Lotus,Fracture,Ascent,Bind,-,Ascent,Pearl,Bind,-,-,https://www.vlr.gg/189050/leviat-n-vs-furia-champions-tour-2023-americas-league-ur1
NRG,NRG,1,Bo3,A,loss,"[['Haven', 11, 5, 6], ['Split', 15, 4, 8], ['Ascent', 13, 7, 6]]",39,16,20,Champions Tour 2023: Americas League,Playoffs: Upper Round 1,"['NRG crashies', 'NRG s0m', 'NRG ardiis', 'NRG Victor', 'NRG FiNESSE']",Fracture,Lotus,Haven,Ascent,-,Haven,Split,Ascent,-,-,https://www.vlr.gg/189051/nrg-esports-vs-evil-geniuses-champions-tour-2023-americas-league-ur1
Evil Geniuses,EG,2,Bo3,B,win,"[['Haven', 13, 6, 7], ['Split', 13, 4, 8], ['Ascent', 7, 2, 5]]",33,12,20,Champions Tour 2023: Americas League,Playoffs: Upper Round 1,"['EG Demon1', 'EG Boostio', 'EG C0M', 'EG Ethan', 'EG jawgemo']",Bind,Pearl,Split,Ascent,-,Haven,Split,Ascent,-,-,https://www.vlr.gg/189051/nrg-esports-vs-evil-geniuses-champions-tour-2023-americas-league-ur1
LOUD,LOUD,2,Bo3,B,win,"[['Haven', 13, 9, 4], ['Ascent', 13, 9, 4]]",26,18,8,Champions Tour 2023: Americas League,Playoffs: Upper Semifinals,"['LOUD Less', 'LOUD saadhak', 'LOUD cauanzin', 'LOUD aspas', 'LOUD tuyz']",Pearl,Split,Ascent,Bind,-,Haven,Ascent,-,-,-,https://www.vlr.gg/189052/loud-vs-furia-champions-tour-2023-americas-league-ubsf
FURIA,FUR,0,Bo3,A,loss,"[['Haven', 4, 1, 3], ['Ascent', 5, 2, 3]]",9,3,6,Champions Tour 2023: Americas League,Playoffs: Upper Semifinals,"['FUR mazin', 'FUR ambitioN', 'FUR mwzera', 'FUR Khalil', 'FUR dgzin']",Lotus,Fracture,Haven,Bind,-,Haven,Ascent,-,-,-,https://www.vlr.gg/189052/loud-vs-furia-champions-tour-2023-americas-league-ubsf
Cloud9,C9,0,Bo3,B,loss,"[['Fracture', 5, 4, 1], ['Bind', 2, 2, 0]]",7,6,1,Champions Tour 2023: Americas League,Playoffs: Upper Semifinals,"['C9 Xeppaa', 'C9 Zellsis', 'C9 jakee', 'C9 leaf', 'C9 runi']",Split,Pearl,Bind,Ascent,-,Fracture,Bind,-,-,-,https://www.vlr.gg/189053/cloud9-vs-evil-geniuses-champions-tour-2023-americas-league-ubsf
Evil Geniuses,EG,2,Bo3,A,win,"[['Fracture', 13, 5, 8], ['Bind', 13, 3, 10]]",26,8,18,Champions Tour 2023: Americas League,Playoffs: Upper Semifinals,"['EG jawgemo', 'EG Demon1', 'EG Ethan', 'EG Boostio', 'EG C0M']",Lotus,Haven,Fracture,Ascent,-,Fracture,Bind,-,-,-,https://www.vlr.gg/189053/cloud9-vs-evil-geniuses-champions-tour-2023-americas-league-ubsf
FURIA,FUR,0,Bo3,B,loss,"[['Bind', 9, 2, 7], ['Haven', 10, 3, 7]]",19,5,14,Champions Tour 2023: Americas League,Playoffs: Lower Round 1,"['FUR ambitioN', 'FUR Khalil', 'FUR dgzin', 'FUR mwzera', 'FUR mazin']",Lotus,Pearl,Haven,Split,-,Bind,Haven,-,-,-,https://www.vlr.gg/189057/furia-vs-nrg-esports-champions-tour-2023-americas-league-lr1
NRG,NRG,2,Bo3,A,win,"[['Bind', 13, 3, 10], ['Haven', 13, 5, 8]]",26,8,18,Champions Tour 2023: Americas League,Playoffs: Lower Round 1,"['NRG crashies', 'NRG Victor', 'NRG s0m', 'NRG ardiis', 'NRG FiNESSE']",Ascent,Fracture,Bind,Split,-,Bind,Haven,-,-,-,https://www.vlr.gg/189057/furia-vs-nrg-esports-champions-tour-2023-americas-league-lr1
Cloud9,C9,2,Bo3,B,win,"[['Haven', 13, 9, 4], ['Lotus', 10, 6, 4], ['Ascent', 13, 8, 5]]",36,23,13,Champions Tour 2023: Americas League,Playoffs: Lower Round 1,"['C9 jakee', 'C9 Xeppaa', 'C9 Zellsis', 'C9 runi', 'C9 leaf']",Pearl,Bind,Lotus,Ascent,-,Haven,Lotus,Ascent,-,-,https://www.vlr.gg/189056/cloud9-vs-leviat-n-champions-tour-2023-americas-league-lr1
LEVIATÁN,LEV,1,Bo3,A,loss,"[['Haven', 8, 5, 3], ['Lotus', 13, 7, 6], ['Ascent', 4, 0, 4]]",25,12,13,Champions Tour 2023: Americas League,Playoffs: Lower Round 1,"['LEV kiNgg', 'LEV Shyy', 'LEV nzr', 'LEV Tacolilla', 'LEV Mazino']",Fracture,Split,Haven,Ascent,-,Haven,Lotus,Ascent,-,-,https://www.vlr.gg/189056/cloud9-vs-leviat-n-champions-tour-2023-americas-league-lr1
LOUD,LOUD,2,Bo3,B,win,"[['Fracture', 13, 7, 6], ['Ascent', 11, 7, 4], ['Bind', 13, 10, 3]]",37,24,13,Champions Tour 2023: Americas League,Playoffs: Upper Final,"['LOUD Less', 'LOUD aspas', 'LOUD cauanzin', 'LOUD tuyz', 'LOUD saadhak']",Pearl,Split,Ascent,Bind,-,Fracture,Ascent,Bind,-,-,https://www.vlr.gg/189054/loud-vs-evil-geniuses-champions-tour-2023-americas-league-ubf
Evil Geniuses,EG,1,Bo3,A,loss,"[['Fracture', 9, 4, 5], ['Ascent', 13, 8, 5], ['Bind', 3, 1, 2]]",25,13,12,Champions Tour 2023: Americas League,Playoffs: Upper Final,"['EG Demon1', 'EG jawgemo', 'EG C0M', 'EG Ethan', 'EG Boostio']",Haven,Lotus,Fracture,Bind,-,Fracture,Ascent,Bind,-,-,https://www.vlr.gg/189054/loud-vs-evil-geniuses-champions-tour-2023-americas-league-ubf
Cloud9,C9,1,Bo3,B,loss,"[['Pearl', 13, 5, 8], ['Lotus', 9, 4, 5], ['Haven', 12, 6, 6]]",34,15,19,Champions Tour 2023: Americas League,Playoffs: Lower Round 2,"['C9 Zellsis', 'C9 leaf', 'C9 Xeppaa', 'C9 jakee', 'C9 runi']",Bind,Split,Lotus,Haven,-,Pearl,Lotus,Haven,-,-,https://www.vlr.gg/189058/cloud9-vs-nrg-esports-champions-tour-2023-americas-league-lr2
NRG,NRG,2,Bo3,A,win,"[['Pearl', 10, 3, 7], ['Lotus', 13, 7, 6], ['Haven', 14, 6, 6]]",37,16,19,Champions Tour 2023: Americas League,Playoffs: Lower Round 2,"['NRG crashies', 'NRG ardiis', 'NRG s0m', 'NRG FiNESSE', 'NRG Victor']",Ascent,Fracture,Pearl,Haven,-,Pearl,Lotus,Haven,-,-,https://www.vlr.gg/189058/cloud9-vs-nrg-esports-champions-tour-2023-americas-league-lr2
Evil Geniuses,EG,1,Bo5,B,loss,"[['Haven', 13, 6, 7], ['Ascent', 8, 3, 5], ['Lotus', 10, 3, 7], ['Split', 4, 3, 1]]",35,15,20,Champions Tour 2023: Americas League,Playoffs: Lower Final,"['EG Ethan', 'EG C0M', 'EG Demon1', 'EG Boostio', 'EG jawgemo']",Bind,-,Ascent,Split,Pearl,Haven,Ascent,Lotus,Split,-,https://www.vlr.gg/189059/evil-geniuses-vs-nrg-esports-champions-tour-2023-americas-league-lbf
NRG,NRG,3,Bo5,A,win,"[['Haven', 11, 5, 6], ['Ascent', 13, 4, 9], ['Lotus', 13, 5, 8], ['Split', 13, 11, 2]]",50,25,25,Champions Tour 2023: Americas League,Playoffs: Lower Final,"['NRG Victor', 'NRG s0m', 'NRG ardiis', 'NRG crashies', 'NRG FiNESSE']",Fracture,-,Haven,Lotus,Pearl,Haven,Ascent,Lotus,Split,-,https://www.vlr.gg/189059/evil-geniuses-vs-nrg-esports-champions-tour-2023-americas-league-lbf
LOUD,LOUD,3,Bo5,A,win,"[['Ascent', 9, 2, 7], ['Bind', 11, 6, 5], ['Fracture', 11, 7, 4]]",31,15,16,Champions Tour 2023: Americas League,Playoffs: Grand Final,"['LOUD saadhak', 'LOUD aspas', 'LOUD tuyz', 'LOUD cauanzin', 'LOUD Less']",Pearl,Split,Ascent,Fracture,Haven,Ascent,Bind,Fracture,-,-,https://www.vlr.gg/189055/loud-vs-nrg-esports-champions-tour-2023-americas-league-gf
NRG,NRG,0,Bo5,B,loss,"[['Ascent', 13, 5, 8], ['Bind', 13, 7, 6], ['Fracture', 13, 8, 5]]",39,20,19,Champions Tour 2023: Americas League,Playoffs: Grand Final,"['NRG s0m', 'NRG crashies', 'NRG ardiis', 'NRG Victor', 'NRG FiNESSE']",-,-,Bind,Lotus,Haven,Ascent,Bind,Fracture,-,-,https://www.vlr.gg/189055/loud-vs-nrg-esports-champions-tour-2023-americas-league-gf
KOI,MKOI,2,Bo3,B,win,"[['Ascent', 13, 5, 8], ['Lotus', 20, 3, 9]]",33,8,17,Champions Tour 2023: EMEA League,Regular Season: Week 1,"['MKOI sheydos', 'MKOI starxo', 'MKOI trexx', 'MKOI Wolfen', 'MKOI koldamenta']",Pearl,Fracture,Lotus,Split,-,Ascent,Lotus,-,-,-,https://www.vlr.gg/173215/koi-vs-natus-vincere-champions-tour-2023-emea-league-w1
Natus Vincere,NAVI,0,Bo3,A,loss,"[['Ascent', 7, 4, 3], ['Lotus', 18, 3, 9]]",25,7,12,Champions Tour 2023: EMEA League,Regular Season: Week 1,"['NAVI cNed', 'NAVI SUYGETSU', 'NAVI Shao', 'NAVI ANGE1', 'NAVI Zyppan']",Haven,Icebox,Ascent,Split,-,Ascent,Lotus,-,-,-,https://www.vlr.gg/173215/koi-vs-natus-vincere-champions-tour-2023-emea-league-w1
FNATIC,FNC,2,Bo3,A,win,"[['Icebox', 3, 2, 1], ['Split', 11, 6, 5]]",14,8,6,Champions Tour 2023: EMEA League,Regular Season: Week 1,"['FNC Chronicle', 'FNC Boaster', 'FNC Leo', 'FNC Derke', 'FNC kamyk']",Pearl,Lotus,Icebox,Ascent,-,Icebox,Split,-,-,-,https://www.vlr.gg/173214/fnatic-vs-giants-gaming-champions-tour-2023-emea-league-w1
Giants Gaming,GIA,0,Bo3,B,loss,"[['Icebox', 13, 3, 10], ['Split', 13, 7, 6]]",26,10,16,Champions Tour 2023: EMEA League,Regular Season: Week 1,"['GIA Cloud', 'GIA Fit1nho', 'GIA hoody', 'GIA nukkye', 'GIA rhyme']",Fracture,Haven,Split,Ascent,-,Icebox,Split,-,-,-,https://www.vlr.gg/173214/fnatic-vs-giants-gaming-champions-tour-2023-emea-league-w1
Team Heretics,TH,0,Bo3,A,loss,"[['Pearl', 13, 3, 10], ['Lotus', 13, 9, 4]]",26,12,14,Champions Tour 2023: EMEA League,Regular Season: Week 1,"['TH AvovA', 'TH keloqz', 'TH zeek', 'TH Boo', 'TH Mixwell']",Fracture,Haven,Pearl,Ascent,-,Pearl,Lotus,-,-,-,https://www.vlr.gg/173216/team-heretics-vs-fut-esports-champions-tour-2023-emea-league-w1
FUT Esports,FUT,2,Bo3,B,win,"[['Pearl', 4, 2, 2], ['Lotus', 9, 8, 1]]",13,10,3,Champions Tour 2023: EMEA League,Regular Season: Week 1,"['FUT MrFaliN', 'FUT qRaxs', 'FUT qw1', 'FUT AtaKaptan', 'FUT MOJJ']",Icebox,Split,Lotus,Ascent,-,Pearl,Lotus,-,-,-,https://www.vlr.gg/173216/team-heretics-vs-fut-esports-champions-tour-2023-emea-league-w1
Team Liquid,TL,1,Bo3,B,loss,"[['Haven', 6, 3, 3], ['Fracture', 13, 3, 10], ['Lotus', 10, 3, 7]]",29,9,20,Champions Tour 2023: EMEA League,Regular Season: Week 1,"['TL Sayf', 'TL Jamppi', 'TL nAts', 'TL soulcas', 'TL Redgar']",Icebox,Split,Fracture,Lotus,-,Haven,Fracture,Lotus,-,-,https://www.vlr.gg/173217/team-liquid-vs-team-vitality-champions-tour-2023-emea-league-w1
Team Vitality,VIT,2,Bo3,A,win,"[['Haven', 13, 9, 4], ['Fracture', 2, 2, 0], ['Lotus', 13, 5, 8]]",28,16,12,Champions Tour 2023: EMEA League,Regular Season: Week 1,"['VIT Twisten', 'VIT MOLSI', 'VIT BONECOLD', 'VIT Destrian', 'VIT ceNder']",Pearl,Ascent,Haven,Lotus,-,Haven,Fracture,Lotus,-,-,https://www.vlr.gg/173217/team-liquid-vs-team-vitality-champions-tour-2023-emea-league-w1
Natus Vincere,NAVI,2,Bo3,A,win,"[['Icebox', 17, 6, 6], ['Split', 13, 5, 7], ['Pearl', 7, 5, 2]]",37,16,15,Champions Tour 2023: EMEA League,Regular Season: Week 1,"['NAVI cNed', 'NAVI Zyppan', 'NAVI Shao', 'NAVI SUYGETSU', 'NAVI ANGE1']",Haven,Lotus,Icebox,Pearl,-,Icebox,Split,Pearl,-,-,https://www.vlr.gg/173218/natus-vincere-vs-giants-gaming-champions-tour-2023-emea-league-w1
Giants Gaming,GIA,1,Bo3,B,loss,"[['Icebox', 15, 6, 6], ['Split', 15, 5, 7], ['Pearl', 13, 6, 7]]",43,17,20,Champions Tour 2023: EMEA League,Regular Season: Week 1,"['GIA Cloud', 'GIA nukkye', 'GIA Fit1nho', 'GIA hoody', 'GIA rhyme']",Fracture,Ascent,Split,Pearl,-,Icebox,Split,Pearl,-,-,https://www.vlr.gg/173218/natus-vincere-vs-giants-gaming-champions-tour-2023-emea-league-w1
Karmine Corp,KC,2,Bo3,B,win,"[['Icebox', 19, 6, 6], ['Split', 13, 9, 4]]",32,15,10,Champions Tour 2023: EMEA League,Regular Season: Week 1,"['KC Nivera', 'KC xms', 'KC ScreaM', 'KC Newzera', 'KC sh1n']",Ascent,Haven,Split,Lotus,-,Icebox,Split,-,-,-,https://www.vlr.gg/173219/karmine-corp-vs-bbl-esports-champions-tour-2023-emea-league-w1
BBL Esports,BBL,0,Bo3,A,loss,"[['Icebox', 17, 6, 6], ['Split', 11, 8, 3]]",28,14,9,Champions Tour 2023: EMEA League,Regular Season: Week 1,"['BBL Turko', 'BBL SouhcNi', 'BBL QutionerX', 'BBL AsLanM4shadoW', 'BBL Brave']",Pearl,Fracture,Icebox,Lotus,-,Icebox,Split,-,-,-,https://www.vlr.gg/173219/karmine-corp-vs-bbl-esports-champions-tour-2023-emea-league-w1
Team Liquid,TL,2,Bo3,B,win,"[['Lotus', 10, 5, 5], ['Split', 13, 7, 6], ['Ascent', 13, 6, 7]]",36,18,18,Champions Tour 2023: EMEA League,Regular Season: Week 1,"['TL Sayf', 'TL Jamppi', 'TL nAts', 'TL Redgar', 'TL soulcas']",Pearl,Icebox,Split,Ascent,-,Lotus,Split,Ascent,-,-,https://www.vlr.gg/173220/team-liquid-vs-fut-esports-champions-tour-2023-emea-league-w1
FUT Esports,FUT,1,Bo3,A,loss,"[['Lotus', 13, 7, 6], ['Split', 6, 1, 5], ['Ascent', 6, 0, 6]]",25,8,17,Champions Tour 2023: EMEA League,Regular Season: Week 1,"['FUT AtaKaptan', 'FUT qRaxs', 'FUT MOJJ', 'FUT Muj', 'FUT MrFaliN', 'FUT qw1']",Fracture,Haven,Lotus,Ascent,-,Lotus,Split,Ascent,-,-,https://www.vlr.gg/173220/team-liquid-vs-fut-esports-champions-tour-2023-emea-league-w1
KOI,MKOI,0,Bo3,B,loss,"[['Split', 9, 7, 2], ['Fracture', 13, 4, 8]]",22,11,10,Champions Tour 2023: EMEA League,Regular Season: Week 1,"['MKOI Wolfen', 'MKOI sheydos', 'MKOI trexx', 'MKOI starxo', 'MKOI koldamenta']",Haven,Ascent,Fracture,Lotus,-,Split,Fracture,-,-,-,https://www.vlr.gg/173221/koi-vs-team-vitality-champions-tour-2023-emea-league-w1
Team Vitality,VIT,2,Bo3,A,win,"[['Split', 13, 8, 5], ['Fracture', 15, 4, 8]]",28,12,13,Champions Tour 2023: EMEA League,Regular Season: Week 1,"['VIT Twisten', 'VIT MOLSI', 'VIT ceNder', 'VIT BONECOLD', 'VIT Destrian']",Pearl,Icebox,Split,Lotus,-,Split,Fracture,-,-,-,https://www.vlr.gg/173221/koi-vs-team-vitality-champions-tour-2023-emea-league-w1
FNATIC,FNC,2,Bo3,B,win,"[['Ascent', 6, 3, 3], ['Haven', 13, 5, 8], ['Split', 13, 6, 7]]",32,14,18,Champions Tour 2023: EMEA League,Regular Season: Week 1,"['FNC Leo', 'FNC kamyk', 'FNC Derke', 'FNC Chronicle', 'FNC Boaster']",Pearl,Lotus,Haven,Split,-,Ascent,Haven,Split,-,-,https://www.vlr.gg/173222/fnatic-vs-bbl-esports-champions-tour-2023-emea-league-w1
BBL Esports,BBL,1,Bo3,A,loss,"[['Ascent', 13, 9, 4], ['Haven', 9, 4, 5], ['Split', 11, 5, 6]]",33,18,15,Champions Tour 2023: EMEA League,Regular Season: Week 1,"['BBL QutionerX', 'BBL AsLanM4shadoW', 'BBL Brave', 'BBL Turko', 'BBL SouhcNi']",Fracture,Icebox,Ascent,Split,-,Ascent,Haven,Split,-,-,https://www.vlr.gg/173222/fnatic-vs-bbl-esports-champions-tour-2023-emea-league-w1
Team Heretics,TH,2,Bo3,A,win,"[['Icebox', 5, 2, 3], ['Split', 2, 2, 0]]",7,4,3,Champions Tour 2023: EMEA League,Regular Season: Week 1,"['TH keloqz', 'TH zeek', 'TH AvovA', 'TH Mixwell', 'TH Boo']",Fracture,Haven,Icebox,Lotus,-,Icebox,Split,-,-,-,https://www.vlr.gg/173223/team-heretics-vs-karmine-corp-champions-tour-2023-emea-league-w1
Karmine Corp,KC,0,Bo3,B,loss,"[['Icebox', 13, 9, 4], ['Split', 13, 3, 10]]",26,12,14,Champions Tour 2023: EMEA League,Regular Season: Week 1,"['KC Nivera', 'KC sh1n', 'KC ScreaM', 'KC xms', 'KC Newzera']",Ascent,Pearl,Split,Lotus,-,Icebox,Split,-,-,-,https://www.vlr.gg/173223/team-heretics-vs-karmine-corp-champions-tour-2023-emea-league-w1
Team Vitality,VIT,0,Bo3,B,loss,"[['Lotus', 4, 1, 3], ['Haven', 10, 5, 5]]",14,6,8,Champions Tour 2023: EMEA League,Regular Season: Week 2,"['VIT ceNder', 'VIT Destrian', 'VIT MOLSI', 'VIT BONECOLD', 'VIT Twisten']",Pearl,Ascent,Haven,Icebox,-,Lotus,Haven,-,-,-,https://www.vlr.gg/183944/team-vitality-vs-fut-esports-champions-tour-2023-emea-league-w2
FUT Esports,FUT,2,Bo3,A,win,"[['Lotus', 13, 9, 4], ['Haven', 13, 6, 7]]",26,15,11,Champions Tour 2023: EMEA League,Regular Season: Week 2,"['FUT qw1', 'FUT AtaKaptan', 'FUT MOJJ', 'FUT qRaxs', 'FUT MrFaliN']",Fracture,Split,Lotus,Icebox,-,Lotus,Haven,-,-,-,https://www.vlr.gg/183944/team-vitality-vs-fut-esports-champions-tour-2023-emea-league-w2
Natus Vincere,NAVI,2,Bo3,B,win,"[['Ascent', 13, 7, 6], ['Fracture', 13, 6, 7]]",26,13,13,Champions Tour 2023: EMEA League,Regular Season: Week 2,"['NAVI Zyppan', 'NAVI cNed', 'NAVI SUYGETSU', 'NAVI Shao', 'NAVI ANGE1']",Haven,Icebox,Fracture,Split,-,Ascent,Fracture,-,-,-,https://www.vlr.gg/183945/natus-vincere-vs-bbl-esports-champions-tour-2023-emea-league-w2
BBL Esports,BBL,0,Bo3,A,loss,"[['Ascent', 10, 6, 4], ['Fracture', 8, 2, 6]]",18,8,10,Champions Tour 2023: EMEA League,Regular Season: Week 2,"['BBL QutionerX', 'BBL Turko', 'BBL AsLanM4shadoW', 'BBL Brave', 'BBL SouhcNi']",Pearl,Lotus,Ascent,Split,-,Ascent,Fracture,-,-,-,https://www.vlr.gg/183945/natus-vincere-vs-bbl-esports-champions-tour-2023-emea-league-w2
FNATIC,FNC,2,Bo3,A,win,"[['Icebox', 3, 3, 0], ['Ascent', 6, 1, 5]]",9,4,5,Champions Tour 2023: EMEA League,Regular Season: Week 2,"['FNC Derke', 'FNC Leo', 'FNC Boaster', 'FNC Chronicle', 'FNC Alfajer']",Pearl,Split,Icebox,Fracture,-,Icebox,Ascent,-,-,-,https://www.vlr.gg/183946/fnatic-vs-team-heretics-champions-tour-2023-emea-league-w2
Team Heretics,TH,0,Bo3,B,loss,"[['Icebox', 13, 4, 9], ['Ascent', 13, 7, 6]]",26,11,15,Champions Tour 2023: EMEA League,Regular Season: Week 2,"['TH Boo', 'TH AvovA', 'TH Mixwell', 'TH zeek', 'TH keloqz']",Haven,Lotus,Ascent,Fracture,-,Icebox,Ascent,-,-,-,https://www.vlr.gg/183946/fnatic-vs-team-heretics-champions-tour-2023-emea-league-w2
Team Liquid,TL,2,Bo3,A,win,"[['Ascent', 5, 1, 4], ['Split', 2, 0, 2]]",7,1,6,Champions Tour 2023: EMEA League,Regular Season: Week 2,"['TL Jamppi', 'TL Sayf', 'TL nAts', 'TL Redgar', 'TL soulcas']",Pearl,Haven,Ascent,Lotus,-,Ascent,Split,-,-,-,https://www.vlr.gg/183947/team-liquid-vs-karmine-corp-champions-tour-2023-emea-league-w2
Karmine Corp,KC,0,Bo3,B,loss,"[['Ascent', 13, 8, 5], ['Split', 13, 1, 12]]",26,9,17,Champions Tour 2023: EMEA League,Regular Season: Week 2,"['KC Nivera', 'KC xms', 'KC ScreaM', 'KC sh1n', 'KC Newzera']",Fracture,Icebox,Split,Lotus,-,Ascent,Split,-,-,-,https://www.vlr.gg/183947/team-liquid-vs-karmine-corp-champions-tour-2023-emea-league-w2
KOI,MKOI,0,Bo3,B,loss,"[['Lotus', 1, 1, 0], ['Ascent', 11, 4, 7]]",12,5,7,Champions Tour 2023: EMEA League,Regular Season: Week 2,"['MKOI sheydos', 'MKOI trexx', 'MKOI starxo', 'MKOI koldamenta', 'MKOI Wolfen']",Split,Pearl,Ascent,Icebox,-,Lotus,Ascent,-,-,-,https://www.vlr.gg/183948/koi-vs-giants-gaming-champions-tour-2023-emea-league-w2
Giants Gaming,GIA,2,Bo3,A,win,"[['Lotus', 13, 2, 11], ['Ascent', 13, 5, 8]]",26,7,19,Champions Tour 2023: EMEA League,Regular Season: Week 2,"['GIA hoody', 'GIA nukkye', 'GIA Cloud', 'GIA Fit1nho', 'GIA rhyme']",Fracture,Haven,Lotus,Icebox,-,Lotus,Ascent,-,-,-,https://www.vlr.gg/183948/koi-vs-giants-gaming-champions-tour-2023-emea-league-w2
Natus Vincere,NAVI,2,Bo3,A,win,"[['Pearl', 3, 0, 3], ['Lotus', 13, 10, 3], ['Ascent', 2, 1, 1]]",18,11,7,Champions Tour 2023: EMEA League,Regular Season: Week 3,"['NAVI Shao', 'NAVI Zyppan', 'NAVI SUYGETSU', 'NAVI cNed', 'NAVI ANGE1']",Icebox,Split,Pearl,Ascent,-,Pearl,Lotus,Ascent,-,-,https://www.vlr.gg/183949/natus-vincere-vs-team-heretics-champions-tour-2023-emea-league-w3
Team Heretics,TH,1,Bo3,B,loss,"[['Pearl', 13, 9, 4], ['Lotus', 9, 7, 2], ['Ascent', 13, 2, 11]]",35,18,17,Champions Tour 2023: EMEA League,Regular Season: Week 3,"['TH AvovA', 'TH Boo', 'TH zeek', 'TH Mixwell', 'TH keloqz']",Fracture,Haven,Lotus,Ascent,-,Pearl,Lotus,Ascent,-,-,https://www.vlr.gg/183949/natus-vincere-vs-team-heretics-champions-tour-2023-emea-league-w3
Team Liquid,TL,0,Bo3,A,loss,"[['Lotus', 13, 11, 2], ['Haven', 13, 6, 7]]",26,17,9,Champions Tour 2023: EMEA League,Regular Season: Week 3,"['TL Sayf', 'TL Redgar', 'TL soulcas', 'TL nAts', 'TL Jamppi']",Icebox,Ascent,Lotus,Fracture,-,Lotus,Haven,-,-,-,https://www.vlr.gg/183951/team-liquid-vs-fnatic-champions-tour-2023-emea-league-w3
FNATIC,FNC,2,Bo3,B,win,"[['Lotus', 6, 5, 1], ['Haven', 6, 0, 6]]",12,5,7,Champions Tour 2023: EMEA League,Regular Season: Week 3,"['FNC Derke', 'FNC Chronicle', 'FNC Alfajer', 'FNC Leo', 'FNC Boaster']",Pearl,Split,Haven,Fracture,-,Lotus,Haven,-,-,-,https://www.vlr.gg/183951/team-liquid-vs-fnatic-champions-tour-2023-emea-league-w3
Giants Gaming,GIA,2,Bo3,B,win,"[['Icebox', 13, 6, 7], ['Split', 13, 9, 4]]",26,15,11,Champions Tour 2023: EMEA League,Regular Season: Week 3,"['GIA Cloud', 'GIA Fit1nho', 'GIA nukkye', 'GIA hoody', 'GIA rhyme']",Ascent,Haven,Split,Fracture,-,Icebox,Split,-,-,-,https://www.vlr.gg/183952/giants-gaming-vs-bbl-esports-champions-tour-2023-emea-league-w3
BBL Esports,BBL,0,Bo3,A,loss,"[['Icebox', 10, 5, 5], ['Split', 3, 0, 3]]",13,5,8,Champions Tour 2023: EMEA League,Regular Season: Week 3,"['BBL SouhcNi', 'BBL QutionerX', 'BBL AsLanM4shadoW', 'BBL Brave', 'BBL Turko']",Pearl,Lotus,Icebox,Fracture,-,Icebox,Split,-,-,-,https://www.vlr.gg/183952/giants-gaming-vs-bbl-esports-champions-tour-2023-emea-league-w3
Team Vitality,VIT,2,Bo3,B,win,"[['Ascent', 13, 3, 10], ['Split', 13, 11, 2]]",26,14,12,Champions Tour 2023: EMEA League,Regular Season: Week 3,"['VIT Destrian', 'VIT Twisten', 'VIT BONECOLD', 'VIT ceNder', 'VIT MOLSI']",Pearl,Fracture,Split,Lotus,-,Ascent,Split,-,-,-,https://www.vlr.gg/183953/team-vitality-vs-karmine-corp-champions-tour-2023-emea-league-w3
Karmine Corp,KC,0,Bo3,A,loss,"[['Ascent', 2, 2, 0], ['Split', 6, 5, 1]]",8,7,1,Champions Tour 2023: EMEA League,Regular Season: Week 3,"['KC Nivera', 'KC ScreaM', 'KC sh1n', 'KC xms', 'KC Newzera']",Haven,Icebox,Ascent,Lotus,-,Ascent,Split,-,-,-,https://www.vlr.gg/183953/team-vitality-vs-karmine-corp-champions-tour-2023-emea-league-w3
Team Heretics,TH,0,Bo3,B,loss,"[['Split', 8, 6, 2], ['Fracture', 15, 5, 7]]",23,11,9,Champions Tour 2023: EMEA League,Regular Season: Week 4,"['TH AvovA', 'TH Boo', 'TH zeek', 'TH Mixwell', 'TH keloqz']",Ascent,Haven,Fracture,Icebox,-,Split,Fracture,-,-,-,https://www.vlr.gg/184037/team-heretics-vs-team-liquid-champions-tour-2023-emea-league-w4
Team Liquid,TL,2,Bo3,A,win,"[['Split', 13, 10, 3], ['Fracture', 17, 5, 7]]",30,15,10,Champions Tour 2023: EMEA League,Regular Season: Week 4,"['TL nAts', 'TL Jamppi', 'TL Sayf', 'TL Redgar', 'TL soulcas']",Lotus,Pearl,Split,Icebox,-,Split,Fracture,-,-,-,https://www.vlr.gg/184037/team-heretics-vs-team-liquid-champions-tour-2023-emea-league-w4
FUT Esports,FUT,0,Bo3,A,loss,"[['Icebox', 13, 3, 10], ['Split', 13, 8, 5]]",26,11,15,Champions Tour 2023: EMEA League,Regular Season: Week 4,"['FUT qw1', 'FUT MOJJ', 'FUT qRaxs', 'FUT AtaKaptan', 'FUT MrFaliN']",Fracture,Pearl,Icebox,Ascent,-,Icebox,Split,-,-,-,https://www.vlr.gg/184039/fut-esports-vs-giants-gaming-champions-tour-2023-emea-league-w4
Giants Gaming,GIA,2,Bo3,B,win,"[['Icebox', 5, 2, 3], ['Split', 11, 7, 4]]",16,9,7,Champions Tour 2023: EMEA League,Regular Season: Week 4,"['GIA nukkye', 'GIA hoody', 'GIA Fit1nho', 'GIA Cloud', 'GIA rhyme']",Haven,Lotus,Split,Ascent,-,Icebox,Split,-,-,-,https://www.vlr.gg/184039/fut-esports-vs-giants-gaming-champions-tour-2023-emea-league-w4
Karmine Corp,KC,0,Bo3,B,loss,"[['Ascent', 11, 5, 6], ['Lotus', 7, 7, 0]]",18,12,6,Champions Tour 2023: EMEA League,Regular Season: Week 4,"['KC ScreaM', 'KC sh1n', 'KC xms', 'KC Nivera', 'KC ZE1SH']",Pearl,Fracture,Lotus,Split,-,Ascent,Lotus,-,-,-,https://www.vlr.gg/184040/karmine-corp-vs-natus-vincere-champions-tour-2023-emea-league-w4
Natus Vincere,NAVI,2,Bo3,A,win,"[['Ascent', 13, 6, 7], ['Lotus', 13, 8, 5]]",26,14,12,Champions Tour 2023: EMEA League,Regular Season: Week 4,"['NAVI cNed', 'NAVI Zyppan', 'NAVI Shao', 'NAVI SUYGETSU', 'NAVI ANGE1']",Icebox,Haven,Ascent,Split,-,Ascent,Lotus,-,-,-,https://www.vlr.gg/184040/karmine-corp-vs-natus-vincere-champions-tour-2023-emea-league-w4
BBL Esports,BBL,2,Bo3,A,win,"[['Ascent', 8, 1, 7], ['Haven', 9, 3, 6]]",17,4,13,Champions Tour 2023: EMEA League,Regular Season: Week 4,"['BBL QutionerX', 'BBL SouhcNi', 'BBL AsLanM4shadoW', 'BBL Brave', 'BBL Turko']",Split,Fracture,Ascent,Lotus,-,Ascent,Haven,-,-,-,https://www.vlr.gg/184041/bbl-esports-vs-team-vitality-champions-tour-2023-emea-league-w4
Team Vitality,VIT,0,Bo3,B,loss,"[['Ascent', 13, 5, 8], ['Haven', 13, 4, 9]]",26,9,17,Champions Tour 2023: EMEA League,Regular Season: Week 4,"['VIT BONECOLD', 'VIT ceNder', 'VIT Destrian', 'VIT MOLSI', 'VIT Twisten']",Pearl,Icebox,Haven,Lotus,-,Ascent,Haven,-,-,-,https://www.vlr.gg/184041/bbl-esports-vs-team-vitality-champions-tour-2023-emea-league-w4
Giants Gaming,GIA,1,Bo3,B,loss,"[['Ascent', 13, 6, 7], ['Icebox', 11, 6, 5], ['Lotus', 10, 5, 5]]",34,17,17,Champions Tour 2023: EMEA League,Regular Season: Week 5,"['GIA Fit1nho', 'GIA Cloud', 'GIA nukkye', 'GIA hoody', 'GIA rhyme']",Fracture,Split,Icebox,Lotus,-,Ascent,Icebox,Lotus,-,-,https://www.vlr.gg/184042/giants-gaming-vs-team-liquid-champions-tour-2023-emea-league-w5
Team Liquid,TL,2,Bo3,A,win,"[['Ascent', 11, 5, 6], ['Icebox', 13, 7, 6], ['Lotus', 13, 7, 6]]",37,19,18,Champions Tour 2023: EMEA League,Regular Season: Week 5,"['TL Sayf', 'TL nAts', 'TL soulcas', 'TL Jamppi', 'TL Redgar']",Pearl,Haven,Ascent,Lotus,-,Ascent,Icebox,Lotus,-,-,https://www.vlr.gg/184042/giants-gaming-vs-team-liquid-champions-tour-2023-emea-league-w5
BBL Esports,BBL,2,Bo3,A,win,"[['Haven', 12, 7, 5], ['Lotus', 13, 7, 6], ['Icebox', 2, 1, 1]]",27,15,12,Champions Tour 2023: EMEA League,Regular Season: Week 5,"['BBL Brave', 'BBL Turko', 'BBL QutionerX', 'BBL SouhcNi', 'BBL AsLanM4shadoW']",Fracture,Pearl,Haven,Icebox,-,Haven,Lotus,Icebox,-,-,https://www.vlr.gg/184043/bbl-esports-vs-team-heretics-champions-tour-2023-emea-league-w5
Team Heretics,TH,1,Bo3,B,loss,"[['Haven', 14, 7, 5], ['Lotus', 10, 6, 4], ['Icebox', 13, 2, 11]]",37,15,20,Champions Tour 2023: EMEA League,Regular Season: Week 5,"['TH zeek', 'TH Mixwell', 'TH Boo', 'TH keloqz', 'TH AvovA']",Ascent,Split,Lotus,Icebox,-,Haven,Lotus,Icebox,-,-,https://www.vlr.gg/184043/bbl-esports-vs-team-heretics-champions-tour-2023-emea-league-w5
KOI,MKOI,1,Bo3,B,loss,"[['Lotus', 6, 1, 5], ['Ascent', 13, 6, 7], ['Haven', 11, 4, 7]]",30,11,19,Champions Tour 2023: EMEA League,Regular Season: Week 5,"['MKOI trexx', 'MKOI Wolfen', 'MKOI sheydos', 'MKOI koldamenta', 'MKOI starxo']",Split,Icebox,Ascent,Haven,-,Lotus,Ascent,Haven,-,-,https://www.vlr.gg/184044/koi-vs-karmine-corp-champions-tour-2023-emea-league-w5
Karmine Corp,KC,2,Bo3,A,win,"[['Lotus', 13, 2, 11], ['Ascent', 8, 2, 6], ['Haven', 13, 5, 8]]",34,9,25,Champions Tour 2023: EMEA League,Regular Season: Week 5,"['KC ScreaM', 'KC Nivera', 'KC xms', 'KC sh1n', 'KC ZE1SH']",Fracture,Pearl,Lotus,Haven,-,Lotus,Ascent,Haven,-,-,https://www.vlr.gg/184044/koi-vs-karmine-corp-champions-tour-2023-emea-league-w5
FUT Esports,FUT,0,Bo3,B,loss,"[['Icebox', 5, 5, 0], ['Lotus', 5, 1, 4]]",10,6,4,Champions Tour 2023: EMEA League,Regular Season: Week 5,"['FUT qw1', 'FUT MOJJ', 'FUT MrFaliN', 'FUT qRaxs', 'FUT AtaKaptan']",Fracture,Ascent,Lotus,Haven,-,Icebox,Lotus,-,-,-,https://www.vlr.gg/184045/fut-esports-vs-fnatic-champions-tour-2023-emea-league-w5
FNATIC,FNC,2,Bo3,A,win,"[['Icebox', 13, 6, 7], ['Lotus', 13, 8, 5]]",26,14,12,Champions Tour 2023: EMEA League,Regular Season: Week 5,"['FNC Alfajer', 'FNC Chronicle', 'FNC Derke', 'FNC Boaster', 'FNC Leo']",Pearl,Split,Icebox,Haven,-,Icebox,Lotus,-,-,-,https://www.vlr.gg/184045/fut-esports-vs-fnatic-champions-tour-2023-emea-league-w5
Team Vitality,VIT,0,Bo3,A,loss,"[['Split', 13, 4, 9], ['Fracture', 13, 7, 6]]",26,11,15,Champions Tour 2023: EMEA League,Regular Season: Week 5,"['VIT ceNder', 'VIT Twisten', 'VIT MOLSI', 'VIT BONECOLD', 'VIT Destrian']",Pearl,Icebox,Split,Ascent,-,Split,Fracture,-,-,-,https://www.vlr.gg/184046/team-vitality-vs-natus-vincere-champions-tour-2023-emea-league-w5
Natus Vincere,NAVI,2,Bo3,B,win,"[['Split', 10, 3, 7], ['Fracture', 10, 5, 5]]",20,8,12,Champions Tour 2023: EMEA League,Regular Season: Week 5,"['NAVI cNed', 'NAVI SUYGETSU', 'NAVI Shao', 'NAVI ANGE1', 'NAVI Zyppan']",Haven,Lotus,Fracture,Ascent,-,Split,Fracture,-,-,-,https://www.vlr.gg/184046/team-vitality-vs-natus-vincere-champions-tour-2023-emea-league-w5
Team Vitality,VIT,0,Bo3,B,loss,"[['Haven', 12, 5, 7], ['Bind', 8, 2, 6]]",20,7,13,Champions Tour 2023: EMEA League,Regular Season: Week 6,"['VIT ceNder', 'VIT Twisten', 'VIT MOLSI', 'VIT Destrian', 'VIT BONECOLD']",Fracture,Ascent,Bind,Lotus,-,Haven,Bind,-,-,-,https://www.vlr.gg/184047/team-vitality-vs-fnatic-champions-tour-2023-emea-league-w6
FNATIC,FNC,2,Bo3,A,win,"[['Haven', 14, 5, 7], ['Bind', 13, 6, 7]]",27,11,14,Champions Tour 2023: EMEA League,Regular Season: Week 6,"['FNC Alfajer', 'FNC Derke', 'FNC Chronicle', 'FNC Leo', 'FNC Boaster']",Pearl,Split,Haven,Lotus,-,Haven,Bind,-,-,-,https://www.vlr.gg/184047/team-vitality-vs-fnatic-champions-tour-2023-emea-league-w6
FUT Esports,FUT,2,Bo3,A,win,"[['Haven', 8, 5, 3], ['Ascent', 5, 4, 1]]",13,9,4,Champions Tour 2023: EMEA League,Regular Season: Week 6,"['FUT qRaxs', 'FUT qw1', 'FUT AtaKaptan', 'FUT MrFaliN', 'FUT MOJJ']",Fracture,Bind,Haven,Split,-,Haven,Ascent,-,-,-,https://www.vlr.gg/184048/fut-esports-vs-karmine-corp-champions-tour-2023-emea-league-w6
Karmine Corp,KC,0,Bo3,B,loss,"[['Haven', 13, 6, 7], ['Ascent', 13, 5, 8]]",26,11,15,Champions Tour 2023: EMEA League,Regular Season: Week 6,"['KC sh1n', 'KC Nivera', 'KC ScreaM', 'KC xms', 'KC ZE1SH']",Pearl,Lotus,Ascent,Split,-,Haven,Ascent,-,-,-,https://www.vlr.gg/184048/fut-esports-vs-karmine-corp-champions-tour-2023-emea-league-w6
KOI,MKOI,1,Bo3,A,loss,"[['Pearl', 3, 3, 0], ['Ascent', 13, 9, 4], ['Bind', 13, 7, 6]]",29,19,10,Champions Tour 2023: EMEA League,Regular Season: Week 6,"['MKOI trexx', 'MKOI sheydos', 'MKOI starxo', 'MKOI koldamenta', 'MKOI Wolfen']",Haven,Split,Pearl,Bind,-,Pearl,Ascent,Bind,-,-,https://www.vlr.gg/184049/koi-vs-bbl-esports-champions-tour-2023-emea-league-w6
BBL Esports,BBL,2,Bo3,B,win,"[['Pearl', 13, 4, 9], ['Ascent', 4, 1, 3], ['Bind', 5, 0, 5]]",22,5,17,Champions Tour 2023: EMEA League,Regular Season: Week 6,"['BBL Brave', 'BBL AsLanM4shadoW', 'BBL SouhcNi', 'BBL QutionerX', 'BBL Turko']",Fracture,Lotus,Ascent,Bind,-,Pearl,Ascent,Bind,-,-,https://www.vlr.gg/184049/koi-vs-bbl-esports-champions-tour-2023-emea-league-w6
Natus Vincere,NAVI,2,Bo3,A,win,"[['Fracture', 11, 6, 5], ['Bind', 11, 4, 7]]",22,10,12,Champions Tour 2023: EMEA League,Regular Season: Week 6,"['NAVI Zyppan', 'NAVI ANGE1', 'NAVI SUYGETSU', 'NAVI Shao', 'NAVI cNed']",Haven,Ascent,Fracture,Lotus,-,Fracture,Bind,-,-,-,https://www.vlr.gg/184050/natus-vincere-vs-team-liquid-champions-tour-2023-emea-league-w6
Team Liquid,TL,0,Bo3,B,loss,"[['Fracture', 13, 7, 6], ['Bind', 13, 5, 8]]",26,12,14,Champions Tour 2023: EMEA League,Regular Season: Week 6,"['TL soulcas', 'TL Jamppi', 'TL Redgar', 'TL nAts', 'TL Harmii']",Pearl,Split,Bind,Lotus,-,Fracture,Bind,-,-,-,https://www.vlr.gg/184050/natus-vincere-vs-team-liquid-champions-tour-2023-emea-league-w6
Giants Gaming,GIA,0,Bo3,A,loss,"[['Pearl', 13, 9, 4], ['Lotus', 16, 5, 7]]",29,14,11,Champions Tour 2023: EMEA League,Regular Season: Week 6,"['GIA nukkye', 'GIA hoody', 'GIA Fit1nho', 'GIA Cloud', 'GIA rhyme']",Fracture,Haven,Pearl,Bind,-,Pearl,Lotus,-,-,-,https://www.vlr.gg/184051/giants-gaming-vs-team-heretics-champions-tour-2023-emea-league-w6
Team Heretics,TH,2,Bo3,B,win,"[['Pearl', 9, 6, 3], ['Lotus', 14, 5, 7]]",23,11,10,Champions Tour 2023: EMEA League,Regular Season: Week 6,"['TH Mixwell', 'TH Boo', 'TH weber', 'TH AvovA', 'TH keloqz']",Split,Ascent,Lotus,Bind,-,Pearl,Lotus,-,-,-,https://www.vlr.gg/184051/giants-gaming-vs-team-heretics-champions-tour-2023-emea-league-w6
KOI,MKOI,0,Bo3,B,loss,"[['Lotus', 4, 2, 2], ['Ascent', 9, 1, 8]]",13,3,10,Champions Tour 2023: EMEA League,Regular Season: Week 4,"['MKOI trexx', 'MKOI sheydos', 'MKOI Wolfen', 'MKOI starxo', 'MKOI koldamenta']",Bind,Haven,Ascent,Fracture,-,Lotus,Ascent,-,-,-,https://www.vlr.gg/184038/koi-vs-fnatic-champions-tour-2023-emea-league-w4
FNATIC,FNC,2,Bo3,A,win,"[['Lotus', 13, 10, 3], ['Ascent', 13, 4, 9]]",26,14,12,Champions Tour 2023: EMEA League,Regular Season: Week 4,"['FNC Alfajer', 'FNC Chronicle', 'FNC Derke', 'FNC Leo', 'FNC Boaster']",Pearl,Split,Lotus,Fracture,-,Lotus,Ascent,-,-,-,https://www.vlr.gg/184038/koi-vs-fnatic-champions-tour-2023-emea-league-w4
Giants Gaming,GIA,2,Bo3,A,win,"[['Lotus', 6, 4, 2], ['Split', 13, 7, 6], ['Ascent', 10, 5, 5]]",29,16,13,Champions Tour 2023: EMEA League,Regular Season: Week 7,"['GIA hoody', 'GIA nukkye', 'GIA Cloud', 'GIA rhyme', 'GIA Fit1nho']",Fracture,Haven,Lotus,Ascent,-,Lotus,Split,Ascent,-,-,https://www.vlr.gg/184052/giants-gaming-vs-team-vitality-champions-tour-2023-emea-league-w7
Team Vitality,VIT,1,Bo3,B,loss,"[['Lotus', 13, 5, 8], ['Split', 10, 5, 5], ['Ascent', 13, 6, 7]]",36,16,20,Champions Tour 2023: EMEA League,Regular Season: Week 7,"['VIT MOLSI', 'VIT Destrian', 'VIT BONECOLD', 'VIT ceNder', 'VIT Twisten']",Pearl,Bind,Split,Ascent,-,Lotus,Split,Ascent,-,-,https://www.vlr.gg/184052/giants-gaming-vs-team-vitality-champions-tour-2023-emea-league-w7
Karmine Corp,KC,0,Bo3,B,loss,"[['Haven', 2, 2, 0], ['Lotus', 10, 4, 6]]",12,6,6,Champions Tour 2023: EMEA League,Regular Season: Week 7,"['KC ScreaM', 'KC xms', 'KC Nivera', 'KC sh1n', 'KC ZE1SH']",Bind,Ascent,Lotus,Fracture,-,Haven,Lotus,-,-,-,https://www.vlr.gg/184054/karmine-corp-vs-fnatic-champions-tour-2023-emea-league-w7
FNATIC,FNC,2,Bo3,A,win,"[['Haven', 13, 3, 10], ['Lotus', 13, 6, 7]]",26,9,17,Champions Tour 2023: EMEA League,Regular Season: Week 7,"['FNC Chronicle', 'FNC Alfajer', 'FNC Derke', 'FNC Leo', 'FNC Boaster']",Pearl,Split,Haven,Fracture,-,Haven,Lotus,-,-,-,https://www.vlr.gg/184054/karmine-corp-vs-fnatic-champions-tour-2023-emea-league-w7
KOI,MKOI,2,Bo3,A,win,"[['Fracture', 7, 4, 3], ['Lotus', 13, 8, 5], ['Ascent', 11, 7, 4]]",31,19,12,Champions Tour 2023: EMEA League,Regular Season: Week 7,"['MKOI trexx', 'MKOI starxo', 'MKOI sheydos', 'MKOI Wolfen', 'MKOI koldamenta']",Bind,Split,Fracture,Ascent,-,Fracture,Lotus,Ascent,-,-,https://www.vlr.gg/184056/koi-vs-team-heretics-champions-tour-2023-emea-league-w7
Team Heretics,TH,1,Bo3,B,loss,"[['Fracture', 13, 9, 4], ['Lotus', 9, 7, 2], ['Ascent', 13, 8, 5]]",35,24,11,Champions Tour 2023: EMEA League,Regular Season: Week 7,"['TH Boo', 'TH Mixwell', 'TH AvovA', 'TH weber', 'TH keloqz']",Pearl,Haven,Lotus,Ascent,-,Fracture,Lotus,Ascent,-,-,https://www.vlr.gg/184056/koi-vs-team-heretics-champions-tour-2023-emea-league-w7
FNATIC,FNC,2,Bo3,A,win,"[['Lotus', 9, 6, 3], ['Split', 8, 4, 4]]",17,10,7,Champions Tour 2023: EMEA League,Regular Season: Week 8,"['FNC Alfajer', 'FNC Chronicle', 'FNC Leo', 'FNC Derke', 'FNC Boaster']",Pearl,Ascent,Lotus,Fracture,-,Lotus,Split,-,-,-,https://www.vlr.gg/184057/fnatic-vs-natus-vincere-champions-tour-2023-emea-league-w8
Natus Vincere,NAVI,0,Bo3,B,loss,"[['Lotus', 13, 7, 6], ['Split', 13, 5, 8]]",26,12,14,Champions Tour 2023: EMEA League,Regular Season: Week 8,"['NAVI SUYGETSU', 'NAVI Zyppan', 'NAVI Shao', 'NAVI cNed', 'NAVI ANGE1']",Haven,Bind,Split,Fracture,-,Lotus,Split,-,-,-,https://www.vlr.gg/184057/fnatic-vs-natus-vincere-champions-tour-2023-emea-league-w8
Team Heretics,TH,0,Bo3,B,loss,"[['Haven', 10, 2, 8], ['Lotus', 13, 8, 4]]",23,10,12,Champions Tour 2023: EMEA League,Regular Season: Week 8,"['TH AvovA', 'TH Boo', 'TH keloqz', 'TH Mixwell', 'TH weber']",Split,Fracture,Lotus,Ascent,-,Haven,Lotus,-,-,-,https://www.vlr.gg/184058/team-heretics-vs-team-vitality-champions-tour-2023-emea-league-w8
Team Vitality,VIT,2,Bo3,A,win,"[['Haven', 13, 4, 9], ['Lotus', 15, 8, 4]]",28,12,13,Champions Tour 2023: EMEA League,Regular Season: Week 8,"['VIT Twisten', 'VIT ceNder', 'VIT BONECOLD', 'VIT Destrian', 'VIT MOLSI']",Pearl,Bind,Haven,Ascent,-,Haven,Lotus,-,-,-,https://www.vlr.gg/184058/team-heretics-vs-team-vitality-champions-tour-2023-emea-league-w8
Karmine Corp,KC,0,Bo3,A,loss,"[['Lotus', 16, 9, 3], ['Ascent', 13, 8, 5]]",29,17,8,Champions Tour 2023: EMEA League,Regular Season: Week 8,"['KC ScreaM', 'KC Nivera', 'KC xms', 'KC sh1n', 'KC ZE1SH']",Pearl,Split,Lotus,Haven,-,Lotus,Ascent,-,-,-,https://www.vlr.gg/184059/karmine-corp-vs-giants-gaming-champions-tour-2023-emea-league-w8
Giants Gaming,GIA,2,Bo3,B,win,"[['Lotus', 14, 9, 3], ['Ascent', 5, 1, 4]]",19,10,7,Champions Tour 2023: EMEA League,Regular Season: Week 8,"['GIA Fit1nho', 'GIA Cloud', 'GIA rhyme', 'GIA nukkye', 'GIA hoody']",Fracture,Bind,Ascent,Haven,-,Lotus,Ascent,-,-,-,https://www.vlr.gg/184059/karmine-corp-vs-giants-gaming-champions-tour-2023-emea-league-w8
KOI,MKOI,1,Bo3,B,loss,"[['Fracture', 7, 5, 2], ['Split', 13, 8, 5], ['Lotus', 8, 5, 3]]",28,18,10,Champions Tour 2023: EMEA League,Regular Season: Week 8,"['MKOI trexx', 'MKOI Wolfen', 'MKOI sheydos', 'MKOI starxo', 'MKOI koldamenta']",Bind,Pearl,Split,Lotus,-,Fracture,Split,Lotus,-,-,https://www.vlr.gg/184060/koi-vs-team-liquid-champions-tour-2023-emea-league-w8
Team Liquid,TL,2,Bo3,A,win,"[['Fracture', 13, 6, 7], ['Split', 11, 7, 4], ['Lotus', 13, 6, 7]]",37,19,18,Champions Tour 2023: EMEA League,Regular Season: Week 8,"['TL soulcas', 'TL nAts', 'TL Sayf', 'TL Jamppi', 'TL Redgar']",Ascent,Haven,Fracture,Lotus,-,Fracture,Split,Lotus,-,-,https://www.vlr.gg/184060/koi-vs-team-liquid-champions-tour-2023-emea-league-w8
BBL Esports,BBL,0,Bo3,B,loss,"[['Pearl', 5, 0, 5], ['Haven', 7, 5, 2]]",12,5,7,Champions Tour 2023: EMEA League,Regular Season: Week 8,"['BBL Turko', 'BBL AsLanM4shadoW', 'BBL Brave', 'BBL QutionerX', 'BBL SouhcNi']",Lotus,Fracture,Haven,Split,-,Pearl,Haven,-,-,-,https://www.vlr.gg/184061/bbl-esports-vs-fut-esports-champions-tour-2023-emea-league-w8
FUT Esports,FUT,2,Bo3,A,win,"[['Pearl', 13, 7, 6], ['Haven', 13, 10, 3]]",26,17,9,Champions Tour 2023: EMEA League,Regular Season: Week 8,"['FUT qw1', 'FUT AtaKaptan', 'FUT MOJJ', 'FUT MrFaliN', 'FUT qRaxs']",Ascent,Bind,Pearl,Split,-,Pearl,Haven,-,-,-,https://www.vlr.gg/184061/bbl-esports-vs-fut-esports-champions-tour-2023-emea-league-w8
Giants Gaming,GIA,0,Bo3,B,loss,"[['Haven', 5, 3, 2], ['Ascent', 12, 3, 9]]",17,6,11,Champions Tour 2023: EMEA League,Playoffs: Upper Round 1,"['GIA hoody', 'GIA Fit1nho', 'GIA nukkye', 'GIA Cloud', 'GIA rhyme']",Fracture,Pearl,Ascent,Lotus,-,Haven,Ascent,-,-,-,https://www.vlr.gg/213193/giants-gaming-vs-fut-esports-champions-tour-2023-emea-league-ur1
FUT Esports,FUT,2,Bo3,A,win,"[['Haven', 13, 4, 9], ['Ascent', 14, 3, 9]]",27,7,18,Champions Tour 2023: EMEA League,Playoffs: Upper Round 1,"['FUT qRaxs', 'FUT AtaKaptan', 'FUT MrFaliN', 'FUT qw1', 'FUT MOJJ']",Bind,Split,Haven,Lotus,-,Haven,Ascent,-,-,-,https://www.vlr.gg/213193/giants-gaming-vs-fut-esports-champions-tour-2023-emea-league-ur1
Team Liquid,TL,2,Bo3,B,win,"[['Lotus', 6, 3, 3], ['Bind', 13, 5, 8], ['Ascent', 13, 6, 7]]",32,14,18,Champions Tour 2023: EMEA League,Playoffs: Upper Round 1,"['TL Sayf', 'TL nAts', 'TL Jamppi', 'TL soulcas', 'TL Redgar']",Haven,Split,Bind,Ascent,-,Lotus,Bind,Ascent,-,-,https://www.vlr.gg/213194/team-liquid-vs-team-vitality-champions-tour-2023-emea-league-ur1
Team Vitality,VIT,1,Bo3,A,loss,"[['Lotus', 13, 4, 9], ['Bind', 11, 4, 7], ['Ascent', 11, 5, 6]]",35,13,22,Champions Tour 2023: EMEA League,Playoffs: Upper Round 1,"['VIT Twisten', 'VIT ceNder', 'VIT Destrian', 'VIT MOLSI', 'VIT BONECOLD']",Pearl,Fracture,Lotus,Ascent,-,Lotus,Bind,Ascent,-,-,https://www.vlr.gg/213194/team-liquid-vs-team-vitality-champions-tour-2023-emea-league-ur1
FNATIC,FNC,2,Bo3,A,win,"[['Bind', 13, 9, 4], ['Split', 2, 2, 0], ['Lotus', 1, 0, 1]]",16,11,5,Champions Tour 2023: EMEA League,Playoffs: Upper Semifinals,"['FNC Chronicle', 'FNC Leo', 'FNC Derke', 'FNC Alfajer', 'FNC Boaster']",Pearl,Ascent,Bind,Lotus,-,Bind,Split,Lotus,-,-,https://www.vlr.gg/213195/fnatic-vs-fut-esports-champions-tour-2023-emea-league-ubsf
FUT Esports,FUT,1,Bo3,B,loss,"[['Bind', 9, 8, 1], ['Split', 13, 3, 10], ['Lotus', 13, 11, 2]]",35,22,13,Champions Tour 2023: EMEA League,Playoffs: Upper Semifinals,"['FUT MOJJ', 'FUT AtaKaptan', 'FUT MrFaliN', 'FUT qRaxs', 'FUT qw1']",Fracture,Haven,Split,Lotus,-,Bind,Split,Lotus,-,-,https://www.vlr.gg/213195/fnatic-vs-fut-esports-champions-tour-2023-emea-league-ubsf
Natus Vincere,NAVI,0,Bo3,B,loss,"[['Bind', 11, 3, 8], ['Split', 10, 8, 2]]",21,11,10,Champions Tour 2023: EMEA League,Playoffs: Upper Semifinals,"['NAVI Shao', 'NAVI SUYGETSU', 'NAVI cNed', 'NAVI Zyppan', 'NAVI ANGE1']",Haven,Ascent,Split,Fracture,-,Bind,Split,-,-,-,https://www.vlr.gg/213196/natus-vincere-vs-team-liquid-champions-tour-2023-emea-league-ubsf
Team Liquid,TL,2,Bo3,A,win,"[['Bind', 13, 4, 9], ['Split', 13, 9, 4]]",26,13,13,Champions Tour 2023: EMEA League,Playoffs: Upper Semifinals,"['TL nAts', 'TL Jamppi', 'TL soulcas', 'TL Sayf', 'TL Redgar']",Pearl,Lotus,Bind,Fracture,-,Bind,Split,-,-,-,https://www.vlr.gg/213196/natus-vincere-vs-team-liquid-champions-tour-2023-emea-league-ubsf
FUT Esports,FUT,2,Bo3,B,win,"[['Split', 13, 9, 4], ['Haven', 9, 5, 4], ['Lotus', 13, 4, 9]]",35,18,17,Champions Tour 2023: EMEA League,Playoffs: Lower Round 1,"['FUT qRaxs', 'FUT MrFaliN', 'FUT qw1', 'FUT MOJJ', 'FUT AtaKaptan']",Fracture,Ascent,Haven,Lotus,-,Split,Haven,Lotus,-,-,https://www.vlr.gg/213200/fut-esports-vs-team-vitality-champions-tour-2023-emea-league-lr1
Team Vitality,VIT,1,Bo3,A,loss,"[['Split', 9, 8, 1], ['Haven', 13, 8, 5], ['Lotus', 6, 3, 3]]",28,19,9,Champions Tour 2023: EMEA League,Playoffs: Lower Round 1,"['VIT Twisten', 'VIT ceNder', 'VIT Destrian', 'VIT MOLSI', 'VIT BONECOLD']",Pearl,Bind,Split,Lotus,-,Split,Haven,Lotus,-,-,https://www.vlr.gg/213200/fut-esports-vs-team-vitality-champions-tour-2023-emea-league-lr1
Natus Vincere,NAVI,2,Bo3,A,win,"[['Pearl', 9, 3, 6], ['Ascent', 9, 4, 5]]",18,7,11,Champions Tour 2023: EMEA League,Playoffs: Lower Round 1,"['NAVI SUYGETSU', 'NAVI cNed', 'NAVI Zyppan', 'NAVI ANGE1', 'NAVI Shao']",Haven,Split,Pearl,Lotus,-,Pearl,Ascent,-,-,-,https://www.vlr.gg/213199/natus-vincere-vs-giants-gaming-champions-tour-2023-emea-league-lr1
Giants Gaming,GIA,0,Bo3,B,loss,"[['Pearl', 13, 6, 7], ['Ascent', 13, 5, 8]]",26,11,15,Champions Tour 2023: EMEA League,Playoffs: Lower Round 1,"['GIA nukkye', 'GIA hoody', 'GIA Fit1nho', 'GIA Cloud', 'GIA rhyme']",Fracture,Bind,Ascent,Lotus,-,Pearl,Ascent,-,-,-,https://www.vlr.gg/213199/natus-vincere-vs-giants-gaming-champions-tour-2023-emea-league-lr1
FNATIC,FNC,2,Bo3,A,win,"[['Lotus', 12, 7, 5], ['Bind', 6, 6, 0]]",18,13,5,Champions Tour 2023: EMEA League,Playoffs: Upper Final,"['FNC Derke', 'FNC Leo', 'FNC Chronicle', 'FNC Boaster', 'FNC Alfajer']",Pearl,Split,Lotus,Ascent,-,Lotus,Bind,-,-,-,https://www.vlr.gg/213197/fnatic-vs-team-liquid-champions-tour-2023-emea-league-ubf
Team Liquid,TL,0,Bo3,B,loss,"[['Lotus', 14, 7, 5], ['Bind', 13, 7, 6]]",27,14,11,Champions Tour 2023: EMEA League,Playoffs: Upper Final,"['TL Sayf', 'TL Jamppi', 'TL nAts', 'TL Redgar', 'TL soulcas']",Haven,Fracture,Bind,Ascent,-,Lotus,Bind,-,-,-,https://www.vlr.gg/213197/fnatic-vs-team-liquid-champions-tour-2023-emea-league-ubf
Natus Vincere,NAVI,0,Bo3,B,loss,"[['Lotus', 8, 6, 2], ['Fracture', 7, 3, 4]]",15,9,6,Champions Tour 2023: EMEA League,Playoffs: Lower Round 2,"['NAVI Shao', 'NAVI SUYGETSU', 'NAVI Zyppan', 'NAVI ANGE1', 'NAVI cNed']",Haven,Split,Fracture,Ascent,-,Lotus,Fracture,-,-,-,https://www.vlr.gg/213201/natus-vincere-vs-fut-esports-champions-tour-2023-emea-league-lr2
FUT Esports,FUT,2,Bo3,A,win,"[['Lotus', 13, 10, 3], ['Fracture', 13, 8, 5]]",26,18,8,Champions Tour 2023: EMEA League,Playoffs: Lower Round 2,"['FUT qw1', 'FUT MOJJ', 'FUT qRaxs', 'FUT MrFaliN', 'FUT AtaKaptan']",Pearl,Bind,Lotus,Ascent,-,Lotus,Fracture,-,-,-,https://www.vlr.gg/213201/natus-vincere-vs-fut-esports-champions-tour-2023-emea-league-lr2
Team Liquid,TL,3,Bo5,A,win,"[['Ascent', 5, 2, 3], ['Lotus', 15, 10, 2], ['Split', 5, 0, 5]]",25,12,10,Champions Tour 2023: EMEA League,Playoffs: Lower Final,"['TL nAts', 'TL Redgar', 'TL Sayf', 'TL soulcas', 'TL Jamppi']",Haven,-,Ascent,Split,Bind,Ascent,Lotus,Split,-,-,https://www.vlr.gg/213202/team-liquid-vs-fut-esports-champions-tour-2023-emea-league-lbf
FUT Esports,FUT,0,Bo5,B,loss,"[['Ascent', 13, 9, 4], ['Lotus', 17, 10, 2], ['Split', 13, 7, 6]]",43,26,12,Champions Tour 2023: EMEA League,Playoffs: Lower Final,"['FUT qw1', 'FUT AtaKaptan', 'FUT MOJJ', 'FUT MrFaliN', 'FUT qRaxs']",Fracture,-,Lotus,Pearl,Bind,Ascent,Lotus,Split,-,-,https://www.vlr.gg/213202/team-liquid-vs-fut-esports-champions-tour-2023-emea-league-lbf
FNATIC,FNC,1,Bo5,A,loss,"[['Lotus', 11, 7, 4], ['Ascent', 14, 4, 8], ['Haven', 13, 5, 8], ['Fracture', 13, 5, 8]]",51,21,28,Champions Tour 2023: EMEA League,Playoffs: Grand Final,"['FNC Alfajer', 'FNC Leo', 'FNC Boaster', 'FNC Derke', 'FNC Chronicle']",Pearl,Split,Lotus,Haven,Bind,Lotus,Ascent,Haven,Fracture,-,https://www.vlr.gg/213198/fnatic-vs-team-liquid-champions-tour-2023-emea-league-gf
Team Liquid,TL,3,Bo5,B,win,"[['Lotus', 13, 8, 5], ['Ascent', 12, 4, 8], ['Haven', 6, 4, 2], ['Fracture', 11, 4, 7]]",42,20,22,Champions Tour 2023: EMEA League,Playoffs: Grand Final,"['TL Jamppi', 'TL Sayf', 'TL soulcas', 'TL nAts', 'TL Redgar']",-,-,Ascent,Fracture,Bind,Lotus,Ascent,Haven,Fracture,-,https://www.vlr.gg/213198/fnatic-vs-team-liquid-champions-tour-2023-emea-league-gf
ZETA DIVISION,ZETA,0,Bo3,B,loss,"[['Ascent', 5, 1, 4], ['Pearl', 5, 4, 1]]",10,5,5,Champions Tour 2023: Pacific League,League Play: Week 1,"['ZETA Laz', 'ZETA Dep', 'ZETA SugarZ3ro', 'ZETA TENNN', 'ZETA crow']",Fracture,Icebox,Pearl,Haven,-,Ascent,Pearl,-,-,-,https://www.vlr.gg/184456/zeta-division-vs-drx-champions-tour-2023-pacific-league-w1
DRX,DRX,2,Bo3,A,win,"[['Ascent', 13, 8, 5], ['Pearl', 13, 11, 2]]",26,19,7,Champions Tour 2023: Pacific League,League Play: Week 1,"['DRX MaKo', 'DRX stax', 'DRX Zest', 'DRX Foxy9', 'DRX Rb']",Lotus,Split,Ascent,Haven,-,Ascent,Pearl,-,-,-,https://www.vlr.gg/184456/zeta-division-vs-drx-champions-tour-2023-pacific-league-w1
T1,T1,2,Bo3,B,win,"[['Pearl', 13, 4, 9], ['Haven', 4, 2, 2], ['Lotus', 13, 5, 8]]",30,11,19,Champions Tour 2023: Pacific League,League Play: Week 1,"['T1 xeta', 'T1 Munchkin', 'T1 iNTRO', 'T1 Sayaplayer', 'T1 ban', 'T1 carpe']",Split,Icebox,Haven,Lotus,-,Pearl,Haven,Lotus,-,-,https://www.vlr.gg/184457/t1-vs-global-esports-champions-tour-2023-pacific-league-w1
Global Esports,GE,1,Bo3,A,loss,"[['Pearl', 8, 3, 5], ['Haven', 13, 10, 3], ['Lotus', 7, 4, 3]]",28,17,11,Champions Tour 2023: Pacific League,League Play: Week 1,"['GE Bazzi', 'GE t3xture', 'GE AYRIN', 'GE WRONSKI', 'GE Monyet']",Fracture,Ascent,Pearl,Lotus,-,Pearl,Haven,Lotus,-,-,https://www.vlr.gg/184457/t1-vs-global-esports-champions-tour-2023-pacific-league-w1
Paper Rex,PRX,2,Bo3,A,win,"[['Pearl', 5, 3, 2], ['Lotus', 11, 6, 5]]",16,9,7,Champions Tour 2023: Pacific League,League Play: Week 1,"['PRX d4v41', 'PRX Jinggg', 'PRX Benkai', 'PRX mindfreak', 'PRX f0rsakeN']",Icebox,Haven,Pearl,Fracture,-,Pearl,Lotus,-,-,-,https://www.vlr.gg/184458/paper-rex-vs-detonation-focusme-champions-tour-2023-pacific-league-w1
DetonatioN FocusMe,DFM,0,Bo3,B,loss,"[['Pearl', 13, 4, 9], ['Lotus', 13, 7, 6]]",26,11,15,Champions Tour 2023: Pacific League,League Play: Week 1,"['DFM Suggest', 'DFM Reita', 'DFM Anthem', 'DFM takej', 'DFM xnfri']",Ascent,Split,Lotus,Fracture,-,Pearl,Lotus,-,-,-,https://www.vlr.gg/184458/paper-rex-vs-detonation-focusme-champions-tour-2023-pacific-league-w1
Team Secret,TS,2,Bo3,B,win,"[['Ascent', 13, 5, 8], ['Icebox', 8, 3, 5], ['Fracture', 13, 10, 3]]",34,18,16,Champions Tour 2023: Pacific League,League Play: Week 1,"['TS invy', 'TS BORKUM', 'TS Jremy', 'TS DubsteP', 'TS JessieVash']",Pearl,Lotus,Icebox,Fracture,-,Ascent,Icebox,Fracture,-,-,https://www.vlr.gg/184459/team-secret-vs-talon-esports-champions-tour-2023-pacific-league-w1
TALON,TLN,1,Bo3,A,loss,"[['Ascent', 5, 4, 1], ['Icebox', 13, 4, 9], ['Fracture', 3, 1, 2]]",21,9,12,Champions Tour 2023: Pacific League,League Play: Week 1,"['TLN JitBoyS', 'TLN Crws', 'TLN Patiphan', 'TLN Sushiboys', 'TLN garnetS', 'TLN foxz']",Haven,Split,Ascent,Fracture,-,Ascent,Icebox,Fracture,-,-,https://www.vlr.gg/184459/team-secret-vs-talon-esports-champions-tour-2023-pacific-league-w1
Rex Regum Qeon,RRQ,0,Bo3,B,loss,"[['Fracture', 9, 5, 4], ['Lotus', 6, 2, 4]]",15,7,8,Champions Tour 2023: Pacific League,League Play: Week 1,"['RRQ xffero', 'RRQ fl1pzjder', 'RRQ 2GE', 'RRQ EJAY', 'RRQ Lmemore']",Split,Pearl,Lotus,Haven,-,Fracture,Lotus,-,-,-,https://www.vlr.gg/184460/rex-regum-qeon-vs-gen-g-champions-tour-2023-pacific-league-w1
Gen.G,GEN,2,Bo3,A,win,"[['Fracture', 13, 8, 5], ['Lotus', 13, 8, 5]]",26,16,10,Champions Tour 2023: Pacific League,League Play: Week 1,"['GEN Meteor', 'GEN k1Ng', 'GEN GodDead', 'GEN Sylvan', 'GEN eKo', 'GEN TS']",Icebox,Ascent,Fracture,Haven,-,Fracture,Lotus,-,-,-,https://www.vlr.gg/184460/rex-regum-qeon-vs-gen-g-champions-tour-2023-pacific-league-w1
ZETA DIVISION,ZETA,2,Bo3,A,win,"[['Haven', 13, 4, 9], ['Ascent', 10, 4, 6], ['Lotus', 5, 0, 5]]",28,8,20,Champions Tour 2023: Pacific League,League Play: Week 2,"['ZETA TENNN', 'ZETA SugarZ3ro', 'ZETA Dep', 'ZETA crow', 'ZETA Laz']",Fracture,Icebox,Haven,Lotus,-,Haven,Ascent,Lotus,-,-,https://www.vlr.gg/184461/zeta-division-vs-rex-regum-qeon-champions-tour-2023-pacific-league-w2
Rex Regum Qeon,RRQ,1,Bo3,B,loss,"[['Haven', 10, 3, 7], ['Ascent', 13, 6, 7], ['Lotus', 13, 7, 6]]",36,16,20,Champions Tour 2023: Pacific League,League Play: Week 2,"['RRQ EJAY', 'RRQ Lmemore', 'RRQ xffero', 'RRQ 2GE', 'RRQ fl1pzjder']",Pearl,Split,Ascent,Lotus,-,Haven,Ascent,Lotus,-,-,https://www.vlr.gg/184461/zeta-division-vs-rex-regum-qeon-champions-tour-2023-pacific-league-w2
TALON,TLN,0,Bo3,B,loss,"[['Ascent', 8, 4, 4], ['Haven', 6, 3, 3]]",14,7,7,Champions Tour 2023: Pacific League,League Play: Week 2,"['TLN Patiphan', 'TLN Crws', 'TLN garnetS', 'TLN Sushiboys', 'TLN foxz']",Pearl,Fracture,Haven,Lotus,-,Ascent,Haven,-,-,-,https://www.vlr.gg/184462/talon-esports-vs-t1-champions-tour-2023-pacific-league-w2
T1,T1,2,Bo3,A,win,"[['Ascent', 13, 8, 5], ['Haven', 13, 9, 4]]",26,17,9,Champions Tour 2023: Pacific League,League Play: Week 2,"['T1 Sayaplayer', 'T1 xeta', 'T1 Munchkin', 'T1 iNTRO', 'T1 carpe', 'T1 ban']",Split,Icebox,Ascent,Lotus,-,Ascent,Haven,-,-,-,https://www.vlr.gg/184462/talon-esports-vs-t1-champions-tour-2023-pacific-league-w2
Team Secret,TS,2,Bo3,A,win,"[['Haven', 13, 6, 7], ['Fracture', 11, 4, 7], ['Split', 10, 7, 3]]",34,17,17,Champions Tour 2023: Pacific League,League Play: Week 2,"['TS DubsteP', 'TS invy', 'TS BORKUM', 'TS Jremy', 'TS JessieVash']",Pearl,Ascent,Haven,Split,-,Haven,Fracture,Split,-,-,https://www.vlr.gg/184463/team-secret-vs-paper-rex-champions-tour-2023-pacific-league-w2
Paper Rex,PRX,1,Bo3,B,loss,"[['Haven', 11, 5, 6], ['Fracture', 13, 5, 8], ['Split', 13, 8, 5]]",37,18,19,Champions Tour 2023: Pacific League,League Play: Week 2,"['PRX Jinggg', 'PRX Benkai', 'PRX d4v41', 'PRX f0rsakeN', 'PRX mindfreak']",Icebox,Lotus,Fracture,Split,-,Haven,Fracture,Split,-,-,https://www.vlr.gg/184463/team-secret-vs-paper-rex-champions-tour-2023-pacific-league-w2
Gen.G,GEN,2,Bo3,B,win,"[['Lotus', 13, 5, 8], ['Fracture', 4, 0, 4], ['Pearl', 13, 8, 5]]",30,13,17,Champions Tour 2023: Pacific League,League Play: Week 2,"['GEN TS', 'GEN k1Ng', 'GEN Meteor', 'GEN GodDead', 'GEN Sylvan', 'GEN eKo']",Split,Haven,Fracture,Pearl,-,Lotus,Fracture,Pearl,-,-,https://www.vlr.gg/184465/gen-g-vs-detonation-focusme-champions-tour-2023-pacific-league-w2
DetonatioN FocusMe,DFM,1,Bo3,A,loss,"[['Lotus', 8, 1, 7], ['Fracture', 13, 8, 5], ['Pearl', 8, 7, 1]]",29,16,13,Champions Tour 2023: Pacific League,League Play: Week 2,"['DFM Suggest', 'DFM xnfri', 'DFM takej', 'DFM Anthem', 'DFM Reita']",Icebox,Ascent,Lotus,Pearl,-,Lotus,Fracture,Pearl,-,-,https://www.vlr.gg/184465/gen-g-vs-detonation-focusme-champions-tour-2023-pacific-league-w2
Global Esports,GE,0,Bo3,B,loss,"[['Haven', 11, 5, 6], ['Split', 15, 6, 6]]",26,11,12,Champions Tour 2023: Pacific League,League Play: Week 2,"['GE Monyet', 'GE WRONSKI', 'GE Bazzi', 'GE t3xture', 'GE AYRIN']",Ascent,Icebox,Split,Pearl,-,Haven,Split,-,-,-,https://www.vlr.gg/184466/global-esports-vs-drx-champions-tour-2023-pacific-league-w2
DRX,DRX,2,Bo3,A,win,"[['Haven', 13, 6, 7], ['Split', 17, 6, 6]]",30,12,13,Champions Tour 2023: Pacific League,League Play: Week 2,"['DRX Foxy9', 'DRX MaKo', 'DRX Rb', 'DRX BuZz', 'DRX stax']",Lotus,Fracture,Haven,Pearl,-,Haven,Split,-,-,-,https://www.vlr.gg/184466/global-esports-vs-drx-champions-tour-2023-pacific-league-w2
Rex Regum Qeon,RRQ,2,Bo3,A,win,"[['Haven', 4, 2, 2], ['Pearl', 7, 3, 4]]",11,5,6,Champions Tour 2023: Pacific League,League Play: Week 3,"['RRQ xffero', 'RRQ fl1pzjder', 'RRQ 2GE', 'RRQ Lmemore', 'RRQ EJAY']",Lotus,Fracture,Haven,Ascent,-,Haven,Pearl,-,-,-,https://www.vlr.gg/184467/rex-regum-qeon-vs-detonation-focusme-champions-tour-2023-pacific-league-w3
DetonatioN FocusMe,DFM,0,Bo3,B,loss,"[['Haven', 13, 3, 10], ['Pearl', 13, 4, 9]]",26,7,19,Champions Tour 2023: Pacific League,League Play: Week 3,"['DFM Reita', 'DFM Anthem', 'DFM takej', 'DFM xnfri', 'DFM Suggest']",Icebox,Split,Pearl,Ascent,-,Haven,Pearl,-,-,-,https://www.vlr.gg/184467/rex-regum-qeon-vs-detonation-focusme-champions-tour-2023-pacific-league-w3
T1,T1,0,Bo3,A,loss,"[['Pearl', 13, 11, 2], ['Fracture', 13, 7, 6]]",26,18,8,Champions Tour 2023: Pacific League,League Play: Week 3,"['T1 iNTRO', 'T1 Munchkin', 'T1 xeta', 'T1 Sayaplayer', 'T1 carpe', 'T1 ban']",Icebox,Ascent,Pearl,Lotus,-,Pearl,Fracture,-,-,-,https://www.vlr.gg/184468/t1-vs-paper-rex-champions-tour-2023-pacific-league-w3
Paper Rex,PRX,2,Bo3,B,win,"[['Pearl', 3, 2, 1], ['Fracture', 6, 1, 5]]",9,3,6,Champions Tour 2023: Pacific League,League Play: Week 3,"['PRX f0rsakeN', 'PRX something', 'PRX mindfreak', 'PRX Benkai', 'PRX d4v41', 'PRX Jinggg']",Haven,Split,Fracture,Lotus,-,Pearl,Fracture,-,-,-,https://www.vlr.gg/184468/t1-vs-paper-rex-champions-tour-2023-pacific-league-w3
ZETA DIVISION,ZETA,2,Bo3,B,win,"[['Pearl', 9, 3, 6], ['Ascent', 14, 5, 7], ['Haven', 13, 5, 8]]",36,13,21,Champions Tour 2023: Pacific League,League Play: Week 3,"['ZETA Dep', 'ZETA SugarZ3ro', 'ZETA Laz', 'ZETA crow', 'ZETA TENNN']",Split,Lotus,Ascent,Haven,-,Pearl,Ascent,Haven,-,-,https://www.vlr.gg/184469/zeta-division-vs-global-esports-champions-tour-2023-pacific-league-w3
Global Esports,GE,1,Bo3,A,loss,"[['Pearl', 13, 4, 9], ['Ascent', 12, 5, 7], ['Haven', 8, 4, 4]]",33,13,20,Champions Tour 2023: Pacific League,League Play: Week 3,"['GE Monyet', 'GE Bazzi', 'GE t3xture', 'GE WRONSKI', 'GE AYRIN']",Fracture,Icebox,Pearl,Haven,-,Pearl,Ascent,Haven,-,-,https://www.vlr.gg/184469/zeta-division-vs-global-esports-champions-tour-2023-pacific-league-w3
TALON,TLN,0,Bo3,A,loss,"[['Split', 13, 2, 11], ['Pearl', 13, 6, 7]]",26,8,18,Champions Tour 2023: Pacific League,League Play: Week 3,"['TLN Sushiboys', 'TLN Crws', 'TLN foxz', 'TLN Patiphan', 'TLN JitBoyS']",Haven,Fracture,Split,Ascent,-,Split,Pearl,-,-,-,https://www.vlr.gg/184470/talon-esports-vs-drx-champions-tour-2023-pacific-league-w3
DRX,DRX,2,Bo3,B,win,"[['Split', 3, 1, 2], ['Pearl', 10, 5, 5]]",13,6,7,Champions Tour 2023: Pacific League,League Play: Week 3,"['DRX BuZz', 'DRX Rb', 'DRX MaKo', 'DRX Foxy9', 'DRX stax']",Lotus,Icebox,Pearl,Ascent,-,Split,Pearl,-,-,-,https://www.vlr.gg/184470/talon-esports-vs-drx-champions-tour-2023-pacific-league-w3
Team Secret,TS,0,Bo3,B,loss,"[['Haven', 8, 3, 5], ['Fracture', 11, 5, 6]]",19,8,11,Champions Tour 2023: Pacific League,League Play: Week 3,"['TS invy', 'TS Jremy', 'TS DubsteP', 'TS BORKUM', 'TS JessieVash']",Pearl,Split,Fracture,Lotus,-,Haven,Fracture,-,-,-,https://www.vlr.gg/184471/team-secret-vs-gen-g-champions-tour-2023-pacific-league-w3
Gen.G,GEN,2,Bo3,A,win,"[['Haven', 13, 7, 6], ['Fracture', 13, 6, 7]]",26,13,13,Champions Tour 2023: Pacific League,League Play: Week 3,"['GEN k1Ng', 'GEN TS', 'GEN Sylvan', 'GEN GodDead', 'GEN Meteor', 'GEN eKo']",Icebox,Ascent,Haven,Lotus,-,Haven,Fracture,-,-,-,https://www.vlr.gg/184471/team-secret-vs-gen-g-champions-tour-2023-pacific-league-w3
Paper Rex,PRX,0,Bo3,B,loss,"[['Ascent', 5, 2, 3], ['Split', 10, 5, 5]]",15,7,8,Champions Tour 2023: Pacific League,League Play: Week 4,"['PRX d4v41', 'PRX Benkai', 'PRX f0rsakeN', 'PRX Jinggg', 'PRX something', 'PRX mindfreak']",Haven,Icebox,Split,Fracture,-,Ascent,Split,-,-,-,https://www.vlr.gg/184472/paper-rex-vs-drx-champions-tour-2023-pacific-league-w4
DRX,DRX,2,Bo3,A,win,"[['Ascent', 13, 9, 4], ['Split', 13, 6, 7]]",26,15,11,Champions Tour 2023: Pacific League,League Play: Week 4,"['DRX MaKo', 'DRX BuZz', 'DRX stax', 'DRX Rb', 'DRX Foxy9']",Lotus,Pearl,Ascent,Fracture,-,Ascent,Split,-,-,-,https://www.vlr.gg/184472/paper-rex-vs-drx-champions-tour-2023-pacific-league-w4
Team Secret,TS,0,Bo3,A,loss,"[['Icebox', 13, 6, 7], ['Split', 13, 10, 3]]",26,16,10,Champions Tour 2023: Pacific League,League Play: Week 4,"['TS invy', 'TS BORKUM', 'TS Jremy', 'TS DubsteP', 'TS JessieVash']",Pearl,Ascent,Icebox,Haven,-,Icebox,Split,-,-,-,https://www.vlr.gg/184473/team-secret-vs-rex-regum-qeon-champions-tour-2023-pacific-league-w4
Rex Regum Qeon,RRQ,2,Bo3,B,win,"[['Icebox', 10, 5, 5], ['Split', 7, 5, 2]]",17,10,7,Champions Tour 2023: Pacific League,League Play: Week 4,"['RRQ EJAY', 'RRQ xffero', 'RRQ Lmemore', 'RRQ Emman', 'RRQ 2GE', 'RRQ fl1pzjder']",Lotus,Fracture,Split,Haven,-,Icebox,Split,-,-,-,https://www.vlr.gg/184473/team-secret-vs-rex-regum-qeon-champions-tour-2023-pacific-league-w4
T1,T1,0,Bo3,A,loss,"[['Ascent', 13, 4, 9], ['Haven', 13, 7, 6]]",26,11,15,Champions Tour 2023: Pacific League,League Play: Week 4,"['T1 Sayaplayer', 'T1 xeta', 'T1 carpe', 'T1 iNTRO', 'T1 Munchkin', 'T1 ban']",Pearl,Split,Ascent,Lotus,-,Ascent,Haven,-,-,-,https://www.vlr.gg/184474/t1-vs-gen-g-champions-tour-2023-pacific-league-w4
Gen.G,GEN,2,Bo3,B,win,"[['Ascent', 5, 3, 2], ['Haven', 5, 0, 5]]",10,3,7,Champions Tour 2023: Pacific League,League Play: Week 4,"['GEN k1Ng', 'GEN GodDead', 'GEN Sylvan', 'GEN Meteor', 'GEN eKo', 'GEN TS']",Icebox,Fracture,Haven,Lotus,-,Ascent,Haven,-,-,-,https://www.vlr.gg/184474/t1-vs-gen-g-champions-tour-2023-pacific-league-w4
ZETA DIVISION,ZETA,2,Bo3,A,win,"[['Ascent', 9, 7, 2], ['Haven', 5, 2, 3]]",14,9,5,Champions Tour 2023: Pacific League,League Play: Week 4,"['ZETA Laz', 'ZETA crow', 'ZETA SugarZ3ro', 'ZETA Dep', 'ZETA TENNN']",Lotus,Fracture,Pearl,Pearl,Ascent,-,-,Ascent,Haven,-,-,-,https://www.vlr.gg/184475/zeta-division-vs-detonation-focusme-champions-tour-2023-pacific-league-w4
DetonatioN FocusMe,DFM,0,Bo3,B,loss,"[['Ascent', 13, 10, 3], ['Haven', 13, 9, 4]]",26,19,7,Champions Tour 2023: Pacific League,League Play: Week 4,"['DFM Reita', 'DFM takej', 'DFM Seoldam', 'DFM Anthem', 'DFM Suggest']",Split,Icebox,Pearl,Haven,-,-,Ascent,Haven,-,-,-,https://www.vlr.gg/184475/zeta-division-vs-detonation-focusme-champions-tour-2023-pacific-league-w4
TALON,TLN,0,Bo3,B,loss,"[['Split', 6, 3, 3], ['Icebox', 11, 6, 5]]",17,9,8,Champions Tour 2023: Pacific League,League Play: Week 4,"['TLN garnetS', 'TLN Patiphan', 'TLN foxz', 'TLN Crws', 'TLN Sushiboys']",Pearl,Lotus,Icebox,Haven,-,Split,Icebox,-,-,-,https://www.vlr.gg/184476/talon-esports-vs-global-esports-champions-tour-2023-pacific-league-w4
Global Esports,GE,2,Bo3,A,win,"[['Split', 13, 4, 9], ['Icebox', 13, 7, 6]]",26,11,15,Champions Tour 2023: Pacific League,League Play: Week 4,"['GE Bazzi', 'GE t3xture', 'GE Monyet', 'GE SkRossi', 'GE AYRIN', 'GE Lightningfast']",Fracture,Ascent,Split,Haven,-,Split,Icebox,-,-,-,https://www.vlr.gg/184476/talon-esports-vs-global-esports-champions-tour-2023-pacific-league-w4
Paper Rex,PRX,2,Bo3,A,win,"[['Icebox', 13, 7, 6], ['Split', 6, 3, 3], ['Pearl', 7, 3, 4]]",26,13,13,Champions Tour 2023: Pacific League,League Play: Week 5,"['PRX something', 'PRX Jinggg', 'PRX d4v41', 'PRX mindfreak', 'PRX cgrs', 'PRX f0rsakeN']",Haven,Ascent,Icebox,Pearl,-,Icebox,Split,Pearl,-,-,https://www.vlr.gg/184477/paper-rex-vs-global-esports-champions-tour-2023-pacific-league-w5
Global Esports,GE,1,Bo3,B,loss,"[['Icebox', 7, 6, 1], ['Split', 13, 9, 4], ['Pearl', 13, 8, 5]]",33,23,10,Champions Tour 2023: Pacific League,League Play: Week 5,"['GE t3xture', 'GE SkRossi', 'GE Monyet', 'GE AYRIN', 'GE Bazzi', 'GE Lightningfast', 'GE WRONSKI']",Fracture,Lotus,Split,Pearl,-,Icebox,Split,Pearl,-,-,https://www.vlr.gg/184477/paper-rex-vs-global-esports-champions-tour-2023-pacific-league-w5
Gen.G,GEN,1,Bo3,A,loss,"[['Haven', 13, 11, 2], ['Fracture', 10, 4, 6], ['Pearl', 13, 4, 9]]",36,19,17,Champions Tour 2023: Pacific League,League Play: Week 5,"['GEN eKo', 'GEN TS', 'GEN k1Ng', 'GEN Sylvan', 'GEN GodDead', 'GEN Meteor']",Icebox,Ascent,Haven,Pearl,-,Haven,Fracture,Pearl,-,-,https://www.vlr.gg/184478/gen-g-vs-drx-champions-tour-2023-pacific-league-w5
DRX,DRX,2,Bo3,B,win,"[['Haven', 7, 6, 1], ['Fracture', 13, 6, 7], ['Pearl', 4, 3, 1]]",24,15,9,Champions Tour 2023: Pacific League,League Play: Week 5,"['DRX MaKo', 'DRX BuZz', 'DRX stax', 'DRX Rb', 'DRX Foxy9']",Lotus,Split,Fracture,Pearl,-,Haven,Fracture,Pearl,-,-,https://www.vlr.gg/184478/gen-g-vs-drx-champions-tour-2023-pacific-league-w5
T1,T1,2,Bo3,B,win,"[['Haven', 13, 7, 6], ['Fracture', 13, 9, 4]]",26,16,10,Champions Tour 2023: Pacific League,League Play: Week 5,"['T1 Munchkin', 'T1 Sayaplayer', 'T1 xeta', 'T1 carpe', 'T1 ban']",Split,Ascent,Fracture,Pearl,-,Haven,Fracture,-,-,-,https://www.vlr.gg/184479/t1-vs-rex-regum-qeon-champions-tour-2023-pacific-league-w5
Rex Regum Qeon,RRQ,0,Bo3,A,loss,"[['Haven', 9, 4, 5], ['Fracture', 4, 1, 3]]",13,5,8,Champions Tour 2023: Pacific League,League Play: Week 5,"['RRQ 2GE', 'RRQ Emman', 'RRQ EJAY', 'RRQ Lmemore', 'RRQ xffero', 'RRQ fl1pzjder']",Lotus,Icebox,Haven,Pearl,-,Haven,Fracture,-,-,-,https://www.vlr.gg/184479/t1-vs-rex-regum-qeon-champions-tour-2023-pacific-league-w5
Team Secret,TS,2,Bo3,B,win,"[['Ascent', 13, 6, 7], ['Haven', 13, 4, 9]]",26,10,16,Champions Tour 2023: Pacific League,League Play: Week 5,"['TS JessieVash', 'TS Jremy', 'TS DubsteP', 'TS BORKUM', 'TS invy']",Lotus,Pearl,Haven,Fracture,-,Ascent,Haven,-,-,-,https://www.vlr.gg/184480/team-secret-vs-detonation-focusme-champions-tour-2023-pacific-league-w5
DetonatioN FocusMe,DFM,0,Bo3,A,loss,"[['Ascent', 11, 5, 6], ['Haven', 8, 3, 5]]",19,8,11,Champions Tour 2023: Pacific League,League Play: Week 5,"['DFM Seoldam', 'DFM takej', 'DFM Anthem', 'DFM xnfri', 'DFM Suggest']",Icebox,Split,Ascent,Fracture,-,Ascent,Haven,-,-,-,https://www.vlr.gg/184480/team-secret-vs-detonation-focusme-champions-tour-2023-pacific-league-w5
ZETA DIVISION,ZETA,0,Bo3,B,loss,"[['Haven', 8, 4, 4], ['Ascent', 14, 6, 6]]",22,10,10,Champions Tour 2023: Pacific League,League Play: Week 5,"['ZETA Laz', 'ZETA SugarZ3ro', 'ZETA Dep', 'ZETA crow', 'ZETA TENNN']",Icebox,Pearl,Ascent,Split,-,Haven,Ascent,-,-,-,https://www.vlr.gg/184481/zeta-division-vs-talon-esports-champions-tour-2023-pacific-league-w5
TALON,TLN,2,Bo3,A,win,"[['Haven', 13, 5, 8], ['Ascent', 16, 6, 6]]",29,11,14,Champions Tour 2023: Pacific League,League Play: Week 5,"['TLN Sushiboys', 'TLN foxz', 'TLN JitBoyS', 'TLN garnetS', 'TLN Patiphan', 'TLN Crws']",Lotus,Fracture,Haven,Split,-,Haven,Ascent,-,-,-,https://www.vlr.gg/184481/zeta-division-vs-talon-esports-champions-tour-2023-pacific-league-w5
T1,T1,2,Bo3,A,win,"[['Lotus', 9, 5, 4], ['Split', 13, 7, 6], ['Fracture', 10, 4, 6]]",32,16,16,Champions Tour 2023: Pacific League,League Play: Week 6,"['T1 Sayaplayer', 'T1 ban', 'T1 xeta', 'T1 Munchkin', 'T1 carpe']",Haven,Ascent,Lotus,Fracture,-,Lotus,Split,Fracture,-,-,https://www.vlr.gg/184482/t1-vs-detonation-focusme-champions-tour-2023-pacific-league-w6
DetonatioN FocusMe,DFM,1,Bo3,B,loss,"[['Lotus', 13, 6, 7], ['Split', 9, 4, 5], ['Fracture', 13, 6, 7]]",35,16,19,Champions Tour 2023: Pacific League,League Play: Week 6,"['DFM Suggest', 'DFM takej', 'DFM xnfri', 'DFM Anthem', 'DFM Seoldam']",Bind,Pearl,Split,Fracture,-,Lotus,Split,Fracture,-,-,https://www.vlr.gg/184482/t1-vs-detonation-focusme-champions-tour-2023-pacific-league-w6
ZETA DIVISION,ZETA,2,Bo3,A,win,"[['Split', 9, 5, 4], ['Lotus', 13, 7, 6], ['Fracture', 9, 4, 5]]",31,16,15,Champions Tour 2023: Pacific League,League Play: Week 6,"['ZETA SugarZ3ro', 'ZETA Laz', 'ZETA Dep', 'ZETA crow', 'ZETA TENNN']",Haven,Ascent,Split,Fracture,-,Split,Lotus,Fracture,-,-,https://www.vlr.gg/184483/zeta-division-vs-team-secret-champions-tour-2023-pacific-league-w6
Team Secret,TS,1,Bo3,B,loss,"[['Split', 13, 8, 5], ['Lotus', 10, 6, 4], ['Fracture', 13, 7, 6]]",36,21,15,Champions Tour 2023: Pacific League,League Play: Week 6,"['TS BORKUM', 'TS JessieVash', 'TS invy', 'TS DubsteP', 'TS Jremy']",Pearl,Bind,Lotus,Fracture,-,Split,Lotus,Fracture,-,-,https://www.vlr.gg/184483/zeta-division-vs-team-secret-champions-tour-2023-pacific-league-w6
Global Esports,GE,2,Bo3,A,win,"[['Pearl', 8, 7, 1], ['Lotus', 8, 3, 5]]",16,10,6,Champions Tour 2023: Pacific League,League Play: Week 6,"['GE SkRossi', 'GE Monyet', 'GE t3xture', 'GE AYRIN', 'GE Bazzi']",Fracture,Ascent,Pearl,Haven,-,Pearl,Lotus,-,-,-,https://www.vlr.gg/184484/global-esports-vs-gen-g-champions-tour-2023-pacific-league-w6
Gen.G,GEN,0,Bo3,B,loss,"[['Pearl', 13, 8, 5], ['Lotus', 13, 7, 6]]",26,15,11,Champions Tour 2023: Pacific League,League Play: Week 6,"['GEN Sylvan', 'GEN GodDead', 'GEN Meteor', 'GEN k1Ng', 'GEN TS']",Split,Bind,Lotus,Haven,-,Pearl,Lotus,-,-,-,https://www.vlr.gg/184484/global-esports-vs-gen-g-champions-tour-2023-pacific-league-w6
Rex Regum Qeon,RRQ,1,Bo3,B,loss,"[['Haven', 13, 6, 7], ['Split', 10, 6, 4], ['Pearl', 2, 0, 2]]",25,12,13,Champions Tour 2023: Pacific League,League Play: Week 6,"['RRQ Emman', 'RRQ Lmemore', 'RRQ fl1pzjder', 'RRQ xffero', 'RRQ EJAY', 'RRQ 2GE']",Bind,Ascent,Split,Pearl,-,Haven,Split,Pearl,-,-,https://www.vlr.gg/184485/rex-regum-qeon-vs-drx-champions-tour-2023-pacific-league-w6
DRX,DRX,2,Bo3,A,win,"[['Haven', 8, 2, 6], ['Split', 13, 7, 6], ['Pearl', 13, 10, 3]]",34,19,15,Champions Tour 2023: Pacific League,League Play: Week 6,"['DRX MaKo', 'DRX Foxy9', 'DRX BuZz', 'DRX Rb', 'DRX stax']",Lotus,Fracture,Haven,Pearl,-,Haven,Split,Pearl,-,-,https://www.vlr.gg/184485/rex-regum-qeon-vs-drx-champions-tour-2023-pacific-league-w6
TALON,TLN,1,Bo3,A,loss,"[['Pearl', 11, 8, 3], ['Split', 13, 4, 9], ['Fracture', 13, 7, 6]]",37,19,18,Champions Tour 2023: Pacific League,League Play: Week 6,"['TLN foxz', 'TLN JitBoyS', 'TLN Crws', 'TLN Patiphan', 'TLN garnetS']",Bind,Ascent,Pearl,Fracture,-,Pearl,Split,Fracture,-,-,https://www.vlr.gg/184486/talon-esports-vs-paper-rex-champions-tour-2023-pacific-league-w6
Paper Rex,PRX,2,Bo3,B,win,"[['Pearl', 13, 9, 4], ['Split', 4, 3, 1], ['Fracture', 10, 6, 4]]",27,18,9,Champions Tour 2023: Pacific League,League Play: Week 6,"['PRX f0rsakeN', 'PRX mindfreak', 'PRX something', 'PRX d4v41', 'PRX Jinggg']",Haven,Lotus,Split,Fracture,-,Pearl,Split,Fracture,-,-,https://www.vlr.gg/184486/talon-esports-vs-paper-rex-champions-tour-2023-pacific-league-w6
TALON,TLN,2,Bo3,B,win,"[['Fracture', 13, 7, 6], ['Lotus', 13, 6, 7]]",26,13,13,Champions Tour 2023: Pacific League,League Play: Week 7,"['TLN Crws', 'TLN JitBoyS', 'TLN foxz', 'TLN garnetS', 'TLN Patiphan']",Split,Ascent,Lotus,Haven,-,Fracture,Lotus,-,-,-,https://www.vlr.gg/184488/talon-esports-vs-gen-g-champions-tour-2023-pacific-league-w7
Gen.G,GEN,0,Bo3,A,loss,"[['Fracture', 8, 3, 5], ['Lotus', 7, 5, 2]]",15,8,7,Champions Tour 2023: Pacific League,League Play: Week 7,"['GEN k1Ng', 'GEN Meteor', 'GEN Sylvan', 'GEN TS', 'GEN GodDead', 'GEN eKo']",Pearl,Bind,Fracture,Haven,-,Fracture,Lotus,-,-,-,https://www.vlr.gg/184488/talon-esports-vs-gen-g-champions-tour-2023-pacific-league-w7
ZETA DIVISION,ZETA,0,Bo3,B,loss,"[['Split', 6, 1, 5], ['Ascent', 10, 6, 4]]",16,7,9,Champions Tour 2023: Pacific League,League Play: Week 7,"['ZETA Laz', 'ZETA Dep', 'ZETA SugarZ3ro', 'ZETA crow', 'ZETA TENNN']",Pearl,Bind,Ascent,Lotus,-,Split,Ascent,-,-,-,https://www.vlr.gg/184489/zeta-division-vs-paper-rex-champions-tour-2023-pacific-league-w7
Paper Rex,PRX,2,Bo3,A,win,"[['Split', 13, 7, 6], ['Ascent', 13, 8, 5]]",26,15,11,Champions Tour 2023: Pacific League,League Play: Week 7,"['PRX something', 'PRX f0rsakeN', 'PRX d4v41', 'PRX mindfreak', 'PRX Jinggg']",Haven,Fracture,Split,Lotus,-,Split,Ascent,-,-,-,https://www.vlr.gg/184489/zeta-division-vs-paper-rex-champions-tour-2023-pacific-league-w7
Rex Regum Qeon,RRQ,2,Bo3,A,win,"[['Fracture', 10, 6, 4], ['Pearl', 11, 7, 4]]",21,13,8,Champions Tour 2023: Pacific League,League Play: Week 7,"['RRQ Lmemore', 'RRQ xffero', 'RRQ 2GE', 'RRQ EJAY', 'RRQ Emman', 'RRQ fl1pzjder']",Lotus,Split,Fracture,Bind,-,Fracture,Pearl,-,-,-,https://www.vlr.gg/184490/rex-regum-qeon-vs-global-esports-champions-tour-2023-pacific-league-w7
Global Esports,GE,0,Bo3,B,loss,"[['Fracture', 13, 7, 6], ['Pearl', 13, 8, 5]]",26,15,11,Champions Tour 2023: Pacific League,League Play: Week 7,"['GE t3xture', 'GE Monyet', 'GE AYRIN', 'GE Bazzi', 'GE SkRossi']",Haven,Ascent,Pearl,Bind,-,Fracture,Pearl,-,-,-,https://www.vlr.gg/184490/rex-regum-qeon-vs-global-esports-champions-tour-2023-pacific-league-w7
Team Secret,TS,0,Bo3,A,loss,"[['Lotus', 13, 3, 10], ['Bind', 13, 7, 6]]",26,10,16,Champions Tour 2023: Pacific League,League Play: Week 7,"['TS Jremy', 'TS BORKUM', 'TS DubsteP', 'TS invy', 'TS JessieVash']",Pearl,Ascent,Lotus,Fracture,-,Lotus,Bind,-,-,-,https://www.vlr.gg/184491/team-secret-vs-t1-champions-tour-2023-pacific-league-w7
T1,T1,2,Bo3,B,win,"[['Lotus', 4, 2, 2], ['Bind', 8, 3, 5]]",12,5,7,Champions Tour 2023: Pacific League,League Play: Week 7,"['T1 Sayaplayer', 'T1 Munchkin', 'T1 xeta', 'T1 carpe', 'T1 ban', 'T1 iNTRO']",Haven,Split,Bind,Fracture,-,Lotus,Bind,-,-,-,https://www.vlr.gg/184491/team-secret-vs-t1-champions-tour-2023-pacific-league-w7
DRX,DRX,2,Bo3,B,win,"[['Fracture', 13, 5, 8], ['Ascent', 13, 9, 4]]",26,14,12,Champions Tour 2023: Pacific League,League Play: Week 7,"['DRX MaKo', 'DRX BuZz', 'DRX Rb', 'DRX Foxy9', 'DRX stax']",Lotus,Bind,Ascent,Pearl,-,Fracture,Ascent,-,-,-,https://www.vlr.gg/184492/drx-vs-detonation-focusme-champions-tour-2023-pacific-league-w7
DetonatioN FocusMe,DFM,0,Bo3,A,loss,"[['Fracture', 8, 1, 7], ['Ascent', 4, 1, 3]]",12,2,10,Champions Tour 2023: Pacific League,League Play: Week 7,"['DFM Seoldam', 'DFM takej', 'DFM Reita', 'DFM Anthem', 'DFM xnfri']",Haven,Split,Fracture,Pearl,-,Fracture,Ascent,-,-,-,https://www.vlr.gg/184492/drx-vs-detonation-focusme-champions-tour-2023-pacific-league-w7
Paper Rex,PRX,2,Bo3,A,win,"[['Split', 7, 4, 3], ['Ascent', 2, 0, 2]]",9,4,5,Champions Tour 2023: Pacific League,League Play: Week 8,"['PRX Jinggg', 'PRX d4v41', 'PRX f0rsakeN', 'PRX something', 'PRX mindfreak']",Haven,Fracture,Split,Lotus,-,Split,Ascent,-,-,-,https://www.vlr.gg/184493/paper-rex-vs-gen-g-champions-tour-2023-pacific-league-w8
Gen.G,GEN,0,Bo3,B,loss,"[['Split', 13, 9, 4], ['Ascent', 13, 10, 3]]",26,19,7,Champions Tour 2023: Pacific League,League Play: Week 8,"['GEN GodDead', 'GEN TS', 'GEN Meteor', 'GEN Sylvan', 'GEN eKo', 'GEN k1Ng']",Pearl,Bind,Ascent,Lotus,-,Split,Ascent,-,-,-,https://www.vlr.gg/184493/paper-rex-vs-gen-g-champions-tour-2023-pacific-league-w8
ZETA DIVISION,ZETA,1,Bo3,A,loss,"[['Fracture', 13, 7, 6], ['Lotus', 10, 1, 9], ['Bind', 13, 4, 9]]",36,12,24,Champions Tour 2023: Pacific League,League Play: Week 8,"['ZETA Dep', 'ZETA SugarZ3ro', 'ZETA Laz', 'ZETA TENNN', 'ZETA crow']",Pearl,Ascent,Fracture,Bind,-,Fracture,Lotus,Bind,-,-,https://www.vlr.gg/184494/zeta-division-vs-t1-champions-tour-2023-pacific-league-w8
T1,T1,2,Bo3,B,win,"[['Fracture', 11, 6, 5], ['Lotus', 13, 3, 10], ['Bind', 3, 3, 0]]",27,12,15,Champions Tour 2023: Pacific League,League Play: Week 8,"['T1 ban', 'T1 Munchkin', 'T1 Sayaplayer', 'T1 xeta', 'T1 carpe']",Split,Haven,Lotus,Bind,-,Fracture,Lotus,Bind,-,-,https://www.vlr.gg/184494/zeta-division-vs-t1-champions-tour-2023-pacific-league-w8
Team Secret,TS,2,Bo3,A,win,"[['Haven', 8, 4, 4], ['Ascent', 11, 9, 2]]",19,13,6,Champions Tour 2023: Pacific League,League Play: Week 8,"['TS JessieVash', 'TS BORKUM', 'TS Jremy', 'TS invy', 'TS DubsteP']",Pearl,Split,Haven,Fracture,-,Haven,Ascent,-,-,-,https://www.vlr.gg/184495/team-secret-vs-drx-champions-tour-2023-pacific-league-w8
DRX,DRX,0,Bo3,B,loss,"[['Haven', 13, 5, 8], ['Ascent', 13, 10, 3]]",26,15,11,Champions Tour 2023: Pacific League,League Play: Week 8,"['DRX Rb', 'DRX MaKo', 'DRX Zest', 'DRX stax', 'DRX BuZz']",Lotus,Bind,Ascent,Fracture,-,Haven,Ascent,-,-,-,https://www.vlr.gg/184495/team-secret-vs-drx-champions-tour-2023-pacific-league-w8
Global Esports,GE,2,Bo3,B,win,"[['Lotus', 13, 8, 5], ['Pearl', 13, 11, 2]]",26,19,7,Champions Tour 2023: Pacific League,League Play: Week 8,"['GE Monyet', 'GE t3xture', 'GE SkRossi', 'GE AYRIN', 'GE Bazzi']",Fracture,Split,Pearl,Bind,-,Lotus,Pearl,-,-,-,https://www.vlr.gg/184496/global-esports-vs-detonation-focusme-champions-tour-2023-pacific-league-w8
DetonatioN FocusMe,DFM,0,Bo3,A,loss,"[['Lotus', 7, 3, 4], ['Pearl', 6, 5, 1]]",13,8,5,Champions Tour 2023: Pacific League,League Play: Week 8,"['DFM Anthem', 'DFM xnfri', 'DFM takej', 'DFM Reita', 'DFM Seoldam']",Haven,Ascent,Lotus,Bind,-,Lotus,Pearl,-,-,-,https://www.vlr.gg/184496/global-esports-vs-detonation-focusme-champions-tour-2023-pacific-league-w8
TALON,TLN,1,Bo3,B,loss,"[['Split', 13, 9, 4], ['Ascent', 4, 1, 3], ['Haven', 7, 4, 3]]",24,14,10,Champions Tour 2023: Pacific League,League Play: Week 8,"['TLN Patiphan', 'TLN garnetS', 'TLN Crws', 'TLN JitBoyS', 'TLN foxz', 'TLN Sushiboys']",Fracture,Bind,Ascent,Haven,-,Split,Ascent,Haven,-,-,https://www.vlr.gg/184497/talon-esports-vs-rex-regum-qeon-champions-tour-2023-pacific-league-w8
Rex Regum Qeon,RRQ,2,Bo3,A,win,"[['Split', 3, 0, 3], ['Ascent', 13, 9, 4], ['Haven', 13, 5, 8]]",29,14,15,Champions Tour 2023: Pacific League,League Play: Week 8,"['RRQ fl1pzjder', 'RRQ 2GE', 'RRQ xffero', 'RRQ EJAY', 'RRQ Emman', 'RRQ Lmemore']",Lotus,Pearl,Split,Haven,-,Split,Ascent,Haven,-,-,https://www.vlr.gg/184497/talon-esports-vs-rex-regum-qeon-champions-tour-2023-pacific-league-w8
ZETA DIVISION,ZETA,2,Bo3,B,win,"[['Haven', 13, 8, 5], ['Ascent', 4, 1, 3], ['Fracture', 13, 5, 8]]",30,14,16,Champions Tour 2023: Pacific League,League Play: Week 8,"['ZETA SugarZ3ro', 'ZETA Laz', 'ZETA TENNN', 'ZETA Dep', 'ZETA crow']",Bind,Split,Ascent,Fracture,-,Haven,Ascent,Fracture,-,-,https://www.vlr.gg/184498/zeta-division-vs-gen-g-champions-tour-2023-pacific-league-w8
Gen.G,GEN,1,Bo3,A,loss,"[['Haven', 8, 4, 4], ['Ascent', 13, 9, 4], ['Fracture', 4, 4, 0]]",25,17,8,Champions Tour 2023: Pacific League,League Play: Week 8,"['GEN Sylvan', 'GEN k1Ng', 'GEN GodDead', 'GEN Meteor', 'GEN TS', 'GEN eKo']",Pearl,Lotus,Haven,Fracture,-,Haven,Ascent,Fracture,-,-,https://www.vlr.gg/184498/zeta-division-vs-gen-g-champions-tour-2023-pacific-league-w8
T1,T1,0,Bo3,A,loss,"[['Bind', 13, 9, 4], ['Pearl', 13, 4, 9]]",26,13,13,Champions Tour 2023: Pacific League,League Play: Week 8,"['T1 Sayaplayer', 'T1 Munchkin', 'T1 carpe', 'T1 xeta', 'T1 ban']",Split,Haven,Bind,Ascent,-,Bind,Pearl,-,-,-,https://www.vlr.gg/184499/t1-vs-drx-champions-tour-2023-pacific-league-w8
DRX,DRX,2,Bo3,B,win,"[['Bind', 10, 7, 3], ['Pearl', 9, 3, 6]]",19,10,9,Champions Tour 2023: Pacific League,League Play: Week 8,"['DRX Rb', 'DRX MaKo', 'DRX stax', 'DRX BuZz', 'DRX Foxy9']",Lotus,Fracture,Pearl,Ascent,-,Bind,Pearl,-,-,-,https://www.vlr.gg/184499/t1-vs-drx-champions-tour-2023-pacific-league-w8
Team Secret,TS,2,Bo3,A,win,"[['Haven', 9, 6, 3], ['Lotus', 10, 5, 5]]",19,11,8,Champions Tour 2023: Pacific League,League Play: Week 8,"['TS DubsteP', 'TS BORKUM', 'TS JessieVash', 'TS invy', 'TS Jremy']",Pearl,Split,Haven,Bind,-,Haven,Lotus,-,-,-,https://www.vlr.gg/184500/team-secret-vs-global-esports-champions-tour-2023-pacific-league-w8
Global Esports,GE,0,Bo3,B,loss,"[['Haven', 13, 7, 6], ['Lotus', 13, 7, 6]]",26,14,12,Champions Tour 2023: Pacific League,League Play: Week 8,"['GE Monyet', 'GE t3xture', 'GE Bazzi', 'GE SkRossi', 'GE AYRIN']",Fracture,Ascent,Lotus,Bind,-,Haven,Lotus,-,-,-,https://www.vlr.gg/184500/team-secret-vs-global-esports-champions-tour-2023-pacific-league-w8
TALON,TLN,2,Bo3,A,win,"[['Lotus', 11, 6, 5], ['Bind', 4, 2, 2]]",15,8,7,Champions Tour 2023: Pacific League,League Play: Week 8,"['TLN Patiphan', 'TLN foxz', 'TLN Crws', 'TLN JitBoyS', 'TLN garnetS']",Ascent,Split,Lotus,Fracture,-,Lotus,Bind,-,-,-,https://www.vlr.gg/184501/talon-esports-vs-detonation-focusme-champions-tour-2023-pacific-league-w8
DetonatioN FocusMe,DFM,0,Bo3,B,loss,"[['Lotus', 13, 7, 6], ['Bind', 13, 10, 3]]",26,17,9,Champions Tour 2023: Pacific League,League Play: Week 8,"['DFM Seoldam', 'DFM Anthem', 'DFM takej', 'DFM xnfri', 'DFM Reita']",Haven,Pearl,Bind,Fracture,-,Lotus,Bind,-,-,-,https://www.vlr.gg/184501/talon-esports-vs-detonation-focusme-champions-tour-2023-pacific-league-w8
Rex Regum Qeon,RRQ,0,Bo3,A,loss,"[['Bind', 13, 7, 6], ['Pearl', 13, 5, 8]]",26,12,14,Champions Tour 2023: Pacific League,League Play: Week 8,"['RRQ xffero', 'RRQ Lmemore', 'RRQ fl1pzjder', 'RRQ 2GE', 'RRQ Emman', 'RRQ EJAY']",Lotus,Split,Bind,Fracture,-,Bind,Pearl,-,-,-,https://www.vlr.gg/184502/rex-regum-qeon-vs-paper-rex-champions-tour-2023-pacific-league-w8
Paper Rex,PRX,2,Bo3,B,win,"[['Bind', 9, 4, 5], ['Pearl', 11, 4, 7]]",20,8,12,Champions Tour 2023: Pacific League,League Play: Week 8,"['PRX something', 'PRX d4v41', 'PRX mindfreak', 'PRX f0rsakeN', 'PRX Jinggg']",Haven,Ascent,Pearl,Fracture,-,Bind,Pearl,-,-,-,https://www.vlr.gg/184502/rex-regum-qeon-vs-paper-rex-champions-tour-2023-pacific-league-w8
T1,T1,2,Bo3,A,win,"[['Fracture', 8, 5, 3], ['Ascent', 13, 4, 9], ['Lotus', 7, 6, 1]]",28,15,13,Champions Tour 2023: Pacific League,Playoffs: Upper Round 1,"['T1 Munchkin', 'T1 carpe', 'T1 ban', 'T1 xeta', 'T1 Sayaplayer']",Split,Haven,Fracture,Lotus,-,Fracture,Ascent,Lotus,-,-,https://www.vlr.gg/184514/t1-vs-gen-g-champions-tour-2023-pacific-league-playoffs-ur1
Gen.G,GEN,1,Bo3,B,loss,"[['Fracture', 13, 6, 7], ['Ascent', 11, 3, 8], ['Lotus', 13, 7, 6]]",37,16,21,Champions Tour 2023: Pacific League,Playoffs: Upper Round 1,"['GEN eKo', 'GEN Sylvan', 'GEN GodDead', 'GEN TS', 'GEN Meteor', 'GEN k1Ng']",Pearl,Bind,Ascent,Lotus,-,Fracture,Ascent,Lotus,-,-,https://www.vlr.gg/184514/t1-vs-gen-g-champions-tour-2023-pacific-league-playoffs-ur1
DRX,DRX,2,Bo3,B,win,"[['Haven', 9, 5, 4], ['Split', 13, 10, 3], ['Bind', 13, 3, 10]]",35,18,17,Champions Tour 2023: Pacific League,Playoffs: Upper Semifinals,"['DRX BuZz', 'DRX MaKo', 'DRX Foxy9', 'DRX stax', 'DRX Rb']",Lotus,Ascent,Split,Bind,-,Haven,Split,Bind,-,-,https://www.vlr.gg/184515/drx-vs-team-secret-champions-tour-2023-pacific-league-playoffs-ubsf
Team Secret,TS,1,Bo3,A,loss,"[['Haven', 13, 8, 5], ['Split', 5, 3, 2], ['Bind', 4, 2, 2]]",22,13,9,Champions Tour 2023: Pacific League,Playoffs: Upper Semifinals,"['TS invy', 'TS JessieVash', 'TS DubsteP', 'TS BORKUM', 'TS lenne', 'TS Jremy']",Pearl,Fracture,Haven,Bind,-,Haven,Split,Bind,-,-,https://www.vlr.gg/184515/drx-vs-team-secret-champions-tour-2023-pacific-league-playoffs-ubsf
Paper Rex,PRX,2,Bo3,B,win,"[['Lotus', 13, 6, 7], ['Fracture', 13, 5, 8]]",26,11,15,Champions Tour 2023: Pacific League,Playoffs: Upper Semifinals,"['PRX d4v41', 'PRX f0rsakeN', 'PRX Jinggg', 'PRX something', 'PRX mindfreak']",Haven,Pearl,Fracture,Bind,-,Lotus,Fracture,-,-,-,https://www.vlr.gg/184516/paper-rex-vs-t1-champions-tour-2023-pacific-league-playoffs-ubsf
T1,T1,0,Bo3,A,loss,"[['Lotus', 10, 4, 6], ['Fracture', 10, 4, 6]]",20,8,12,Champions Tour 2023: Pacific League,Playoffs: Upper Semifinals,"['T1 Sayaplayer', 'T1 xeta', 'T1 Munchkin', 'T1 ban', 'T1 carpe']",Split,Ascent,Lotus,Bind,-,Lotus,Fracture,-,-,-,https://www.vlr.gg/184516/paper-rex-vs-t1-champions-tour-2023-pacific-league-playoffs-ubsf
Team Secret,TS,1,Bo3,B,loss,"[['Ascent', 13, 7, 6], ['Haven', 8, 6, 2], ['Split', 12, 5, 7]]",33,18,15,Champions Tour 2023: Pacific League,Playoffs: Lower Round 1,"['TS DubsteP', 'TS invy', 'TS BORKUM', 'TS Jremy', 'TS JessieVash']",Pearl,Bind,Haven,Split,-,Ascent,Haven,Split,-,-,https://www.vlr.gg/184518/team-secret-vs-gen-g-champions-tour-2023-pacific-league-playoffs-lr1
Gen.G,GEN,2,Bo3,A,win,"[['Ascent', 8, 6, 2], ['Haven', 13, 10, 3], ['Split', 14, 5, 7]]",35,21,12,Champions Tour 2023: Pacific League,Playoffs: Lower Round 1,"['GEN Sylvan', 'GEN k1Ng', 'GEN Meteor', 'GEN GodDead', 'GEN eKo', 'GEN TS']",Fracture,Lotus,Ascent,Split,-,Ascent,Haven,Split,-,-,https://www.vlr.gg/184518/team-secret-vs-gen-g-champions-tour-2023-pacific-league-playoffs-lr1
T1,T1,2,Bo3,B,win,"[['Haven', 13, 5, 8], ['Bind', 12, 7, 5], ['Fracture', 13, 8, 5]]",38,20,18,Champions Tour 2023: Pacific League,Playoffs: Lower Round 1,"['T1 xeta', 'T1 carpe', 'T1 Munchkin', 'T1 Sayaplayer', 'T1 ban']",Split,Ascent,Bind,Fracture,-,Haven,Bind,Fracture,-,-,https://www.vlr.gg/184517/t1-vs-zeta-division-champions-tour-2023-pacific-league-playoffs-lr1
ZETA DIVISION,ZETA,1,Bo3,A,loss,"[['Haven', 10, 4, 6], ['Bind', 14, 7, 5], ['Fracture', 10, 7, 3]]",34,18,14,Champions Tour 2023: Pacific League,Playoffs: Lower Round 1,"['ZETA SugarZ3ro', 'ZETA Dep', 'ZETA TENNN', 'ZETA Laz', 'ZETA crow']",Pearl,Lotus,Haven,Fracture,-,Haven,Bind,Fracture,-,-,https://www.vlr.gg/184517/t1-vs-zeta-division-champions-tour-2023-pacific-league-playoffs-lr1
DRX,DRX,0,Bo3,B,loss,"[['Fracture', 5, 5, 0], ['Bind', 6, 2, 4]]",11,7,4,Champions Tour 2023: Pacific League,Playoffs: Upper Final,"['DRX Rb', 'DRX stax', 'DRX MaKo', 'DRX BuZz', 'DRX Foxy9']",Lotus,Ascent,Bind,Pearl,-,Fracture,Bind,-,-,-,https://www.vlr.gg/184519/drx-vs-paper-rex-champions-tour-2023-pacific-league-playoffs-uf
Paper Rex,PRX,2,Bo3,A,win,"[['Fracture', 13, 6, 7], ['Bind', 13, 8, 5]]",26,14,12,Champions Tour 2023: Pacific League,Playoffs: Upper Final,"['PRX d4v41', 'PRX something', 'PRX mindfreak', 'PRX Jinggg', 'PRX f0rsakeN']",Haven,Split,Fracture,Pearl,-,Fracture,Bind,-,-,-,https://www.vlr.gg/184519/drx-vs-paper-rex-champions-tour-2023-pacific-league-playoffs-uf
T1,T1,2,Bo3,A,win,"[['Fracture', 10, 7, 3], ['Ascent', 10, 5, 5]]",20,12,8,Champions Tour 2023: Pacific League,Playoffs: Lower Round 2,"['T1 xeta', 'T1 Sayaplayer', 'T1 ban', 'T1 carpe', 'T1 Munchkin']",Split,Haven,Fracture,Lotus,-,Fracture,Ascent,-,-,-,https://www.vlr.gg/184520/t1-vs-gen-g-champions-tour-2023-pacific-league-playoffs-lr2
Gen.G,GEN,0,Bo3,B,loss,"[['Fracture', 13, 8, 5], ['Ascent', 13, 6, 7]]",26,14,12,Champions Tour 2023: Pacific League,Playoffs: Lower Round 2,"['GEN k1Ng', 'GEN eKo', 'GEN Meteor', 'GEN TS', 'GEN GodDead']",Pearl,Bind,Ascent,Lotus,-,Fracture,Ascent,-,-,-,https://www.vlr.gg/184520/t1-vs-gen-g-champions-tour-2023-pacific-league-playoffs-lr2
DRX,DRX,3,Bo5,A,win,"[['Ascent', 13, 10, 3], ['Fracture', 11, 3, 8], ['Haven', 11, 8, 3], ['Bind', 13, 5, 8], ['Pearl', 9, 5, 4]]",57,31,26,Champions Tour 2023: Pacific League,Playoffs: Lower Final,"['DRX MaKo', 'DRX BuZz', 'DRX Zest', 'DRX Rb', 'DRX stax']",Lotus,-,Ascent,Haven,Pearl,Ascent,Fracture,Haven,Bind,Pearl,https://www.vlr.gg/184521/drx-vs-t1-champions-tour-2023-pacific-league-playoffs-lf
T1,T1,2,Bo5,B,loss,"[['Ascent', 11, 9, 2], ['Fracture', 13, 4, 9], ['Haven', 13, 9, 4], ['Bind', 6, 4, 2], ['Pearl', 13, 8, 5]]",56,34,22,Champions Tour 2023: Pacific League,Playoffs: Lower Final,"['T1 xeta', 'T1 Munchkin', 'T1 Sayaplayer', 'T1 carpe', 'T1 ban']",Split,-,Fracture,Bind,Pearl,Ascent,Fracture,Haven,Bind,Pearl,https://www.vlr.gg/184521/drx-vs-t1-champions-tour-2023-pacific-league-playoffs-lf
Paper Rex,PRX,3,Bo5,A,win,"[['Fracture', 13, 9, 4], ['Ascent', 16, 6, 6], ['Pearl', 8, 4, 4], ['Bind', 6, 3, 3], ['Lotus', 3, 3, 0]]",46,25,17,Champions Tour 2023: Pacific League,Playoffs: Grand Final,"['PRX something', 'PRX Jinggg', 'PRX d4v41', 'PRX mindfreak', 'PRX f0rsakeN']",Haven,Split,Fracture,Lotus,Bind,Fracture,Ascent,Lotus,Pearl,Bind,https://www.vlr.gg/184522/paper-rex-vs-drx-champions-tour-2023-pacific-league-playoffs-gf
DRX,DRX,2,Bo5,B,loss,"[['Fracture', 6, 3, 3], ['Ascent', 14, 6, 6], ['Pearl', 13, 8, 5], ['Bind', 13, 4, 9], ['Lotus', 13, 4, 9]]",59,25,32,Champions Tour 2023: Pacific League,Playoffs: Grand Final,"['DRX BuZz', 'DRX Zest', 'DRX MaKo', 'DRX Rb', 'DRX stax']",-,-,Ascent,Pearl,Bind,Fracture,Ascent,Lotus,Pearl,Bind,https://www.vlr.gg/184522/paper-rex-vs-drx-champions-tour-2023-pacific-league-playoffs-gf
KOI,MKOI,0,Bo3,B,loss,"[['Icebox', 11, 9, 2], ['Haven', 9, 5, 4]]",20,14,6,Champions Tour 2023: LOCK//IN São Paulo,Bracket Stage: Alpha - Round of 16,"['MKOI trexx', 'MKOI sheydos', 'MKOI Wolfen', 'MKOI starxo', 'MKOI koldamenta']",Split,Lotus,Haven,Pearl,-,Icebox,Haven,-,-,-,https://www.vlr.gg/167348/koi-vs-nrg-esports-champions-tour-2023-lock-in-s-o-paulo-alpha-ro16
NRG,NRG,2,Bo3,A,win,"[['Icebox', 13, 10, 3], ['Haven', 13, 8, 5]]",26,18,8,Champions Tour 2023: LOCK//IN São Paulo,Bracket Stage: Alpha - Round of 16,"['NRG crashies', 'NRG s0m', 'NRG FiNESSE', 'NRG ardiis', 'NRG Victor']",Ascent,Fracture,Icebox,Pearl,-,Icebox,Haven,-,-,-,https://www.vlr.gg/167348/koi-vs-nrg-esports-champions-tour-2023-lock-in-s-o-paulo-alpha-ro16
DetonatioN FocusMe,DFM,0,Bo3,A,loss,"[['Haven', 13, 5, 8], ['Icebox', 13, 8, 5]]",26,13,13,Champions Tour 2023: LOCK//IN São Paulo,Bracket Stage: Alpha - Round of 16,"['DFM takej', 'DFM Reita', 'DFM Anthem', 'DFM xnfri', 'DFM Suggest', 'DFM Seoldam']",Split,Lotus,Haven,Pearl,-,Haven,Icebox,-,-,-,https://www.vlr.gg/167349/detonation-focusme-vs-giants-gaming-champions-tour-2023-lock-in-s-o-paulo-alpha-ro16
Giants Gaming,GIA,2,Bo3,B,win,"[['Haven', 4, 4, 0], ['Icebox', 7, 3, 4]]",11,7,4,Champions Tour 2023: LOCK//IN São Paulo,Bracket Stage: Alpha - Round of 16,"['GIA Cloud', 'GIA nukkye', 'GIA rhyme', 'GIA hoody', 'GIA Fit1nho']",Fracture,Ascent,Icebox,Pearl,-,Haven,Icebox,-,-,-,https://www.vlr.gg/167349/detonation-focusme-vs-giants-gaming-champions-tour-2023-lock-in-s-o-paulo-alpha-ro16
FunPlus Phoenix,FPX,1,Bo3,A,loss,"[['Lotus', 13, 5, 8], ['Haven', 8, 6, 2], ['Pearl', 13, 7, 6]]",34,18,16,Champions Tour 2023: LOCK//IN São Paulo,Bracket Stage: Alpha - Round of 16,"['FPX YuChEn', 'FPX Yuicaw', 'FPX AAAAY', 'FPX nizhaoTZH', 'FPX BerLIN']",Icebox,Split,Lotus,Pearl,-,Lotus,Haven,Pearl,-,-,https://www.vlr.gg/167351/funplus-phoenix-vs-karmine-corp-champions-tour-2023-lock-in-s-o-paulo-alpha-ro16
Karmine Corp,KC,2,Bo3,B,win,"[['Lotus', 6, 4, 2], ['Haven', 13, 7, 6], ['Pearl', 6, 1, 5]]",25,12,13,Champions Tour 2023: LOCK//IN São Paulo,Bracket Stage: Alpha - Round of 16,"['KC sh1n', 'KC Nivera', 'KC ScreaM', 'KC xms', 'KC Newzera']",Ascent,Fracture,Haven,Pearl,-,Lotus,Haven,Pearl,-,-,https://www.vlr.gg/167351/funplus-phoenix-vs-karmine-corp-champions-tour-2023-lock-in-s-o-paulo-alpha-ro16
BBL Esports,BBL,1,Bo3,B,loss,"[['Pearl', 3, 0, 3], ['Ascent', 13, 4, 9], ['Haven', 7, 6, 1]]",23,10,13,Champions Tour 2023: LOCK//IN São Paulo,Bracket Stage: Alpha - Round of 16,"['BBL QutionerX', 'BBL Brave', 'BBL Turko', 'BBL SouhcNi', 'BBL AsLanM4shadoW']",Fracture,Icebox,Ascent,Haven,-,Pearl,Ascent,Haven,-,-,https://www.vlr.gg/167352/bbl-esports-vs-drx-champions-tour-2023-lock-in-s-o-paulo-alpha-ro16
DRX,DRX,2,Bo3,A,win,"[['Pearl', 13, 9, 4], ['Ascent', 11, 3, 8], ['Haven', 13, 11, 2]]",37,23,14,Champions Tour 2023: LOCK//IN São Paulo,Bracket Stage: Alpha - Round of 16,"['DRX Rb', 'DRX MaKo', 'DRX stax', 'DRX BuZz', 'DRX Zest']",Lotus,Split,Pearl,Haven,-,Pearl,Ascent,Haven,-,-,https://www.vlr.gg/167352/bbl-esports-vs-drx-champions-tour-2023-lock-in-s-o-paulo-alpha-ro16
Cloud9,C9,2,Bo3,B,win,"[['Lotus', 13, 6, 7], ['Pearl', 13, 10, 3]]",26,16,10,Champions Tour 2023: LOCK//IN São Paulo,Bracket Stage: Alpha - Round of 16,"['C9 leaf', 'C9 Xeppaa', 'C9 yay', 'C9 vanity', 'C9 Zellsis']",Ascent,Haven,Pearl,Fracture,-,Lotus,Pearl,-,-,-,https://www.vlr.gg/167353/cloud9-vs-paper-rex-champions-tour-2023-lock-in-s-o-paulo-alpha-ro16
Paper Rex,PRX,0,Bo3,A,loss,"[['Lotus', 8, 5, 3], ['Pearl', 4, 2, 2]]",12,7,5,Champions Tour 2023: LOCK//IN São Paulo,Bracket Stage: Alpha - Round of 16,"['PRX Jinggg', 'PRX f0rsakeN', 'PRX Benkai', 'PRX mindfreak', 'PRX d4v41']",Icebox,Split,Lotus,Fracture,-,Lotus,Pearl,-,-,-,https://www.vlr.gg/167353/cloud9-vs-paper-rex-champions-tour-2023-lock-in-s-o-paulo-alpha-ro16
Team Heretics,TH,0,Bo3,B,loss,"[['Pearl', 8, 2, 6], ['Ascent', 8, 5, 3]]",16,7,9,Champions Tour 2023: LOCK//IN São Paulo,Bracket Stage: Alpha - Round of 16,"['TH keloqz', 'TH zeek', 'TH Mixwell', 'TH Boo', 'TH AvovA']",Icebox,Split,Ascent,Haven,-,Pearl,Ascent,-,-,-,https://www.vlr.gg/167354/team-heretics-vs-evil-geniuses-champions-tour-2023-lock-in-s-o-paulo-alpha-ro16
Evil Geniuses,EG,2,Bo3,A,win,"[['Pearl', 13, 6, 7], ['Ascent', 13, 6, 7]]",26,12,14,Champions Tour 2023: LOCK//IN São Paulo,Bracket Stage: Alpha - Round of 16,"['EG Ethan', 'EG BcJ', 'EG Boostio', 'EG jawgemo', 'EG C0M']",Lotus,Fracture,Pearl,Haven,-,Pearl,Ascent,-,-,-,https://www.vlr.gg/167354/team-heretics-vs-evil-geniuses-champions-tour-2023-lock-in-s-o-paulo-alpha-ro16
MIBR,MIBR,0,Bo3,A,loss,"[['Haven', 13, 5, 8], ['Fracture', 13, 6, 7]]",26,11,15,Champions Tour 2023: LOCK//IN São Paulo,Bracket Stage: Alpha - Round of 16,"['MIBR frz', 'MIBR murizzz', 'MIBR heat', 'MIBR jzz', 'MIBR RgLMeister']",Ascent,Split,Haven,Icebox,-,Haven,Fracture,-,-,-,https://www.vlr.gg/167355/mibr-vs-talon-esports-champions-tour-2023-lock-in-s-o-paulo-alpha-ro16
TALON,TLN,2,Bo3,B,win,"[['Haven', 8, 4, 4], ['Fracture', 11, 5, 6]]",19,9,10,Champions Tour 2023: LOCK//IN São Paulo,Bracket Stage: Alpha - Round of 16,"['TLN Sushiboys', 'TLN foxz', 'TLN Crws', 'TLN garnetS', 'TLN JitBoyS']",Lotus,Pearl,Fracture,Icebox,-,Haven,Fracture,-,-,-,https://www.vlr.gg/167355/mibr-vs-talon-esports-champions-tour-2023-lock-in-s-o-paulo-alpha-ro16
Gen.G,GEN,0,Bo3,B,loss,"[['Pearl', 9, 7, 2], ['Fracture', 12, 8, 4]]",21,15,6,Champions Tour 2023: LOCK//IN São Paulo,Bracket Stage: Alpha - Round of 16,"['GEN k1Ng', 'GEN TS', 'GEN Meteor', 'GEN eKo', 'GEN Secret']",Icebox,Ascent,Fracture,Split,-,Pearl,Fracture,-,-,-,https://www.vlr.gg/167350/gen-g-vs-loud-champions-tour-2023-lock-in-s-o-paulo-alpha-ro16
LOUD,LOUD,2,Bo3,A,win,"[['Pearl', 13, 8, 5], ['Fracture', 14, 8, 4]]",27,16,9,Champions Tour 2023: LOCK//IN São Paulo,Bracket Stage: Alpha - Round of 16,"['LOUD cauanzin', 'LOUD saadhak', 'LOUD aspas', 'LOUD Less', 'LOUD tuyz']",Haven,Lotus,Pearl,Split,-,Pearl,Fracture,-,-,-,https://www.vlr.gg/167350/gen-g-vs-loud-champions-tour-2023-lock-in-s-o-paulo-alpha-ro16
NRG,NRG,2,Bo3,A,win,"[['Lotus', 14, 8, 4], ['Haven', 1, 0, 1], ['Icebox', 7, 3, 4]]",22,11,9,Champions Tour 2023: LOCK//IN São Paulo,Bracket Stage: Alpha - Quarterfinals,"['NRG s0m', 'NRG ardiis', 'NRG crashies', 'NRG Victor', 'NRG FiNESSE']",Ascent,Pearl,Lotus,Icebox,-,Lotus,Haven,Icebox,-,-,https://www.vlr.gg/167356/nrg-esports-vs-giants-gaming-champions-tour-2023-lock-in-s-o-paulo-alpha-qf
Giants Gaming,GIA,1,Bo3,B,loss,"[['Lotus', 12, 8, 4], ['Haven', 13, 11, 2], ['Icebox', 13, 4, 9]]",38,23,15,Champions Tour 2023: LOCK//IN São Paulo,Bracket Stage: Alpha - Quarterfinals,"['GIA Fit1nho', 'GIA nukkye', 'GIA Cloud', 'GIA hoody', 'GIA rhyme']",Fracture,Split,Haven,Icebox,-,Lotus,Haven,Icebox,-,-,https://www.vlr.gg/167356/nrg-esports-vs-giants-gaming-champions-tour-2023-lock-in-s-o-paulo-alpha-qf
LOUD,LOUD,2,Bo3,A,win,"[['Pearl', 10, 6, 4], ['Split', 8, 4, 4]]",18,10,8,Champions Tour 2023: LOCK//IN São Paulo,Bracket Stage: Alpha - Quarterfinals,"['LOUD Less', 'LOUD tuyz', 'LOUD aspas', 'LOUD cauanzin', 'LOUD saadhak']",Icebox,Lotus,Pearl,Fracture,-,Pearl,Split,-,-,-,https://www.vlr.gg/167357/loud-vs-karmine-corp-champions-tour-2023-lock-in-s-o-paulo-alpha-qf
Karmine Corp,KC,0,Bo3,B,loss,"[['Pearl', 13, 8, 5], ['Split', 13, 8, 5]]",26,16,10,Champions Tour 2023: LOCK//IN São Paulo,Bracket Stage: Alpha - Quarterfinals,"['KC Nivera', 'KC sh1n', 'KC Newzera', 'KC xms', 'KC ScreaM']",Ascent,Haven,Split,Fracture,-,Pearl,Split,-,-,-,https://www.vlr.gg/167357/loud-vs-karmine-corp-champions-tour-2023-lock-in-s-o-paulo-alpha-qf
DRX,DRX,2,Bo3,B,win,"[['Pearl', 3, 3, 0], ['Haven', 13, 9, 4], ['Icebox', 13, 11, 2]]",29,23,6,Champions Tour 2023: LOCK//IN São Paulo,Bracket Stage: Alpha - Quarterfinals,"['DRX MaKo', 'DRX stax', 'DRX BuZz', 'DRX Rb', 'DRX Zest']",Lotus,Split,Haven,Icebox,-,Pearl,Haven,Icebox,-,-,https://www.vlr.gg/167358/drx-vs-cloud9-champions-tour-2023-lock-in-s-o-paulo-alpha-qf
Cloud9,C9,1,Bo3,A,loss,"[['Pearl', 13, 4, 9], ['Haven', 7, 4, 3], ['Icebox', 2, 1, 1]]",22,9,13,Champions Tour 2023: LOCK//IN São Paulo,Bracket Stage: Alpha - Quarterfinals,"['C9 yay', 'C9 Zellsis', 'C9 leaf', 'C9 Xeppaa', 'C9 vanity']",Fracture,Ascent,Pearl,Icebox,-,Pearl,Haven,Icebox,-,-,https://www.vlr.gg/167358/drx-vs-cloud9-champions-tour-2023-lock-in-s-o-paulo-alpha-qf
Evil Geniuses,EG,0,Bo3,A,loss,"[['Haven', 13, 3, 10], ['Split', 13, 4, 9]]",26,7,19,Champions Tour 2023: LOCK//IN São Paulo,Bracket Stage: Alpha - Quarterfinals,"['EG jawgemo', 'EG BcJ', 'EG Boostio', 'EG C0M', 'EG Ethan']",Lotus,Ascent,Haven,Icebox,-,Haven,Split,-,-,-,https://www.vlr.gg/167359/evil-geniuses-vs-talon-esports-champions-tour-2023-lock-in-s-o-paulo-alpha-qf
TALON,TLN,2,Bo3,B,win,"[['Haven', 11, 2, 9], ['Split', 10, 2, 8]]",21,4,17,Champions Tour 2023: LOCK//IN São Paulo,Bracket Stage: Alpha - Quarterfinals,"['TLN JitBoyS', 'TLN garnetS', 'TLN foxz', 'TLN Sushiboys', 'TLN Crws']",Pearl,Fracture,Split,Icebox,-,Haven,Split,-,-,-,https://www.vlr.gg/167359/evil-geniuses-vs-talon-esports-champions-tour-2023-lock-in-s-o-paulo-alpha-qf
NRG,NRG,1,Bo3,A,loss,"[['Split', 13, 9, 4], ['Pearl', 13, 7, 5], ['Fracture', 18, 7, 5]]",44,23,14,Champions Tour 2023: LOCK//IN São Paulo,Bracket Stage: Alpha - Semifinals,"['NRG crashies', 'NRG ardiis', 'NRG s0m', 'NRG Victor', 'NRG FiNESSE']",Ascent,Icebox,Split,Fracture,-,Split,Pearl,Fracture,-,-,https://www.vlr.gg/167360/nrg-esports-vs-loud-champions-tour-2023-lock-in-s-o-paulo-alpha-sf
LOUD,LOUD,2,Bo3,B,win,"[['Split', 3, 0, 3], ['Pearl', 15, 7, 5], ['Fracture', 16, 7, 5]]",34,14,13,Champions Tour 2023: LOCK//IN São Paulo,Bracket Stage: Alpha - Semifinals,"['LOUD aspas', 'LOUD tuyz', 'LOUD Less', 'LOUD cauanzin', 'LOUD saadhak']",Haven,Lotus,Pearl,Fracture,-,Split,Pearl,Fracture,-,-,https://www.vlr.gg/167360/nrg-esports-vs-loud-champions-tour-2023-lock-in-s-o-paulo-alpha-sf
DRX,DRX,2,Bo3,B,win,"[['Fracture', 10, 4, 6], ['Ascent', 13, 6, 7], ['Icebox', 13, 7, 6]]",36,17,19,Champions Tour 2023: LOCK//IN São Paulo,Bracket Stage: Alpha - Semifinals,"['DRX MaKo', 'DRX Zest', 'DRX BuZz', 'DRX Rb', 'DRX stax']",Lotus,Pearl,Ascent,Icebox,-,Fracture,Ascent,Icebox,-,-,https://www.vlr.gg/167361/drx-vs-talon-esports-champions-tour-2023-lock-in-s-o-paulo-alpha-sf
TALON,TLN,1,Bo3,A,loss,"[['Fracture', 13, 5, 8], ['Ascent', 6, 0, 6], ['Icebox', 10, 5, 5]]",29,10,19,Champions Tour 2023: LOCK//IN São Paulo,Bracket Stage: Alpha - Semifinals,"['TLN foxz', 'TLN garnetS', 'TLN Sushiboys', 'TLN Crws', 'TLN JitBoyS']",Haven,Split,Fracture,Icebox,-,Fracture,Ascent,Icebox,-,-,https://www.vlr.gg/167361/drx-vs-talon-esports-champions-tour-2023-lock-in-s-o-paulo-alpha-sf
Team Liquid,TL,0,Bo3,B,loss,"[['Icebox', 8, 2, 6], ['Fracture', 7, 3, 4]]",15,5,10,Champions Tour 2023: LOCK//IN São Paulo,Bracket Stage: Omega - Round of 16,"['TL nAts', 'TL Jamppi', 'TL Redgar', 'TL Sayf', 'TL soulcas']",Haven,Split,Fracture,Lotus,-,Icebox,Fracture,-,-,-,https://www.vlr.gg/167362/team-liquid-vs-team-secret-champions-tour-2023-lock-in-s-o-paulo-omega-ro16
Team Secret,TS,2,Bo3,A,win,"[['Icebox', 13, 3, 10], ['Fracture', 13, 4, 9]]",26,7,19,Champions Tour 2023: LOCK//IN São Paulo,Bracket Stage: Omega - Round of 16,"['TS invy', 'TS JessieVash', 'TS DubsteP', 'TS Jremy', 'TS BORKUM']",Ascent,Pearl,Icebox,Lotus,-,Icebox,Fracture,-,-,-,https://www.vlr.gg/167362/team-liquid-vs-team-secret-champions-tour-2023-lock-in-s-o-paulo-omega-ro16
Natus Vincere,NAVI,2,Bo3,B,win,"[['Ascent', 13, 9, 4], ['Lotus', 13, 10, 3]]",26,19,7,Champions Tour 2023: LOCK//IN São Paulo,Bracket Stage: Omega - Round of 16,"['NAVI Zyppan', 'NAVI ANGE1', 'NAVI Shao', 'NAVI cNed', 'NAVI SUYGETSU']",Haven,Split,Lotus,Pearl,-,Ascent,Lotus,-,-,-,https://www.vlr.gg/167363/natus-vincere-vs-kr-esports-champions-tour-2023-lock-in-s-o-paulo-omega-ro16
KRÜ Esports,KRÜ,0,Bo3,A,loss,"[['Ascent', 5, 2, 3], ['Lotus', 10, 9, 1]]",15,11,4,Champions Tour 2023: LOCK//IN São Paulo,Bracket Stage: Omega - Round of 16,"['KRÜ xand', 'KRÜ DaveeyS', 'KRÜ Melser', 'KRÜ axeddy', 'KRÜ NagZ']",Icebox,Fracture,Ascent,Pearl,-,Ascent,Lotus,-,-,-,https://www.vlr.gg/167363/natus-vincere-vs-kr-esports-champions-tour-2023-lock-in-s-o-paulo-omega-ro16
ZETA DIVISION,ZETA,0,Bo3,B,loss,"[['Ascent', 4, 2, 2], ['Pearl', 11, 6, 5]]",15,8,7,Champions Tour 2023: LOCK//IN São Paulo,Bracket Stage: Omega - Round of 16,"['ZETA SugarZ3ro', 'ZETA Laz', 'ZETA Dep', 'ZETA crow', 'ZETA TENNN']",Icebox,Lotus,Pearl,Haven,-,Ascent,Pearl,-,-,-,https://www.vlr.gg/167364/zeta-division-vs-leviat-n-champions-tour-2023-lock-in-s-o-paulo-omega-ro16
LEVIATÁN,LEV,2,Bo3,A,win,"[['Ascent', 13, 10, 3], ['Pearl', 13, 7, 6]]",26,17,9,Champions Tour 2023: LOCK//IN São Paulo,Bracket Stage: Omega - Round of 16,"['LEV Mazino', 'LEV kiNgg', 'LEV Shyy', 'LEV nzr', 'LEV Tacolilla']",Split,Fracture,Ascent,Haven,-,Ascent,Pearl,-,-,-,https://www.vlr.gg/167364/zeta-division-vs-leviat-n-champions-tour-2023-lock-in-s-o-paulo-omega-ro16
Team Vitality,VIT,2,Bo3,B,win,"[['Split', 13, 9, 4], ['Pearl', 9, 2, 7], ['Lotus', 13, 8, 5]]",35,19,16,Champions Tour 2023: LOCK//IN São Paulo,Bracket Stage: Omega - Round of 16,"['VIT Twisten', 'VIT MOLSI', 'VIT ceNder', 'VIT Destrian', 'VIT BONECOLD']",Icebox,Fracture,Pearl,Lotus,-,Split,Pearl,Lotus,-,-,https://www.vlr.gg/167365/team-vitality-vs-global-esports-champions-tour-2023-lock-in-s-o-paulo-omega-ro16
Global Esports,GE,1,Bo3,A,loss,"[['Split', 4, 1, 3], ['Pearl', 13, 5, 8], ['Lotus', 6, 2, 4]]",23,8,15,Champions Tour 2023: LOCK//IN São Paulo,Bracket Stage: Omega - Round of 16,"['GE Monyet', 'GE t3xture', 'GE AYRIN', 'GE Bazzi', 'GE SkRossi']",Ascent,Haven,Split,Lotus,-,Split,Pearl,Lotus,-,-,https://www.vlr.gg/167365/team-vitality-vs-global-esports-champions-tour-2023-lock-in-s-o-paulo-omega-ro16
FUT Esports,FUT,2,Bo3,B,win,"[['Lotus', 13, 3, 10], ['Pearl', 13, 8, 5]]",26,11,15,Champions Tour 2023: LOCK//IN São Paulo,Bracket Stage: Omega - Round of 16,"['FUT MOJJ', 'FUT AtaKaptan', 'FUT qw1', 'FUT qRaxs', 'FUT MrFaliN']",Haven,Ascent,Pearl,Split,-,Lotus,Pearl,-,-,-,https://www.vlr.gg/167366/fut-esports-vs-rex-regum-qeon-champions-tour-2023-lock-in-s-o-paulo-omega-ro16
Rex Regum Qeon,RRQ,0,Bo3,A,loss,"[['Lotus', 3, 2, 1], ['Pearl', 11, 7, 4]]",14,9,5,Champions Tour 2023: LOCK//IN São Paulo,Bracket Stage: Omega - Round of 16,"['RRQ Emman', 'RRQ xffero', 'RRQ fl1pzjder', 'RRQ Lmemore', 'RRQ EJAY', 'RRQ 2GE']",Fracture,Icebox,Lotus,Split,-,Lotus,Pearl,-,-,-,https://www.vlr.gg/167366/fut-esports-vs-rex-regum-qeon-champions-tour-2023-lock-in-s-o-paulo-omega-ro16
100 Thieves,100T,2,Bo3,A,win,"[['Icebox', 10, 4, 6], ['Lotus', 13, 8, 5], ['Pearl', 12, 5, 7]]",35,17,18,Champions Tour 2023: LOCK//IN São Paulo,Bracket Stage: Omega - Round of 16,"['100T stellar', '100T bang', '100T Cryocells', '100T Derrek', '100T Asuna']",Ascent,Split,Icebox,Pearl,-,Icebox,Lotus,Pearl,-,-,https://www.vlr.gg/167367/100-thieves-vs-edward-gaming-champions-tour-2023-lock-in-s-o-paulo-omega-ro16
EDward Gaming,EDG,1,Bo3,B,loss,"[['Icebox', 13, 5, 8], ['Lotus', 9, 7, 2], ['Pearl', 14, 5, 7]]",36,17,17,Champions Tour 2023: LOCK//IN São Paulo,Bracket Stage: Omega - Round of 16,"['EDG CHICHOO', 'EDG ZmjjKK', 'EDG nobody', 'EDG Smoggy', 'EDG Haodong']",Haven,Fracture,Lotus,Pearl,-,Icebox,Lotus,Pearl,-,-,https://www.vlr.gg/167367/100-thieves-vs-edward-gaming-champions-tour-2023-lock-in-s-o-paulo-omega-ro16
Sentinels,SEN,0,Bo3,B,loss,"[['Haven', 6, 3, 3], ['Split', 7, 6, 1]]",13,9,4,Champions Tour 2023: LOCK//IN São Paulo,Bracket Stage: Omega - Round of 16,"['SEN TenZ', 'SEN pANcada', 'SEN Sacy', 'SEN dephh', 'SEN zekken']",Icebox,Fracture,Split,Lotus,-,Haven,Split,-,-,-,https://www.vlr.gg/167368/sentinels-vs-fnatic-champions-tour-2023-lock-in-s-o-paulo-omega-ro16
FNATIC,FNC,2,Bo3,A,win,"[['Haven', 13, 4, 9], ['Split', 13, 7, 6]]",26,11,15,Champions Tour 2023: LOCK//IN São Paulo,Bracket Stage: Omega - Round of 16,"['FNC Derke', 'FNC Alfajer', 'FNC Leo', 'FNC Chronicle', 'FNC Boaster']",Pearl,Ascent,Haven,Lotus,-,Haven,Split,-,-,-,https://www.vlr.gg/167368/sentinels-vs-fnatic-champions-tour-2023-lock-in-s-o-paulo-omega-ro16
Team Secret,TS,0,Bo3,A,loss,"[['Icebox', 13, 7, 6], ['Pearl', 13, 4, 9]]",26,11,15,Champions Tour 2023: LOCK//IN São Paulo,Bracket Stage: Omega - Quarterfinals,"['TS JessieVash', 'TS BORKUM', 'TS invy', 'TS Jremy', 'TS DubsteP']",Ascent,Lotus,Icebox,Fracture,-,Icebox,Pearl,-,-,-,https://www.vlr.gg/167370/team-secret-vs-natus-vincere-champions-tour-2023-lock-in-s-o-paulo-omega-qf
Natus Vincere,NAVI,2,Bo3,B,win,"[['Icebox', 8, 6, 2], ['Pearl', 4, 3, 1]]",12,9,3,Champions Tour 2023: LOCK//IN São Paulo,Bracket Stage: Omega - Quarterfinals,"['NAVI Shao', 'NAVI Zyppan', 'NAVI cNed', 'NAVI ANGE1', 'NAVI SUYGETSU']",Haven,Split,Pearl,Fracture,-,Icebox,Pearl,-,-,-,https://www.vlr.gg/167370/team-secret-vs-natus-vincere-champions-tour-2023-lock-in-s-o-paulo-omega-qf
LEVIATÁN,LEV,2,Bo3,A,win,"[['Haven', 14, 7, 5], ['Pearl', 3, 2, 1]]",17,9,6,Champions Tour 2023: LOCK//IN São Paulo,Bracket Stage: Omega - Quarterfinals,"['LEV Shyy', 'LEV kiNgg', 'LEV Tacolilla', 'LEV nzr', 'LEV Mazino']",Split,Fracture,Haven,Ascent,-,Haven,Pearl,-,-,-,https://www.vlr.gg/167371/leviat-n-vs-team-vitality-champions-tour-2023-lock-in-s-o-paulo-omega-qf
Team Vitality,VIT,0,Bo3,B,loss,"[['Haven', 16, 7, 5], ['Pearl', 13, 3, 10]]",29,10,15,Champions Tour 2023: LOCK//IN São Paulo,Bracket Stage: Omega - Quarterfinals,"['VIT ceNder', 'VIT MOLSI', 'VIT Twisten', 'VIT BONECOLD', 'VIT Destrian']",Icebox,Lotus,Pearl,Ascent,-,Haven,Pearl,-,-,-,https://www.vlr.gg/167371/leviat-n-vs-team-vitality-champions-tour-2023-lock-in-s-o-paulo-omega-qf
FUT Esports,FUT,1,Bo3,A,loss,"[['Lotus', 9, 7, 2], ['Haven', 13, 7, 6], ['Icebox', 13, 5, 8]]",35,19,16,Champions Tour 2023: LOCK//IN São Paulo,Bracket Stage: Omega - Quarterfinals,"['FUT qRaxs', 'FUT qw1', 'FUT MrFaliN', 'FUT MOJJ', 'FUT AtaKaptan']",Fracture,Pearl,Lotus,Icebox,-,Lotus,Haven,Icebox,-,-,https://www.vlr.gg/167372/fut-esports-vs-100-thieves-champions-tour-2023-lock-in-s-o-paulo-omega-qf
100 Thieves,100T,2,Bo3,B,win,"[['Lotus', 13, 8, 5], ['Haven', 11, 6, 5], ['Icebox', 8, 4, 4]]",32,18,14,Champions Tour 2023: LOCK//IN São Paulo,Bracket Stage: Omega - Quarterfinals,"['100T Asuna', '100T Cryocells', '100T bang', '100T Derrek', '100T stellar']",Ascent,Split,Haven,Icebox,-,Lotus,Haven,Icebox,-,-,https://www.vlr.gg/167372/fut-esports-vs-100-thieves-champions-tour-2023-lock-in-s-o-paulo-omega-qf
FNATIC,FNC,2,Bo3,A,win,"[['Haven', 16, 8, 4], ['Ascent', 9, 4, 5]]",25,12,9,Champions Tour 2023: LOCK//IN São Paulo,Bracket Stage: Omega - Quarterfinals,"['FNC Leo', 'FNC Chronicle', 'FNC Derke', 'FNC Alfajer', 'FNC Boaster']",Pearl,Split,Haven,Icebox,-,Haven,Ascent,-,-,-,https://www.vlr.gg/167373/fnatic-vs-furia-champions-tour-2023-lock-in-s-o-paulo-omega-qf
FURIA,FUR,0,Bo3,B,loss,"[['Haven', 18, 8, 4], ['Ascent', 13, 5, 8]]",31,13,12,Champions Tour 2023: LOCK//IN São Paulo,Bracket Stage: Omega - Quarterfinals,"['FUR mwzera', 'FUR dgzin', 'FUR Khalil', 'FUR ambitioN', 'FUR mazin']",Lotus,Fracture,Ascent,Icebox,-,Haven,Ascent,-,-,-,https://www.vlr.gg/167373/fnatic-vs-furia-champions-tour-2023-lock-in-s-o-paulo-omega-qf
Natus Vincere,NAVI,2,Bo3,B,win,"[['Ascent', 13, 7, 6], ['Fracture', 13, 11, 2]]",26,18,8,Champions Tour 2023: LOCK//IN São Paulo,Bracket Stage: Omega - Semifinals,"['NAVI Shao', 'NAVI SUYGETSU', 'NAVI cNed', 'NAVI Zyppan', 'NAVI ANGE1']",Haven,Icebox,Fracture,Pearl,-,Ascent,Fracture,-,-,-,https://www.vlr.gg/167374/natus-vincere-vs-leviat-n-champions-tour-2023-lock-in-s-o-paulo-omega-sf
LEVIATÁN,LEV,0,Bo3,A,loss,"[['Ascent', 10, 6, 4], ['Fracture', 2, 1, 1]]",12,7,5,Champions Tour 2023: LOCK//IN São Paulo,Bracket Stage: Omega - Semifinals,"['LEV Shyy', 'LEV Tacolilla', 'LEV kiNgg', 'LEV nzr', 'LEV Mazino']",Split,Lotus,Ascent,Pearl,-,Ascent,Fracture,-,-,-,https://www.vlr.gg/167374/natus-vincere-vs-leviat-n-champions-tour-2023-lock-in-s-o-paulo-omega-sf
100 Thieves,100T,0,Bo3,A,loss,"[['Fracture', 13, 11, 2], ['Icebox', 13, 3, 10]]",26,14,12,Champions Tour 2023: LOCK//IN São Paulo,Bracket Stage: Omega - Semifinals,"['100T Asuna', '100T Cryocells', '100T Derrek', '100T bang', '100T stellar']",Ascent,Split,Fracture,Lotus,-,Fracture,Icebox,-,-,-,https://www.vlr.gg/167375/100-thieves-vs-fnatic-champions-tour-2023-lock-in-s-o-paulo-omega-sf
FNATIC,FNC,2,Bo3,B,win,"[['Fracture', 1, 0, 1], ['Icebox', 10, 2, 8]]",11,2,9,Champions Tour 2023: LOCK//IN São Paulo,Bracket Stage: Omega - Semifinals,"['FNC Leo', 'FNC Derke', 'FNC Chronicle', 'FNC Alfajer', 'FNC Boaster']",Pearl,Haven,Icebox,Lotus,-,Fracture,Icebox,-,-,-,https://www.vlr.gg/167375/100-thieves-vs-fnatic-champions-tour-2023-lock-in-s-o-paulo-omega-sf
LOUD,LOUD,3,Bo5,A,win,"[['Pearl', 5, 3, 2], ['Icebox', 8, 5, 3], ['Split', 13, 4, 9], ['Fracture', 13, 7, 6], ['Ascent', 8, 3, 5]]",47,22,25,Champions Tour 2023: LOCK//IN São Paulo,Playoffs: Semifinals,"['LOUD aspas', 'LOUD cauanzin', 'LOUD Less', 'LOUD tuyz', 'LOUD saadhak']",Haven,-,Pearl,Split,Ascent,Pearl,Icebox,Split,Fracture,Ascent,https://www.vlr.gg/167391/loud-vs-drx-champions-tour-2023-lock-in-s-o-paulo-sf
DRX,DRX,2,Bo5,B,loss,"[['Pearl', 13, 4, 9], ['Icebox', 13, 9, 4], ['Split', 7, 3, 4], ['Fracture', 7, 6, 1], ['Ascent', 13, 7, 6]]",53,29,24,Champions Tour 2023: LOCK//IN São Paulo,Playoffs: Semifinals,"['DRX MaKo', 'DRX BuZz', 'DRX stax', 'DRX Rb', 'DRX Zest']",Lotus,-,Icebox,Fracture,Ascent,Pearl,Icebox,Split,Fracture,Ascent,https://www.vlr.gg/167391/loud-vs-drx-champions-tour-2023-lock-in-s-o-paulo-sf
Natus Vincere,NAVI,0,Bo5,B,loss,"[['Haven', 11, 5, 6], ['Lotus', 4, 2, 2], ['Fracture', 11, 5, 6]]",26,12,14,Champions Tour 2023: LOCK//IN São Paulo,Playoffs: Semifinals,"['NAVI Shao', 'NAVI SUYGETSU', 'NAVI Zyppan', 'NAVI cNed', 'NAVI ANGE1']",Icebox,-,Lotus,Split,Ascent,Haven,Lotus,Fracture,-,-,https://www.vlr.gg/167392/natus-vincere-vs-fnatic-champions-tour-2023-lock-in-s-o-paulo-sf
FNATIC,FNC,3,Bo5,A,win,"[['Haven', 13, 6, 7], ['Lotus', 13, 10, 3], ['Fracture', 13, 6, 7]]",39,22,17,Champions Tour 2023: LOCK//IN São Paulo,Playoffs: Semifinals,"['FNC Leo', 'FNC Alfajer', 'FNC Chronicle', 'FNC Boaster', 'FNC Derke']",Pearl,-,Haven,Fracture,Ascent,Haven,Lotus,Fracture,-,-,https://www.vlr.gg/167392/natus-vincere-vs-fnatic-champions-tour-2023-lock-in-s-o-paulo-sf
LOUD,LOUD,2,Bo5,A,loss,"[['Ascent', 13, 5, 8], ['Fracture', 13, 6, 7], ['Split', 9, 4, 5], ['Lotus', 8, 3, 5], ['Icebox', 14, 9, 3]]",57,27,28,Champions Tour 2023: LOCK//IN São Paulo,Playoffs: Grand Final,"['LOUD Less', 'LOUD aspas', 'LOUD cauanzin', 'LOUD tuyz', 'LOUD saadhak']",Haven,-,Ascent,Split,Icebox,Ascent,Fracture,Split,Lotus,Icebox,https://www.vlr.gg/167393/loud-vs-fnatic-champions-tour-2023-lock-in-s-o-paulo-gf
FNATIC,FNC,3,Bo5,B,win,"[['Ascent', 8, 4, 4], ['Fracture', 7, 1, 6], ['Split', 13, 7, 6], ['Lotus', 13, 7, 6], ['Icebox', 12, 9, 3]]",53,28,25,Champions Tour 2023: LOCK//IN São Paulo,Playoffs: Grand Final,"['FNC Leo', 'FNC Boaster', 'FNC Derke', 'FNC Alfajer', 'FNC Chronicle']",Pearl,-,Fracture,Lotus,Icebox,Ascent,Fracture,Split,Lotus,Icebox,https://www.vlr.gg/167393/loud-vs-fnatic-champions-tour-2023-lock-in-s-o-paulo-gf
