team_name,team_aggr,total_map_win,best_of_type,pick_team,match_res,map_stats,total_win,t_win,ct_win,event_name,match_type,player_list,ban_map_1,ban_map_2,pick_map_1,pick_map_2,pick_map_3,match_map_1,match_map_2,match_map_3,match_map_4,match_map_5,match_url
Gen.G,GEN,2,Bo3,B,win,"[['Haven', 13, 6, 7], ['Ascent', 13, 8, 5]]",26,14,12,Valorant Champions 2024,Group Stage: Opening (B),"['GEN t3xture', 'GEN Karon', 'GEN Meteor', 'GEN Munchkin', 'GEN Lakia']",Sunset,Lotus,Ascent,Abyss,-,Haven,Ascent,-,-,-,https://www.vlr.gg/378662/gen-g-vs-sentinels-valorant-champions-2024-opening-b
Sentinels,SEN,0,Bo3,A,loss,"[['Haven', 8, 5, 3], ['Ascent', 7, 3, 4]]",15,8,7,Valorant Champions 2024,Group Stage: Opening (B),"['SEN Sacy', 'SEN TenZ', 'SEN Zellsis', 'SEN johnqt', 'SEN zekken']",Icebox,Bind,Haven,Abyss,-,Haven,Ascent,-,-,-,https://www.vlr.gg/378662/gen-g-vs-sentinels-valorant-champions-2024-opening-b
FunPlus Phoenix,FPX,1,Bo3,A,loss,"[['Abyss', 14, 8, 4], ['Bind', 9, 4, 5], ['Lotus', 15, 6, 6]]",38,18,15,Valorant Champions 2024,Group Stage: Opening (B),"['FPX Autumn', 'FPX AAAAY', 'FPX Lysoar', 'FPX BerLIN', 'FPX Life']",Sunset,Ascent,Abyss,Lotus,-,Abyss,Bind,Lotus,-,-,https://www.vlr.gg/378663/funplus-phoenix-vs-team-heretics-valorant-champions-2024-opening-b
Team Heretics,TH,2,Bo3,B,win,"[['Abyss', 12, 8, 4], ['Bind', 13, 5, 8], ['Lotus', 13, 6, 6]]",38,19,18,Valorant Champions 2024,Group Stage: Opening (B),"['TH RieNs', 'TH Wo0t', 'TH benjyfishy', 'TH Boo', 'TH MiniBoo']",Icebox,Haven,Bind,Lotus,-,Abyss,Bind,Lotus,-,-,https://www.vlr.gg/378663/funplus-phoenix-vs-team-heretics-valorant-champions-2024-opening-b
DRX,DRX,2,Bo3,B,win,"[['Haven', 2, 2, 0], ['Abyss', 13, 5, 8], ['Bind', 13, 4, 9]]",28,11,17,Valorant Champions 2024,Group Stage: Opening (A),"['DRX Flashback', 'DRX BuZz', 'DRX Foxy9', 'DRX BeYN', 'DRX MaKo']",Lotus,Sunset,Abyss,Bind,-,Haven,Abyss,Bind,-,-,https://www.vlr.gg/378657/drx-vs-kr-esports-valorant-champions-2024-opening-a
KRÜ Esports,KRÜ,1,Bo3,A,loss,"[['Haven', 13, 3, 10], ['Abyss', 6, 4, 2], ['Bind', 6, 3, 3]]",25,10,15,Valorant Champions 2024,Group Stage: Opening (A),"['KRÜ Melser', 'KRÜ keznit', 'KRÜ Shyy', 'KRÜ heat', 'KRÜ mta']",Icebox,Ascent,Haven,Bind,-,Haven,Abyss,Bind,-,-,https://www.vlr.gg/378657/drx-vs-kr-esports-valorant-champions-2024-opening-a
FNATIC,FNC,2,Bo3,B,win,"[['Bind', 13, 6, 7], ['Lotus', 13, 3, 10]]",26,9,17,Valorant Champions 2024,Group Stage: Opening (A),"['FNC Chronicle', 'FNC hiro', 'FNC Derke', 'FNC Boaster', 'FNC Alfajer']",Sunset,Icebox,Lotus,Ascent,-,Bind,Lotus,-,-,-,https://www.vlr.gg/378656/fnatic-vs-bilibili-gaming-valorant-champions-2024-opening-a
Bilibili Gaming,BLG,0,Bo3,A,loss,"[['Bind', 9, 5, 4], ['Lotus', 4, 2, 2]]",13,7,6,Valorant Champions 2024,Group Stage: Opening (A),"['BLG whzy', 'BLG nephh', 'BLG Knight', 'BLG Flex1n', 'BLG yosemite']",Haven,Abyss,Bind,Ascent,-,Bind,Lotus,-,-,-,https://www.vlr.gg/378656/fnatic-vs-bilibili-gaming-valorant-champions-2024-opening-a
LEVIATÁN,LEV,2,Bo3,B,win,"[['Bind', 13, 6, 7], ['Ascent', 13, 5, 8]]",26,11,15,Valorant Champions 2024,Group Stage: Opening (C),"['LEV kiNgg', 'LEV aspas', 'LEV C0M', 'LEV tex', 'LEV Mazino']",Lotus,Abyss,Ascent,Sunset,-,Bind,Ascent,-,-,-,https://www.vlr.gg/378667/leviat-n-vs-talon-esports-valorant-champions-2024-opening-c
TALON,TLN,0,Bo3,A,loss,"[['Bind', 11, 5, 6], ['Ascent', 8, 4, 4]]",19,9,10,Valorant Champions 2024,Group Stage: Opening (C),"['TLN primmie', 'TLN ban', 'TLN Governor', 'TLN JitBoyS', 'TLN Crws']",Icebox,Haven,Bind,Sunset,-,Bind,Ascent,-,-,-,https://www.vlr.gg/378667/leviat-n-vs-talon-esports-valorant-champions-2024-opening-c
Team Vitality,VIT,1,Bo3,B,loss,"[['Ascent', 13, 7, 5], ['Sunset', 13, 5, 8], ['Bind', 7, 6, 1]]",33,18,14,Valorant Champions 2024,Group Stage: Opening (C),"['VIT trexx', 'VIT runneR', 'VIT ceNder', 'VIT Sayf', 'VIT Kicks']",Lotus,Haven,Sunset,Bind,-,Ascent,Sunset,Bind,-,-,https://www.vlr.gg/378669/team-vitality-vs-trace-esports-valorant-champions-2024-opening-c
Trace Esports,TE,2,Bo3,A,win,"[['Ascent', 15, 7, 5], ['Sunset', 7, 4, 3], ['Bind', 13, 7, 6]]",35,18,14,Valorant Champions 2024,Group Stage: Opening (C),"['TE LuoK1ng', 'TE Kai', 'TE heybay', 'TE FengF', 'TE Biank']",Icebox,Abyss,Ascent,Bind,-,Ascent,Sunset,Bind,-,-,https://www.vlr.gg/378669/team-vitality-vs-trace-esports-valorant-champions-2024-opening-c
G2 Esports,G2,2,Bo3,B,win,"[['Icebox', 13, 8, 5], ['Lotus', 13, 4, 9]]",26,12,14,Valorant Champions 2024,Group Stage: Opening (D),"['G2 leaf', 'G2 trent', 'G2 icy', 'G2 JonahP', 'G2 valyn']",Sunset,Abyss,Lotus,Bind,-,Icebox,Lotus,-,-,-,https://www.vlr.gg/378674/g2-esports-vs-paper-rex-valorant-champions-2024-opening-d
Paper Rex,PRX,0,Bo3,A,loss,"[['Icebox', 8, 4, 4], ['Lotus', 9, 3, 6]]",17,7,10,Valorant Champions 2024,Group Stage: Opening (D),"['PRX f0rsakeN', 'PRX mindfreak', 'PRX something', 'PRX Jinggg', 'PRX d4v41']",Ascent,Haven,Icebox,Bind,-,Icebox,Lotus,-,-,-,https://www.vlr.gg/378674/g2-esports-vs-paper-rex-valorant-champions-2024-opening-d
EDward Gaming,EDG,2,Bo3,B,win,"[['Lotus', 13, 8, 5], ['Bind', 13, 8, 5]]",26,16,10,Valorant Champions 2024,Group Stage: Opening (D),"['EDG Smoggy', 'EDG CHICHOO', 'EDG ZmjjKK', 'EDG nobody', 'EDG S1Mon']",Ascent,Icebox,Bind,Sunset,-,Lotus,Bind,-,-,-,https://www.vlr.gg/378673/edward-gaming-vs-fut-esports-valorant-champions-2024-opening-d
FUT Esports,FUT,0,Bo3,A,loss,"[['Lotus', 9, 5, 4], ['Bind', 10, 6, 4]]",19,11,8,Valorant Champions 2024,Group Stage: Opening (D),"['FUT qRaxs', 'FUT yetujey', 'FUT cNed', 'FUT MrFaliN', 'FUT AtaKaptan']",Haven,Abyss,Lotus,Sunset,-,Lotus,Bind,-,-,-,https://www.vlr.gg/378673/edward-gaming-vs-fut-esports-valorant-champions-2024-opening-d
Gen.G,GEN,1,Bo3,B,loss,"[['Abyss', 13, 7, 6], ['Lotus', 11, 8, 3], ['Bind', 10, 6, 4]]",34,21,13,Valorant Champions 2024,Group Stage: Winner's (B),"['GEN Meteor', 'GEN Karon', 'GEN t3xture', 'GEN Munchkin', 'GEN Lakia']",Sunset,Haven,Lotus,Bind,-,Abyss,Lotus,Bind,-,-,https://www.vlr.gg/378664/gen-g-vs-team-heretics-valorant-champions-2024-winners-b
Team Heretics,TH,2,Bo3,A,win,"[['Abyss', 11, 6, 5], ['Lotus', 13, 9, 4], ['Bind', 13, 8, 5]]",37,23,14,Valorant Champions 2024,Group Stage: Winner's (B),"['TH Boo', 'TH RieNs', 'TH Wo0t', 'TH benjyfishy', 'TH MiniBoo']",Ascent,Icebox,Abyss,Bind,-,Abyss,Lotus,Bind,-,-,https://www.vlr.gg/378664/gen-g-vs-team-heretics-valorant-champions-2024-winners-b
FNATIC,FNC,0,Bo3,B,loss,"[['Abyss', 11, 5, 6], ['Lotus', 6, 1, 5]]",17,6,11,Valorant Champions 2024,Group Stage: Winner's (A),"['FNC Alfajer', 'FNC Derke', 'FNC hiro', 'FNC Chronicle', 'FNC Boaster']",Icebox,Sunset,Lotus,Bind,-,Abyss,Lotus,-,-,-,https://www.vlr.gg/378658/fnatic-vs-drx-valorant-champions-2024-winners-a
DRX,DRX,2,Bo3,A,win,"[['Abyss', 13, 6, 7], ['Lotus', 13, 7, 6]]",26,13,13,Valorant Champions 2024,Group Stage: Winner's (A),"['DRX BuZz', 'DRX MaKo', 'DRX Flashback', 'DRX BeYN', 'DRX Foxy9']",Haven,Ascent,Abyss,Bind,-,Abyss,Lotus,-,-,-,https://www.vlr.gg/378658/fnatic-vs-drx-valorant-champions-2024-winners-a
LEVIATÁN,LEV,1,Bo3,B,loss,"[['Bind', 10, 5, 5], ['Sunset', 13, 6, 7], ['Ascent', 5, 2, 3]]",28,13,15,Valorant Champions 2024,Group Stage: Winner's (C),"['LEV aspas', 'LEV kiNgg', 'LEV tex', 'LEV C0M', 'LEV Mazino']",Lotus,Abyss,Sunset,Ascent,-,Bind,Sunset,Ascent,-,-,https://www.vlr.gg/378670/leviat-n-vs-trace-esports-valorant-champions-2024-winners-c
Trace Esports,TE,2,Bo3,A,win,"[['Bind', 13, 7, 6], ['Sunset', 9, 5, 4], ['Ascent', 13, 3, 10]]",35,15,20,Valorant Champions 2024,Group Stage: Winner's (C),"['TE Kai', 'TE FengF', 'TE heybay', 'TE Biank', 'TE LuoK1ng']",Icebox,Haven,Bind,Ascent,-,Bind,Sunset,Ascent,-,-,https://www.vlr.gg/378670/leviat-n-vs-trace-esports-valorant-champions-2024-winners-c
EDward Gaming,EDG,1,Bo3,B,loss,"[['Icebox', 13, 9, 4], ['Haven', 11, 5, 6], ['Bind', 11, 8, 3]]",35,22,13,Valorant Champions 2024,Group Stage: Winner's (D),"['EDG S1Mon', 'EDG Smoggy', 'EDG CHICHOO', 'EDG ZmjjKK', 'EDG nobody']",Ascent,Abyss,Haven,Bind,-,Icebox,Haven,Bind,-,-,https://www.vlr.gg/378675/edward-gaming-vs-g2-esports-valorant-champions-2024-winners-d
G2 Esports,G2,2,Bo3,A,win,"[['Icebox', 8, 5, 3], ['Haven', 13, 6, 7], ['Bind', 13, 9, 4]]",34,20,14,Valorant Champions 2024,Group Stage: Winner's (D),"['G2 valyn', 'G2 icy', 'G2 trent', 'G2 leaf', 'G2 JonahP']",Sunset,Lotus,Icebox,Bind,-,Icebox,Haven,Bind,-,-,https://www.vlr.gg/378675/edward-gaming-vs-g2-esports-valorant-champions-2024-winners-d
Sentinels,SEN,2,Bo3,B,win,"[['Bind', 13, 4, 9], ['Lotus', 13, 4, 9]]",26,8,18,Valorant Champions 2024,Group Stage: Elimination (B),"['SEN zekken', 'SEN TenZ', 'SEN johnqt', 'SEN Zellsis', 'SEN Sacy']",Icebox,Ascent,Lotus,Abyss,-,Bind,Lotus,-,-,-,https://www.vlr.gg/378665/sentinels-vs-funplus-phoenix-valorant-champions-2024-elim-b
FunPlus Phoenix,FPX,0,Bo3,A,loss,"[['Bind', 8, 0, 8], ['Lotus', 5, 3, 2]]",13,3,10,Valorant Champions 2024,Group Stage: Elimination (B),"['FPX BerLIN', 'FPX Autumn', 'FPX AAAAY', 'FPX Life', 'FPX Lysoar']",Sunset,Haven,Bind,Abyss,-,Bind,Lotus,-,-,-,https://www.vlr.gg/378665/sentinels-vs-funplus-phoenix-valorant-champions-2024-elim-b
Bilibili Gaming,BLG,0,Bo3,B,loss,"[['Lotus', 9, 7, 2], ['Icebox', 4, 3, 1]]",13,10,3,Valorant Champions 2024,Group Stage: Elimination (A),"['BLG Flex1n', 'BLG Knight', 'BLG whzy', 'BLG yosemite', 'BLG nephh']",Haven,Ascent,Icebox,Sunset,-,Lotus,Icebox,-,-,-,https://www.vlr.gg/378659/bilibili-gaming-vs-kr-esports-valorant-champions-2024-elim-a
KRÜ Esports,KRÜ,2,Bo3,A,win,"[['Lotus', 13, 8, 5], ['Icebox', 13, 4, 9]]",26,12,14,Valorant Champions 2024,Group Stage: Elimination (A),"['KRÜ heat', 'KRÜ keznit', 'KRÜ mta', 'KRÜ Shyy', 'KRÜ Melser']",Bind,Abyss,Lotus,Sunset,-,Lotus,Icebox,-,-,-,https://www.vlr.gg/378659/bilibili-gaming-vs-kr-esports-valorant-champions-2024-elim-a
TALON,TLN,0,Bo3,A,loss,"[['Lotus', 13, 10, 3], ['Sunset', 13, 6, 7]]",26,16,10,Valorant Champions 2024,Group Stage: Elimination (C),"['TLN primmie', 'TLN ban', 'TLN JitBoyS', 'TLN Governor', 'TLN Crws']",Icebox,Ascent,Lotus,Bind,-,Lotus,Sunset,-,-,-,https://www.vlr.gg/378671/talon-esports-vs-team-vitality-valorant-champions-2024-elim-c
Team Vitality,VIT,2,Bo3,B,win,"[['Lotus', 6, 4, 2], ['Sunset', 8, 2, 6]]",14,6,8,Valorant Champions 2024,Group Stage: Elimination (C),"['VIT Kicks', 'VIT Sayf', 'VIT trexx', 'VIT runneR', 'VIT ceNder']",Abyss,Haven,Sunset,Bind,-,Lotus,Sunset,-,-,-,https://www.vlr.gg/378671/talon-esports-vs-team-vitality-valorant-champions-2024-elim-c
FUT Esports,FUT,0,Bo3,A,loss,"[['Sunset', 13, 7, 6], ['Bind', 13, 4, 9]]",26,11,15,Valorant Champions 2024,Group Stage: Elimination (D),"['FUT yetujey', 'FUT cNed', 'FUT AtaKaptan', 'FUT qRaxs', 'FUT MrFaliN']",Haven,Abyss,Sunset,Lotus,-,Sunset,Bind,-,-,-,https://www.vlr.gg/378676/fut-esports-vs-paper-rex-valorant-champions-2024-elim-d
Paper Rex,PRX,2,Bo3,B,win,"[['Sunset', 11, 6, 5], ['Bind', 6, 3, 3]]",17,9,8,Valorant Champions 2024,Group Stage: Elimination (D),"['PRX d4v41', 'PRX mindfreak', 'PRX Jinggg', 'PRX something', 'PRX f0rsakeN']",Ascent,Icebox,Bind,Lotus,-,Sunset,Bind,-,-,-,https://www.vlr.gg/378676/fut-esports-vs-paper-rex-valorant-champions-2024-elim-d
Gen.G,GEN,0,Bo3,B,loss,"[['Lotus', 9, 4, 5], ['Icebox', 6, 5, 1]]",15,9,6,Valorant Champions 2024,Group Stage: Decider (B),"['GEN t3xture', 'GEN Munchkin', 'GEN Meteor', 'GEN Karon', 'GEN Lakia']",Sunset,Bind,Icebox,Haven,-,Lotus,Icebox,-,-,-,https://www.vlr.gg/378666/gen-g-vs-sentinels-valorant-champions-2024-decider-b
Sentinels,SEN,2,Bo3,A,win,"[['Lotus', 13, 7, 6], ['Icebox', 13, 6, 7]]",26,13,13,Valorant Champions 2024,Group Stage: Decider (B),"['SEN TenZ', 'SEN johnqt', 'SEN zekken', 'SEN Sacy', 'SEN Zellsis']",Ascent,Abyss,Lotus,Haven,-,Lotus,Icebox,-,-,-,https://www.vlr.gg/378666/gen-g-vs-sentinels-valorant-champions-2024-decider-b
FNATIC,FNC,2,Bo3,B,win,"[['Sunset', 11, 7, 4], ['Haven', 13, 7, 6], ['Lotus', 13, 5, 8]]",37,19,18,Valorant Champions 2024,Group Stage: Decider (A),"['FNC Derke', 'FNC Chronicle', 'FNC hiro', 'FNC Alfajer', 'FNC Boaster']",Icebox,Ascent,Haven,Lotus,-,Sunset,Haven,Lotus,-,-,https://www.vlr.gg/378660/fnatic-vs-kr-esports-valorant-champions-2024-decider-a
KRÜ Esports,KRÜ,1,Bo3,A,loss,"[['Sunset', 13, 8, 5], ['Haven', 9, 6, 3], ['Lotus', 5, 4, 1]]",27,18,9,Valorant Champions 2024,Group Stage: Decider (A),"['KRÜ keznit', 'KRÜ Shyy', 'KRÜ heat', 'KRÜ Melser', 'KRÜ mta']",Bind,Abyss,Sunset,Lotus,-,Sunset,Haven,Lotus,-,-,https://www.vlr.gg/378660/fnatic-vs-kr-esports-valorant-champions-2024-decider-a
LEVIATÁN,LEV,2,Bo3,A,win,"[['Icebox', 12, 5, 7], ['Sunset', 4, 2, 2]]",16,7,9,Valorant Champions 2024,Group Stage: Decider (C),"['LEV aspas', 'LEV kiNgg', 'LEV Mazino', 'LEV C0M', 'LEV tex']",Bind,Lotus,Icebox,Ascent,-,Icebox,Sunset,-,-,-,https://www.vlr.gg/378672/leviat-n-vs-team-vitality-valorant-champions-2024-decider-c
Team Vitality,VIT,0,Bo3,B,loss,"[['Icebox', 14, 5, 7], ['Sunset', 13, 3, 10]]",27,8,17,Valorant Champions 2024,Group Stage: Decider (C),"['VIT trexx', 'VIT Sayf', 'VIT Kicks', 'VIT ceNder', 'VIT runneR']",Abyss,Haven,Sunset,Ascent,-,Icebox,Sunset,-,-,-,https://www.vlr.gg/378672/leviat-n-vs-team-vitality-valorant-champions-2024-decider-c
EDward Gaming,EDG,2,Bo3,A,win,"[['Icebox', 13, 9, 4], ['Sunset', 8, 2, 6], ['Lotus', 4, 1, 3]]",25,12,13,Valorant Champions 2024,Group Stage: Decider (D),"['EDG Smoggy', 'EDG CHICHOO', 'EDG S1Mon', 'EDG nobody', 'EDG ZmjjKK']",Bind,Ascent,Icebox,Lotus,-,Icebox,Sunset,Lotus,-,-,https://www.vlr.gg/378677/edward-gaming-vs-paper-rex-valorant-champions-2024-decider-d
Paper Rex,PRX,1,Bo3,B,loss,"[['Icebox', 3, 0, 3], ['Sunset', 13, 6, 7], ['Lotus', 13, 9, 4]]",29,15,14,Valorant Champions 2024,Group Stage: Decider (D),"['PRX mindfreak', 'PRX something', 'PRX f0rsakeN', 'PRX d4v41', 'PRX Jinggg']",Haven,Abyss,Sunset,Lotus,-,Icebox,Sunset,Lotus,-,-,https://www.vlr.gg/378677/edward-gaming-vs-paper-rex-valorant-champions-2024-decider-d
DRX,DRX,0,Bo3,B,loss,"[['Sunset', 13, 6, 6], ['Haven', 8, 2, 6]]",21,8,12,Valorant Champions 2024,Playoffs: Upper Quarterfinals,"['DRX Flashback', 'DRX Foxy9', 'DRX MaKo', 'DRX BeYN', 'DRX BuZz']",Lotus,Abyss,Haven,Icebox,-,Sunset,Haven,-,-,-,https://www.vlr.gg/378822/drx-vs-sentinels-valorant-champions-2024-ubqf
Sentinels,SEN,2,Bo3,A,win,"[['Sunset', 15, 6, 6], ['Haven', 13, 6, 7]]",28,12,13,Valorant Champions 2024,Playoffs: Upper Quarterfinals,"['SEN zekken', 'SEN Zellsis', 'SEN TenZ', 'SEN Sacy', 'SEN johnqt']",Ascent,Bind,Sunset,Icebox,-,Sunset,Haven,-,-,-,https://www.vlr.gg/378822/drx-vs-sentinels-valorant-champions-2024-ubqf
Trace Esports,TE,0,Bo3,A,loss,"[['Bind', 13, 10, 3], ['Sunset', 13, 3, 10]]",26,13,13,Valorant Champions 2024,Playoffs: Upper Quarterfinals,"['TE Kai', 'TE LuoK1ng', 'TE FengF', 'TE Biank', 'TE heybay']",Icebox,Haven,Bind,Lotus,-,Bind,Sunset,-,-,-,https://www.vlr.gg/378823/trace-esports-vs-edward-gaming-valorant-champions-2024-ubqf
EDward Gaming,EDG,2,Bo3,B,win,"[['Bind', 7, 5, 2], ['Sunset', 10, 2, 8]]",17,7,10,Valorant Champions 2024,Playoffs: Upper Quarterfinals,"['EDG ZmjjKK', 'EDG nobody', 'EDG CHICHOO', 'EDG Smoggy', 'EDG S1Mon']",Ascent,Abyss,Sunset,Lotus,-,Bind,Sunset,-,-,-,https://www.vlr.gg/378823/trace-esports-vs-edward-gaming-valorant-champions-2024-ubqf
G2 Esports,G2,0,Bo3,B,loss,"[['Icebox', 14, 8, 4], ['Abyss', 5, 4, 1]]",19,12,5,Valorant Champions 2024,Playoffs: Upper Quarterfinals,"['G2 leaf', 'G2 JonahP', 'G2 trent', 'G2 valyn', 'G2 icy']",Sunset,Ascent,Abyss,Haven,-,Icebox,Abyss,-,-,-,https://www.vlr.gg/378824/g2-esports-vs-leviat-n-valorant-champions-2024-ubqf
LEVIATÁN,LEV,2,Bo3,A,win,"[['Icebox', 16, 8, 4], ['Abyss', 13, 5, 8]]",29,13,12,Valorant Champions 2024,Playoffs: Upper Quarterfinals,"['LEV C0M', 'LEV aspas', 'LEV kiNgg', 'LEV Mazino', 'LEV tex']",Bind,Lotus,Icebox,Haven,-,Icebox,Abyss,-,-,-,https://www.vlr.gg/378824/g2-esports-vs-leviat-n-valorant-champions-2024-ubqf
Team Heretics,TH,2,Bo3,B,win,"[['Lotus', 13, 4, 9], ['Abyss', 14, 9, 3]]",27,13,12,Valorant Champions 2024,Playoffs: Upper Quarterfinals,"['TH RieNs', 'TH Wo0t', 'TH benjyfishy', 'TH Boo', 'TH MiniBoo']",Ascent,Bind,Abyss,Haven,-,Lotus,Abyss,-,-,-,https://www.vlr.gg/378825/team-heretics-vs-fnatic-valorant-champions-2024-ubqf
FNATIC,FNC,0,Bo3,A,loss,"[['Lotus', 3, 3, 0], ['Abyss', 12, 9, 3]]",15,12,3,Valorant Champions 2024,Playoffs: Upper Quarterfinals,"['FNC Derke', 'FNC hiro', 'FNC Chronicle', 'FNC Alfajer', 'FNC Boaster']",Icebox,Sunset,Lotus,Haven,-,Lotus,Abyss,-,-,-,https://www.vlr.gg/378825/team-heretics-vs-fnatic-valorant-champions-2024-ubqf
DRX,DRX,2,Bo3,B,win,"[['Lotus', 13, 10, 3], ['Abyss', 13, 4, 9]]",26,14,12,Valorant Champions 2024,Playoffs: Lower Round 1,"['DRX BeYN', 'DRX BuZz', 'DRX Flashback', 'DRX MaKo', 'DRX Foxy9']",Ascent,Haven,Abyss,Sunset,-,Lotus,Abyss,-,-,-,https://www.vlr.gg/378831/drx-vs-trace-esports-valorant-champions-2024-lr1
Trace Esports,TE,0,Bo3,A,loss,"[['Lotus', 3, 1, 2], ['Abyss', 5, 3, 2]]",8,4,4,Valorant Champions 2024,Playoffs: Lower Round 1,"['TE FengF', 'TE LuoK1ng', 'TE Kai', 'TE heybay', 'TE Biank']",Icebox,Bind,Lotus,Sunset,-,Lotus,Abyss,-,-,-,https://www.vlr.gg/378831/drx-vs-trace-esports-valorant-champions-2024-lr1
G2 Esports,G2,0,Bo3,B,loss,"[['Haven', 3, 3, 0], ['Bind', 11, 7, 4]]",14,10,4,Valorant Champions 2024,Playoffs: Lower Round 1,"['G2 valyn', 'G2 trent', 'G2 leaf', 'G2 JonahP', 'G2 icy']",Sunset,Ascent,Bind,Lotus,-,Haven,Bind,-,-,-,https://www.vlr.gg/378832/g2-esports-vs-fnatic-valorant-champions-2024-lr1
FNATIC,FNC,2,Bo3,A,win,"[['Haven', 13, 4, 9], ['Bind', 13, 8, 5]]",26,12,14,Valorant Champions 2024,Playoffs: Lower Round 1,"['FNC Alfajer', 'FNC Chronicle', 'FNC Derke', 'FNC hiro', 'FNC Boaster']",Icebox,Abyss,Haven,Lotus,-,Haven,Bind,-,-,-,https://www.vlr.gg/378832/g2-esports-vs-fnatic-valorant-champions-2024-lr1
Sentinels,SEN,1,Bo3,B,loss,"[['Haven', 13, 8, 5], ['Lotus', 9, 3, 6], ['Sunset', 6, 4, 2]]",28,15,13,Valorant Champions 2024,Playoffs: Upper Semifinals,"['SEN zekken', 'SEN TenZ', 'SEN johnqt', 'SEN Sacy', 'SEN Zellsis']",Bind,Abyss,Lotus,Sunset,-,Haven,Lotus,Sunset,-,-,https://www.vlr.gg/378826/sentinels-vs-edward-gaming-valorant-champions-2024-ubsf
EDward Gaming,EDG,2,Bo3,A,win,"[['Haven', 9, 5, 4], ['Lotus', 13, 6, 7], ['Sunset', 13, 10, 3]]",35,21,14,Valorant Champions 2024,Playoffs: Upper Semifinals,"['EDG S1Mon', 'EDG CHICHOO', 'EDG nobody', 'EDG ZmjjKK', 'EDG Smoggy']",Icebox,Ascent,Haven,Sunset,-,Haven,Lotus,Sunset,-,-,https://www.vlr.gg/378826/sentinels-vs-edward-gaming-valorant-champions-2024-ubsf
LEVIATÁN,LEV,2,Bo3,A,win,"[['Icebox', 13, 7, 5], ['Lotus', 10, 8, 2]]",23,15,7,Valorant Champions 2024,Playoffs: Upper Semifinals,"['LEV aspas', 'LEV Mazino', 'LEV kiNgg', 'LEV tex', 'LEV C0M']",Bind,Abyss,Icebox,Haven,-,Icebox,Lotus,-,-,-,https://www.vlr.gg/378827/leviat-n-vs-team-heretics-valorant-champions-2024-ubsf
Team Heretics,TH,0,Bo3,B,loss,"[['Icebox', 15, 7, 5], ['Lotus', 13, 9, 4]]",28,16,9,Valorant Champions 2024,Playoffs: Upper Semifinals,"['TH Boo', 'TH benjyfishy', 'TH MiniBoo', 'TH RieNs', 'TH Wo0t']",Ascent,Sunset,Lotus,Haven,-,Icebox,Lotus,-,-,-,https://www.vlr.gg/378827/leviat-n-vs-team-heretics-valorant-champions-2024-ubsf
Sentinels,SEN,2,Bo3,A,win,"[['Sunset', 11, 8, 3], ['Bind', 13, 8, 5], ['Lotus', 6, 2, 4]]",30,18,12,Valorant Champions 2024,Playoffs: Lower Round 2,"['SEN johnqt', 'SEN zekken', 'SEN Sacy', 'SEN Zellsis', 'SEN TenZ']",Haven,Abyss,Sunset,Lotus,-,Sunset,Bind,Lotus,-,-,https://www.vlr.gg/378834/sentinels-vs-fnatic-valorant-champions-2024-lr2
FNATIC,FNC,1,Bo3,B,loss,"[['Sunset', 13, 9, 4], ['Bind', 9, 7, 2], ['Lotus', 13, 8, 5]]",35,24,11,Valorant Champions 2024,Playoffs: Lower Round 2,"['FNC Chronicle', 'FNC Derke', 'FNC Alfajer', 'FNC hiro', 'FNC Boaster']",Icebox,Ascent,Bind,Lotus,-,Sunset,Bind,Lotus,-,-,https://www.vlr.gg/378834/sentinels-vs-fnatic-valorant-champions-2024-lr2
Team Heretics,TH,2,Bo3,B,win,"[['Abyss', 5, 0, 5], ['Sunset', 13, 6, 7], ['Icebox', 13, 8, 5]]",31,14,17,Valorant Champions 2024,Playoffs: Lower Round 2,"['TH MiniBoo', 'TH RieNs', 'TH Wo0t', 'TH Boo', 'TH benjyfishy']",Ascent,Haven,Sunset,Icebox,-,Abyss,Sunset,Icebox,-,-,https://www.vlr.gg/378833/team-heretics-vs-drx-valorant-champions-2024-lr2
DRX,DRX,1,Bo3,A,loss,"[['Abyss', 13, 7, 6], ['Sunset', 5, 5, 0], ['Icebox', 10, 7, 3]]",28,19,9,Valorant Champions 2024,Playoffs: Lower Round 2,"['DRX MaKo', 'DRX Foxy9', 'DRX Flashback', 'DRX BeYN', 'DRX BuZz']",Bind,Lotus,Abyss,Icebox,-,Abyss,Sunset,Icebox,-,-,https://www.vlr.gg/378833/team-heretics-vs-drx-valorant-champions-2024-lr2
EDward Gaming,EDG,2,Bo3,B,win,"[['Icebox', 14, 3, 9], ['Lotus', 13, 8, 5], ['Abyss', 13, 6, 7]]",40,17,21,Valorant Champions 2024,Playoffs: Upper Final,"['EDG CHICHOO', 'EDG Smoggy', 'EDG ZmjjKK', 'EDG nobody', 'EDG S1Mon']",Ascent,Sunset,Lotus,Abyss,-,Icebox,Lotus,Abyss,-,-,https://www.vlr.gg/378828/edward-gaming-vs-leviat-n-valorant-champions-2024-ubf
LEVIATÁN,LEV,1,Bo3,A,loss,"[['Icebox', 16, 3, 9], ['Lotus', 4, 0, 4], ['Abyss', 11, 5, 6]]",31,8,19,Valorant Champions 2024,Playoffs: Upper Final,"['LEV Mazino', 'LEV aspas', 'LEV tex', 'LEV C0M', 'LEV kiNgg']",Bind,Haven,Icebox,Abyss,-,Icebox,Lotus,Abyss,-,-,https://www.vlr.gg/378828/edward-gaming-vs-leviat-n-valorant-champions-2024-ubf
Team Heretics,TH,2,Bo3,B,win,"[['Haven', 8, 5, 3], ['Icebox', 13, 5, 8], ['Abyss', 13, 5, 8]]",34,15,19,Valorant Champions 2024,Playoffs: Lower Round 3,"['TH Boo', 'TH RieNs', 'TH MiniBoo', 'TH Wo0t', 'TH benjyfishy']",Lotus,Ascent,Icebox,Abyss,-,Haven,Icebox,Abyss,-,-,https://www.vlr.gg/378835/team-heretics-vs-sentinels-valorant-champions-2024-lr3
Sentinels,SEN,1,Bo3,A,loss,"[['Haven', 13, 6, 7], ['Icebox', 9, 2, 7], ['Abyss', 7, 4, 3]]",29,12,17,Valorant Champions 2024,Playoffs: Lower Round 3,"['SEN TenZ', 'SEN zekken', 'SEN Zellsis', 'SEN johnqt', 'SEN Sacy']",Sunset,Bind,Haven,Abyss,-,Haven,Icebox,Abyss,-,-,https://www.vlr.gg/378835/team-heretics-vs-sentinels-valorant-champions-2024-lr3
LEVIATÁN,LEV,1,Bo5,A,loss,"[['Icebox', 13, 6, 7], ['Sunset', 15, 8, 4], ['Abyss', 9, 2, 7], ['Lotus', 13, 11, 2]]",50,27,20,Valorant Champions 2024,Playoffs: Lower Final,"['LEV kiNgg', 'LEV Mazino', 'LEV aspas', 'LEV C0M', 'LEV tex']",Bind,-,Icebox,Abyss,Haven,Icebox,Sunset,Abyss,Lotus,-,https://www.vlr.gg/378836/leviat-n-vs-team-heretics-valorant-champions-2024-lbf
Team Heretics,TH,3,Bo5,B,win,"[['Icebox', 7, 5, 2], ['Sunset', 13, 8, 4], ['Abyss', 13, 5, 8], ['Lotus', 3, 2, 1]]",36,20,15,Valorant Champions 2024,Playoffs: Lower Final,"['TH RieNs', 'TH MiniBoo', 'TH Boo', 'TH Wo0t', 'TH benjyfishy']",Ascent,-,Sunset,Lotus,Haven,Icebox,Sunset,Abyss,Lotus,-,https://www.vlr.gg/378836/leviat-n-vs-team-heretics-valorant-champions-2024-lbf
EDward Gaming,EDG,3,Bo5,A,win,"[['Haven', 13, 4, 9], ['Sunset', 4, 3, 1], ['Lotus', 9, 6, 3], ['Bind', 13, 7, 6], ['Abyss', 9, 5, 4]]",48,25,23,Valorant Champions 2024,Playoffs: Grand Final,"['EDG ZmjjKK', 'EDG CHICHOO', 'EDG Smoggy', 'EDG S1Mon', 'EDG nobody']",Ascent,Icebox,Haven,Lotus,Abyss,Haven,Sunset,Lotus,Bind,Abyss,https://www.vlr.gg/378829/edward-gaming-vs-team-heretics-valorant-champions-2024-gf
Team Heretics,TH,2,Bo5,B,loss,"[['Haven', 6, 3, 3], ['Sunset', 13, 11, 2], ['Lotus', 13, 7, 6], ['Bind', 11, 6, 5], ['Abyss', 13, 8, 5]]",56,35,21,Valorant Champions 2024,Playoffs: Grand Final,"['TH Wo0t', 'TH RieNs', 'TH MiniBoo', 'TH benjyfishy', 'TH Boo']",-,-,Sunset,Bind,Abyss,Haven,Sunset,Lotus,Bind,Abyss,https://www.vlr.gg/378829/edward-gaming-vs-team-heretics-valorant-champions-2024-gf
MIBR,MIBR,0,Bo3,A,loss,"[['Ascent', 13, 7, 6], ['Icebox', 13, 4, 9]]",26,11,15,Champions Tour 2024: Americas Stage 2,Regular Season: Week 1,"['MIBR mazin', 'MIBR artzin', 'MIBR ShahZaM', 'MIBR liazzi', 'MIBR Pa1nt']",Haven,Lotus,Ascent,Bind,-,Ascent,Icebox,-,-,-,https://www.vlr.gg/353177/mibr-vs-leviat-n-champions-tour-2024-americas-stage-2-w1
LEVIATÁN,LEV,2,Bo3,B,win,"[['Ascent', 9, 6, 3], ['Icebox', 7, 3, 4]]",16,9,7,Champions Tour 2024: Americas Stage 2,Regular Season: Week 1,"['LEV kiNgg', 'LEV aspas', 'LEV Mazino', 'LEV tex', 'LEV C0M']",Split,Sunset,Icebox,Bind,-,Ascent,Icebox,-,-,-,https://www.vlr.gg/353177/mibr-vs-leviat-n-champions-tour-2024-americas-stage-2-w1
Sentinels,SEN,2,Bo3,B,win,"[['Lotus', 13, 8, 5], ['Sunset', 14, 9, 3]]",27,17,8,Champions Tour 2024: Americas Stage 2,Regular Season: Week 1,"['SEN zekken', 'SEN Zellsis', 'SEN TenZ', 'SEN Sacy', 'SEN johnqt']",Icebox,Ascent,Sunset,Split,-,Lotus,Sunset,-,-,-,https://www.vlr.gg/353178/sentinels-vs-nrg-esports-champions-tour-2024-americas-stage-2-w1
NRG,NRG,0,Bo3,A,loss,"[['Lotus', 8, 4, 4], ['Sunset', 12, 9, 3]]",20,13,7,Champions Tour 2024: Americas Stage 2,Regular Season: Week 1,"['NRG Ethan', 'NRG s0m', 'NRG Victor', 'NRG crashies', 'NRG FiNESSE']",Haven,Bind,Lotus,Split,-,Lotus,Sunset,-,-,-,https://www.vlr.gg/353178/sentinels-vs-nrg-esports-champions-tour-2024-americas-stage-2-w1
FURIA,FUR,2,Bo3,A,win,"[['Icebox', 12, 6, 6], ['Haven', 14, 9, 3]]",26,15,9,Champions Tour 2024: Americas Stage 2,Regular Season: Week 1,"['FUR Khalil', 'FUR nzr', 'FUR havoc', 'FUR mwzera', 'FUR xand']",Bind,Lotus,Icebox,Ascent,-,Icebox,Haven,-,-,-,https://www.vlr.gg/353179/furia-vs-100-thieves-champions-tour-2024-americas-stage-2-w1
100 Thieves,100T,0,Bo3,B,loss,"[['Icebox', 14, 6, 6], ['Haven', 16, 9, 3]]",30,15,9,Champions Tour 2024: Americas Stage 2,Regular Season: Week 1,"['100T eeiu', '100T Asuna', '100T Cryocells', '100T Boostio', '100T bang']",Sunset,Split,Haven,Ascent,-,Icebox,Haven,-,-,-,https://www.vlr.gg/353179/furia-vs-100-thieves-champions-tour-2024-americas-stage-2-w1
LOUD,LOUD,1,Bo3,A,loss,"[['Lotus', 7, 6, 1], ['Sunset', 13, 6, 7], ['Icebox', 13, 6, 7]]",33,18,15,Champions Tour 2024: Americas Stage 2,Regular Season: Week 1,"['LOUD Less', 'LOUD cauanzin', 'LOUD tuyz', 'LOUD saadhak', 'LOUD pANcada']",Split,Ascent,Lotus,Icebox,-,Lotus,Sunset,Icebox,-,-,https://www.vlr.gg/353180/loud-vs-evil-geniuses-champions-tour-2024-americas-stage-2-w1
Evil Geniuses,EG,2,Bo3,B,win,"[['Lotus', 13, 7, 6], ['Sunset', 6, 0, 6], ['Icebox', 11, 5, 6]]",30,12,18,Champions Tour 2024: Americas Stage 2,Regular Season: Week 1,"['EG jawgemo', 'EG Derrek', 'EG supamen', 'EG NaturE', 'EG Apoth']",Haven,Bind,Sunset,Icebox,-,Lotus,Sunset,Icebox,-,-,https://www.vlr.gg/353180/loud-vs-evil-geniuses-champions-tour-2024-americas-stage-2-w1
G2 Esports,G2,2,Bo3,A,win,"[['Ascent', 11, 3, 8], ['Icebox', 13, 10, 3], ['Lotus', 8, 0, 8]]",32,13,19,Champions Tour 2024: Americas Stage 2,Regular Season: Week 1,"['G2 leaf', 'G2 valyn', 'G2 trent', 'G2 JonahP', 'G2 icy']",Sunset,Haven,Ascent,Lotus,-,Ascent,Icebox,Lotus,-,-,https://www.vlr.gg/353181/g2-esports-vs-cloud9-champions-tour-2024-americas-stage-2-w1
Cloud9,C9,1,Bo3,B,loss,"[['Ascent', 13, 4, 9], ['Icebox', 5, 3, 2], ['Lotus', 13, 4, 9]]",31,11,20,Champions Tour 2024: Americas Stage 2,Regular Season: Week 1,"['C9 runi', 'C9 OXY', 'C9 vanity', 'C9 moose', 'C9 Xeppaa']",Bind,Split,Icebox,Lotus,-,Ascent,Icebox,Lotus,-,-,https://www.vlr.gg/353181/g2-esports-vs-cloud9-champions-tour-2024-americas-stage-2-w1
Evil Geniuses,EG,2,Bo3,B,win,"[['Bind', 13, 9, 4], ['Lotus', 13, 3, 10]]",26,12,14,Champions Tour 2024: Americas Stage 2,Regular Season: Week 2,"['EG supamen', 'EG jawgemo', 'EG Apoth', 'EG Derrek', 'EG NaturE']",Haven,Ascent,Lotus,Icebox,-,Bind,Lotus,-,-,-,https://www.vlr.gg/353182/evil-geniuses-vs-furia-champions-tour-2024-americas-stage-2-w2
FURIA,FUR,0,Bo3,A,loss,"[['Bind', 5, 2, 3], ['Lotus', 4, 2, 2]]",9,4,5,Champions Tour 2024: Americas Stage 2,Regular Season: Week 2,"['FUR nzr', 'FUR Khalil', 'FUR havoc', 'FUR mwzera', 'FUR xand']",Sunset,Split,Bind,Icebox,-,Bind,Lotus,-,-,-,https://www.vlr.gg/353182/evil-geniuses-vs-furia-champions-tour-2024-americas-stage-2-w2
Sentinels,SEN,2,Bo3,B,win,"[['Lotus', 13, 8, 5], ['Split', 13, 8, 5]]",26,16,10,Champions Tour 2024: Americas Stage 2,Regular Season: Week 2,"['SEN TenZ', 'SEN zekken', 'SEN Zellsis', 'SEN Sacy', 'SEN johnqt']",Icebox,Sunset,Split,Ascent,-,Lotus,Split,-,-,-,https://www.vlr.gg/353183/sentinels-vs-kr-esports-champions-tour-2024-americas-stage-2-w2
KRÜ Esports,KRÜ,0,Bo3,A,loss,"[['Lotus', 11, 7, 4], ['Split', 10, 6, 4]]",21,13,8,Champions Tour 2024: Americas Stage 2,Regular Season: Week 2,"['KRÜ keznit', 'KRÜ Melser', 'KRÜ heat', 'KRÜ Shyy', 'KRÜ Klaus']",Bind,Haven,Lotus,Ascent,-,Lotus,Split,-,-,-,https://www.vlr.gg/353183/sentinels-vs-kr-esports-champions-tour-2024-americas-stage-2-w2
LOUD,LOUD,2,Bo3,B,win,"[['Ascent', 13, 5, 8], ['Lotus', 11, 6, 5], ['Sunset', 13, 7, 6]]",37,18,19,Champions Tour 2024: Americas Stage 2,Regular Season: Week 2,"['LOUD cauanzin', 'LOUD Less', 'LOUD tuyz', 'LOUD pANcada', 'LOUD saadhak']",Split,Icebox,Lotus,Sunset,-,Ascent,Lotus,Sunset,-,-,https://www.vlr.gg/353184/loud-vs-mibr-champions-tour-2024-americas-stage-2-w2
MIBR,MIBR,1,Bo3,A,loss,"[['Ascent', 7, 4, 3], ['Lotus', 13, 7, 6], ['Sunset', 9, 6, 3]]",29,17,12,Champions Tour 2024: Americas Stage 2,Regular Season: Week 2,"['MIBR liazzi', 'MIBR mazin', 'MIBR artzin', 'MIBR rich', 'MIBR Palla']",Haven,Bind,Ascent,Sunset,-,Ascent,Lotus,Sunset,-,-,https://www.vlr.gg/353184/loud-vs-mibr-champions-tour-2024-americas-stage-2-w2
LEVIATÁN,LEV,2,Bo3,B,win,"[['Bind', 13, 5, 8], ['Haven', 13, 3, 10]]",26,8,18,Champions Tour 2024: Americas Stage 2,Regular Season: Week 2,"['LEV aspas', 'LEV kiNgg', 'LEV Mazino', 'LEV tex', 'LEV C0M']",Split,Ascent,Haven,Icebox,-,Bind,Haven,-,-,-,https://www.vlr.gg/353185/leviat-n-vs-100-thieves-champions-tour-2024-americas-stage-2-w2
100 Thieves,100T,0,Bo3,A,loss,"[['Bind', 10, 4, 6], ['Haven', 4, 2, 2]]",14,6,8,Champions Tour 2024: Americas Stage 2,Regular Season: Week 2,"['100T eeiu', '100T Asuna', '100T Boostio', '100T bang', '100T Cryocells']",Sunset,Lotus,Bind,Icebox,-,Bind,Haven,-,-,-,https://www.vlr.gg/353185/leviat-n-vs-100-thieves-champions-tour-2024-americas-stage-2-w2
NRG,NRG,0,Bo3,A,loss,"[['Haven', 13, 8, 5], ['Bind', 13, 9, 4]]",26,17,9,Champions Tour 2024: Americas Stage 2,Regular Season: Week 2,"['NRG Ethan', 'NRG s0m', 'NRG crashies', 'NRG Victor', 'NRG FiNESSE']",Lotus,Split,Haven,Ascent,-,Haven,Bind,-,-,-,https://www.vlr.gg/353186/nrg-esports-vs-g2-esports-champions-tour-2024-americas-stage-2-w2
G2 Esports,G2,2,Bo3,B,win,"[['Haven', 7, 3, 4], ['Bind', 8, 5, 3]]",15,8,7,Champions Tour 2024: Americas Stage 2,Regular Season: Week 2,"['G2 leaf', 'G2 trent', 'G2 valyn', 'G2 JonahP', 'G2 icy']",Sunset,Icebox,Bind,Ascent,-,Haven,Bind,-,-,-,https://www.vlr.gg/353186/nrg-esports-vs-g2-esports-champions-tour-2024-americas-stage-2-w2
Sentinels,SEN,2,Bo3,B,win,"[['Haven', 13, 7, 6], ['Split', 13, 6, 7]]",26,13,13,Champions Tour 2024: Americas Stage 2,Regular Season: Week 2,"['SEN zekken', 'SEN Zellsis', 'SEN TenZ', 'SEN johnqt', 'SEN Sacy']",Icebox,Ascent,Split,Lotus,-,Haven,Split,-,-,-,https://www.vlr.gg/353187/sentinels-vs-cloud9-champions-tour-2024-americas-stage-2-w2
Cloud9,C9,0,Bo3,A,loss,"[['Haven', 5, 0, 5], ['Split', 8, 2, 6]]",13,2,11,Champions Tour 2024: Americas Stage 2,Regular Season: Week 2,"['C9 Xeppaa', 'C9 moose', 'C9 runi', 'C9 vanity', 'C9 OXY']",Bind,Sunset,Haven,Lotus,-,Haven,Split,-,-,-,https://www.vlr.gg/353187/sentinels-vs-cloud9-champions-tour-2024-americas-stage-2-w2
Evil Geniuses,EG,0,Bo3,B,loss,"[['Icebox', 5, 5, 0], ['Sunset', 10, 6, 4]]",15,11,4,Champions Tour 2024: Americas Stage 2,Regular Season: Week 2,"['EG Derrek', 'EG jawgemo', 'EG Apoth', 'EG supamen', 'EG NaturE']",Haven,Ascent,Sunset,Bind,-,Icebox,Sunset,-,-,-,https://www.vlr.gg/353188/evil-geniuses-vs-leviat-n-champions-tour-2024-americas-stage-2-w2
LEVIATÁN,LEV,2,Bo3,A,win,"[['Icebox', 13, 6, 7], ['Sunset', 13, 7, 6]]",26,13,13,Champions Tour 2024: Americas Stage 2,Regular Season: Week 2,"['LEV aspas', 'LEV Mazino', 'LEV kiNgg', 'LEV C0M', 'LEV tex']",Split,Lotus,Icebox,Bind,-,Icebox,Sunset,-,-,-,https://www.vlr.gg/353188/evil-geniuses-vs-leviat-n-champions-tour-2024-americas-stage-2-w2
LOUD,LOUD,1,Bo3,A,loss,"[['Haven', 11, 7, 4], ['Icebox', 13, 6, 7], ['Bind', 13, 7, 6]]",37,20,17,Champions Tour 2024: Americas Stage 2,Regular Season: Week 2,"['LOUD pANcada', 'LOUD cauanzin', 'LOUD tuyz', 'LOUD Less', 'LOUD saadhak']",Split,Ascent,Haven,Bind,-,Haven,Icebox,Bind,-,-,https://www.vlr.gg/353189/loud-vs-furia-champions-tour-2024-americas-stage-2-w2
FURIA,FUR,2,Bo3,B,win,"[['Haven', 13, 8, 5], ['Icebox', 10, 5, 5], ['Bind', 9, 4, 5]]",32,17,15,Champions Tour 2024: Americas Stage 2,Regular Season: Week 2,"['FUR mwzera', 'FUR Khalil', 'FUR havoc', 'FUR nzr', 'FUR xand']",Lotus,Sunset,Icebox,Bind,-,Haven,Icebox,Bind,-,-,https://www.vlr.gg/353189/loud-vs-furia-champions-tour-2024-americas-stage-2-w2
MIBR,MIBR,0,Bo3,B,loss,"[['Icebox', 5, 3, 2], ['Split', 6, 2, 4]]",11,5,6,Champions Tour 2024: Americas Stage 2,Regular Season: Week 2,"['MIBR Palla', 'MIBR rich', 'MIBR mazin', 'MIBR liazzi', 'MIBR artzin']",Bind,Ascent,Split,Lotus,-,Icebox,Split,-,-,-,https://www.vlr.gg/353190/mibr-vs-100-thieves-champions-tour-2024-americas-stage-2-w2
100 Thieves,100T,2,Bo3,A,win,"[['Icebox', 13, 4, 9], ['Split', 13, 3, 10]]",26,7,19,Champions Tour 2024: Americas Stage 2,Regular Season: Week 2,"['100T eeiu', '100T Boostio', '100T Asuna', '100T bang', '100T Cryocells']",Sunset,Haven,Icebox,Lotus,-,Icebox,Split,-,-,-,https://www.vlr.gg/353190/mibr-vs-100-thieves-champions-tour-2024-americas-stage-2-w2
NRG,NRG,2,Bo3,B,win,"[['Split', 8, 3, 5], ['Ascent', 13, 7, 6], ['Sunset', 13, 9, 4]]",34,19,15,Champions Tour 2024: Americas Stage 2,Regular Season: Week 2,"['NRG s0m', 'NRG crashies', 'NRG Ethan', 'NRG Victor', 'NRG FiNESSE']",Lotus,Icebox,Ascent,Sunset,-,Split,Ascent,Sunset,-,-,https://www.vlr.gg/353191/nrg-esports-vs-kr-esports-champions-tour-2024-americas-stage-2-w2
KRÜ Esports,KRÜ,1,Bo3,A,loss,"[['Split', 13, 7, 6], ['Ascent', 8, 3, 5], ['Sunset', 7, 4, 3]]",28,14,14,Champions Tour 2024: Americas Stage 2,Regular Season: Week 2,"['KRÜ Shyy', 'KRÜ Melser', 'KRÜ heat', 'KRÜ keznit', 'KRÜ mta']",Bind,Haven,Split,Sunset,-,Split,Ascent,Sunset,-,-,https://www.vlr.gg/353191/nrg-esports-vs-kr-esports-champions-tour-2024-americas-stage-2-w2
G2 Esports,G2,2,Bo3,B,win,"[['Lotus', 4, 1, 3], ['Ascent', 16, 7, 5], ['Split', 13, 9, 4]]",33,17,12,Champions Tour 2024: Americas Stage 2,Regular Season: Week 3,"['G2 JonahP', 'G2 valyn', 'G2 icy', 'G2 trent', 'G2 leaf']",Sunset,Icebox,Ascent,Split,-,Lotus,Ascent,Split,-,-,https://www.vlr.gg/353192/g2-esports-vs-kr-esports-champions-tour-2024-americas-stage-2-w3
KRÜ Esports,KRÜ,1,Bo3,A,loss,"[['Lotus', 13, 9, 4], ['Ascent', 14, 7, 5], ['Split', 5, 2, 3]]",32,18,12,Champions Tour 2024: Americas Stage 2,Regular Season: Week 3,"['KRÜ keznit', 'KRÜ Melser', 'KRÜ Shyy', 'KRÜ heat', 'KRÜ mta']",Bind,Haven,Lotus,Split,-,Lotus,Ascent,Split,-,-,https://www.vlr.gg/353192/g2-esports-vs-kr-esports-champions-tour-2024-americas-stage-2-w3
LOUD,LOUD,0,Bo3,A,loss,"[['Lotus', 13, 4, 9], ['Icebox', 13, 5, 8]]",26,9,17,Champions Tour 2024: Americas Stage 2,Regular Season: Week 3,"['LOUD cauanzin', 'LOUD pANcada', 'LOUD Less', 'LOUD tuyz', 'LOUD saadhak']",Split,Bind,Lotus,Haven,-,Lotus,Icebox,-,-,-,https://www.vlr.gg/353193/loud-vs-leviat-n-champions-tour-2024-americas-stage-2-w3
LEVIATÁN,LEV,2,Bo3,B,win,"[['Lotus', 11, 3, 8], ['Icebox', 6, 4, 2]]",17,7,10,Champions Tour 2024: Americas Stage 2,Regular Season: Week 3,"['LEV tex', 'LEV kiNgg', 'LEV aspas', 'LEV Mazino', 'LEV C0M']",Ascent,Sunset,Icebox,Haven,-,Lotus,Icebox,-,-,-,https://www.vlr.gg/353193/loud-vs-leviat-n-champions-tour-2024-americas-stage-2-w3
MIBR,MIBR,0,Bo3,A,loss,"[['Sunset', 13, 7, 6], ['Icebox', 13, 4, 9]]",26,11,15,Champions Tour 2024: Americas Stage 2,Regular Season: Week 3,"['MIBR artzin', 'MIBR rich', 'MIBR Palla', 'MIBR liazzi', 'MIBR mazin']",Haven,Split,Sunset,Bind,-,Sunset,Icebox,-,-,-,https://www.vlr.gg/353194/mibr-vs-furia-champions-tour-2024-americas-stage-2-w3
FURIA,FUR,2,Bo3,B,win,"[['Sunset', 10, 6, 4], ['Icebox', 7, 3, 4]]",17,9,8,Champions Tour 2024: Americas Stage 2,Regular Season: Week 3,"['FUR Khalil', 'FUR havoc', 'FUR mwzera', 'FUR xand', 'FUR nzr']",Lotus,Ascent,Icebox,Bind,-,Sunset,Icebox,-,-,-,https://www.vlr.gg/353194/mibr-vs-furia-champions-tour-2024-americas-stage-2-w3
NRG,NRG,1,Bo3,A,loss,"[['Ascent', 3, 0, 3], ['Icebox', 13, 8, 5], ['Sunset', 14, 7, 5]]",30,15,13,Champions Tour 2024: Americas Stage 2,Regular Season: Week 3,"['NRG s0m', 'NRG Ethan', 'NRG FiNESSE', 'NRG Victor', 'NRG crashies']",Lotus,Haven,Ascent,Sunset,-,Ascent,Icebox,Sunset,-,-,https://www.vlr.gg/353195/nrg-esports-vs-cloud9-champions-tour-2024-americas-stage-2-w3
Cloud9,C9,2,Bo3,B,win,"[['Ascent', 13, 9, 4], ['Icebox', 10, 7, 3], ['Sunset', 12, 7, 5]]",35,23,12,Champions Tour 2024: Americas Stage 2,Regular Season: Week 3,"['C9 OXY', 'C9 vanity', 'C9 moose', 'C9 Xeppaa', 'C9 runi']",Bind,Split,Icebox,Sunset,-,Ascent,Icebox,Sunset,-,-,https://www.vlr.gg/353195/nrg-esports-vs-cloud9-champions-tour-2024-americas-stage-2-w3
Evil Geniuses,EG,1,Bo3,A,loss,"[['Lotus', 13, 8, 5], ['Bind', 10, 6, 4], ['Ascent', 13, 9, 4]]",36,23,13,Champions Tour 2024: Americas Stage 2,Regular Season: Week 3,"['EG Derrek', 'EG supamen', 'EG NaturE', 'EG jawgemo', 'EG Apoth']",Haven,Icebox,Lotus,Ascent,-,Lotus,Bind,Ascent,-,-,https://www.vlr.gg/353196/evil-geniuses-vs-100-thieves-champions-tour-2024-americas-stage-2-w3
100 Thieves,100T,2,Bo3,B,win,"[['Lotus', 10, 6, 4], ['Bind', 13, 8, 5], ['Ascent', 7, 4, 3]]",30,18,12,Champions Tour 2024: Americas Stage 2,Regular Season: Week 3,"['100T eeiu', '100T Cryocells', '100T bang', '100T Asuna', '100T Boostio']",Sunset,Split,Bind,Ascent,-,Lotus,Bind,Ascent,-,-,https://www.vlr.gg/353196/evil-geniuses-vs-100-thieves-champions-tour-2024-americas-stage-2-w3
Cloud9,C9,0,Bo3,A,loss,"[['Icebox', 13, 7, 6], ['Split', 13, 7, 6]]",26,14,12,Champions Tour 2024: Americas Stage 2,Regular Season: Week 4,"['C9 OXY', 'C9 moose', 'C9 vanity', 'C9 Xeppaa', 'C9 runi']",Ascent,Lotus,Icebox,Sunset,-,Icebox,Split,-,-,-,https://www.vlr.gg/353197/cloud9-vs-kr-esports-champions-tour-2024-americas-stage-2-w4
KRÜ Esports,KRÜ,2,Bo3,B,win,"[['Icebox', 7, 2, 5], ['Split', 10, 5, 5]]",17,7,10,Champions Tour 2024: Americas Stage 2,Regular Season: Week 4,"['KRÜ keznit', 'KRÜ mta', 'KRÜ Shyy', 'KRÜ heat', 'KRÜ Melser']",Bind,Haven,Split,Sunset,-,Icebox,Split,-,-,-,https://www.vlr.gg/353197/cloud9-vs-kr-esports-champions-tour-2024-americas-stage-2-w4
Evil Geniuses,EG,0,Bo3,A,loss,"[['Bind', 13, 7, 6], ['Lotus', 13, 10, 3]]",26,17,9,Champions Tour 2024: Americas Stage 2,Regular Season: Week 4,"['EG Derrek', 'EG jawgemo', 'EG supamen', 'EG NaturE', 'EG Apoth']",Haven,Ascent,Bind,Sunset,-,Bind,Lotus,-,-,-,https://www.vlr.gg/353198/evil-geniuses-vs-mibr-champions-tour-2024-americas-stage-2-w4
MIBR,MIBR,2,Bo3,B,win,"[['Bind', 9, 4, 5], ['Lotus', 2, 0, 2]]",11,4,7,Champions Tour 2024: Americas Stage 2,Regular Season: Week 4,"['MIBR artzin', 'MIBR liazzi', 'MIBR rich', 'MIBR mazin', 'MIBR Palla']",Icebox,Split,Lotus,Sunset,-,Bind,Lotus,-,-,-,https://www.vlr.gg/353198/evil-geniuses-vs-mibr-champions-tour-2024-americas-stage-2-w4
LEVIATÁN,LEV,2,Bo3,A,win,"[['Sunset', 6, 2, 4], ['Icebox', 6, 5, 1]]",12,7,5,Champions Tour 2024: Americas Stage 2,Regular Season: Week 4,"['LEV aspas', 'LEV C0M', 'LEV kiNgg', 'LEV tex', 'LEV Mazino']",Split,Ascent,Sunset,Bind,-,Sunset,Icebox,-,-,-,https://www.vlr.gg/353199/leviat-n-vs-furia-champions-tour-2024-americas-stage-2-w4
FURIA,FUR,0,Bo3,B,loss,"[['Sunset', 13, 8, 5], ['Icebox', 13, 6, 7]]",26,14,12,Champions Tour 2024: Americas Stage 2,Regular Season: Week 4,"['FUR nzr', 'FUR mwzera', 'FUR havoc', 'FUR xand', 'FUR Khalil']",Lotus,Haven,Icebox,Bind,-,Sunset,Icebox,-,-,-,https://www.vlr.gg/353199/leviat-n-vs-furia-champions-tour-2024-americas-stage-2-w4
LOUD,LOUD,2,Bo3,A,win,"[['Ascent', 13, 2, 11], ['Bind', 8, 2, 6], ['Lotus', 10, 5, 5]]",31,9,22,Champions Tour 2024: Americas Stage 2,Regular Season: Week 4,"['LOUD pANcada', 'LOUD saadhak', 'LOUD Less', 'LOUD cauanzin', 'LOUD tuyz']",Split,Icebox,Ascent,Lotus,-,Ascent,Bind,Lotus,-,-,https://www.vlr.gg/353200/loud-vs-100-thieves-champions-tour-2024-americas-stage-2-w4
100 Thieves,100T,1,Bo3,B,loss,"[['Ascent', 1, 1, 0], ['Bind', 13, 6, 7], ['Lotus', 13, 6, 7]]",27,13,14,Champions Tour 2024: Americas Stage 2,Regular Season: Week 4,"['100T Cryocells', '100T Asuna', '100T eeiu', '100T bang', '100T Boostio']",Sunset,Haven,Bind,Lotus,-,Ascent,Bind,Lotus,-,-,https://www.vlr.gg/353200/loud-vs-100-thieves-champions-tour-2024-americas-stage-2-w4
Sentinels,SEN,0,Bo3,B,loss,"[['Bind', 6, 6, 0], ['Lotus', 9, 4, 5]]",15,10,5,Champions Tour 2024: Americas Stage 2,Regular Season: Week 4,"['SEN johnqt', 'SEN TenZ', 'SEN zekken', 'SEN Sacy', 'SEN Zellsis']",Icebox,Haven,Lotus,Ascent,-,Bind,Lotus,-,-,-,https://www.vlr.gg/353201/sentinels-vs-g2-esports-champions-tour-2024-americas-stage-2-w4
G2 Esports,G2,2,Bo3,A,win,"[['Bind', 13, 7, 6], ['Lotus', 13, 5, 8]]",26,12,14,Champions Tour 2024: Americas Stage 2,Regular Season: Week 4,"['G2 icy', 'G2 trent', 'G2 JonahP', 'G2 leaf', 'G2 valyn']",Sunset,Split,Bind,Ascent,-,Bind,Lotus,-,-,-,https://www.vlr.gg/353201/sentinels-vs-g2-esports-champions-tour-2024-americas-stage-2-w4
KRÜ Esports,KRÜ,2,Bo3,B,win,"[['Abyss', 13, 6, 7], ['Lotus', 11, 10, 1], ['Haven', 13, 4, 9]]",37,20,17,Champions Tour 2024: Americas Stage 2,Playoffs: Knockout Round,"['KRÜ heat', 'KRÜ Melser', 'KRÜ Shyy', 'KRÜ keznit', 'KRÜ mta']",Bind,Icebox,Lotus,Haven,-,Abyss,Lotus,Haven,-,-,https://www.vlr.gg/371266/kr-esports-vs-cloud9-champions-tour-2024-americas-stage-2-ko
Cloud9,C9,1,Bo3,A,loss,"[['Abyss', 11, 5, 6], ['Lotus', 13, 11, 2], ['Haven', 6, 3, 3]]",30,19,11,Champions Tour 2024: Americas Stage 2,Playoffs: Knockout Round,"['C9 moose', 'C9 Xeppaa', 'C9 OXY', 'C9 runi', 'C9 vanity']",Ascent,Sunset,Abyss,Haven,-,Abyss,Lotus,Haven,-,-,https://www.vlr.gg/371266/kr-esports-vs-cloud9-champions-tour-2024-americas-stage-2-ko
Sentinels,SEN,0,Bo3,A,loss,"[['Haven', 13, 9, 4], ['Ascent', 13, 8, 5]]",26,17,9,Champions Tour 2024: Americas Stage 2,Playoffs: Knockout Round,"['SEN zekken', 'SEN TenZ', 'SEN Sacy', 'SEN johnqt', 'SEN Zellsis']",Icebox,Bind,Haven,Abyss,-,Haven,Ascent,-,-,-,https://www.vlr.gg/371267/sentinels-vs-100-thieves-champions-tour-2024-americas-stage-2-ko
100 Thieves,100T,2,Bo3,B,win,"[['Haven', 7, 4, 3], ['Ascent', 10, 6, 4]]",17,10,7,Champions Tour 2024: Americas Stage 2,Playoffs: Knockout Round,"['100T bang', '100T eeiu', '100T Cryocells', '100T Asuna', '100T Boostio']",Sunset,Lotus,Ascent,Abyss,-,Haven,Ascent,-,-,-,https://www.vlr.gg/371267/sentinels-vs-100-thieves-champions-tour-2024-americas-stage-2-ko
LEVIATÁN,LEV,2,Bo3,A,win,"[['Icebox', 2, 2, 0], ['Sunset', 4, 2, 2]]",6,4,2,Champions Tour 2024: Americas Stage 2,Playoffs: Upper Semifinals,"['LEV aspas', 'LEV tex', 'LEV kiNgg', 'LEV C0M', 'LEV Mazino']",Lotus,Abyss,Icebox,Haven,-,Icebox,Sunset,-,-,-,https://www.vlr.gg/371268/leviat-n-vs-kr-esports-champions-tour-2024-americas-stage-2-ubsf
KRÜ Esports,KRÜ,0,Bo3,B,loss,"[['Icebox', 13, 3, 10], ['Sunset', 13, 3, 10]]",26,6,20,Champions Tour 2024: Americas Stage 2,Playoffs: Upper Semifinals,"['KRÜ Shyy', 'KRÜ Melser', 'KRÜ keznit', 'KRÜ mta', 'KRÜ heat']",Bind,Ascent,Sunset,Haven,-,Icebox,Sunset,-,-,-,https://www.vlr.gg/371268/leviat-n-vs-kr-esports-champions-tour-2024-americas-stage-2-ubsf
G2 Esports,G2,2,Bo3,A,win,"[['Lotus', 5, 5, 0], ['Abyss', 10, 5, 5]]",15,10,5,Champions Tour 2024: Americas Stage 2,Playoffs: Upper Semifinals,"['G2 trent', 'G2 JonahP', 'G2 valyn', 'G2 leaf', 'G2 icy']",Ascent,Icebox,Lotus,Haven,-,Lotus,Abyss,-,-,-,https://www.vlr.gg/371269/g2-esports-vs-100-thieves-champions-tour-2024-americas-stage-2-ubsf
100 Thieves,100T,0,Bo3,B,loss,"[['Lotus', 13, 6, 7], ['Abyss', 13, 6, 7]]",26,12,14,Champions Tour 2024: Americas Stage 2,Playoffs: Upper Semifinals,"['100T bang', '100T Boostio', '100T Cryocells', '100T eeiu', '100T Asuna']",Bind,Sunset,Abyss,Haven,-,Lotus,Abyss,-,-,-,https://www.vlr.gg/371269/g2-esports-vs-100-thieves-champions-tour-2024-americas-stage-2-ubsf
LEVIATÁN,LEV,0,Bo3,A,loss,"[['Icebox', 13, 10, 3], ['Bind', 13, 8, 5]]",26,18,8,Champions Tour 2024: Americas Stage 2,Playoffs: Upper Final,"['LEV kiNgg', 'LEV aspas', 'LEV tex', 'LEV Mazino', 'LEV C0M']",Lotus,Abyss,Icebox,Haven,-,Icebox,Bind,-,-,-,https://www.vlr.gg/371270/leviat-n-vs-g2-esports-champions-tour-2024-americas-stage-2-ubf
G2 Esports,G2,2,Bo3,B,win,"[['Icebox', 8, 6, 2], ['Bind', 6, 2, 4]]",14,8,6,Champions Tour 2024: Americas Stage 2,Playoffs: Upper Final,"['G2 JonahP', 'G2 icy', 'G2 valyn', 'G2 trent', 'G2 leaf']",Sunset,Ascent,Bind,Haven,-,Icebox,Bind,-,-,-,https://www.vlr.gg/371270/leviat-n-vs-g2-esports-champions-tour-2024-americas-stage-2-ubf
KRÜ Esports,KRÜ,2,Bo3,B,win,"[['Icebox', 9, 3, 6], ['Lotus', 13, 7, 6], ['Ascent', 13, 5, 8]]",35,15,20,Champions Tour 2024: Americas Stage 2,Playoffs: Lower Round 1,"['KRÜ Melser', 'KRÜ Shyy', 'KRÜ heat', 'KRÜ mta', 'KRÜ keznit']",Bind,Abyss,Lotus,Ascent,-,Icebox,Lotus,Ascent,-,-,https://www.vlr.gg/371272/kr-esports-vs-100-thieves-champions-tour-2024-americas-stage-2-lr1
100 Thieves,100T,1,Bo3,A,loss,"[['Icebox', 13, 6, 7], ['Lotus', 11, 6, 5], ['Ascent', 11, 4, 7]]",35,16,19,Champions Tour 2024: Americas Stage 2,Playoffs: Lower Round 1,"['100T Cryocells', '100T eeiu', '100T bang', '100T Asuna', '100T Boostio']",Sunset,Haven,Icebox,Ascent,-,Icebox,Lotus,Ascent,-,-,https://www.vlr.gg/371272/kr-esports-vs-100-thieves-champions-tour-2024-americas-stage-2-lr1
LEVIATÁN,LEV,3,Bo5,A,win,"[['Icebox', 3, 2, 1], ['Haven', 13, 5, 8], ['Sunset', 13, 9, 4], ['Abyss', 10, 4, 6], ['Ascent', 10, 6, 4]]",49,26,23,Champions Tour 2024: Americas Stage 2,Playoffs: Lower Final,"['LEV Mazino', 'LEV aspas', 'LEV C0M', 'LEV tex', 'LEV kiNgg']",Lotus,-,Icebox,Sunset,Ascent,Icebox,Haven,Sunset,Abyss,Ascent,https://www.vlr.gg/371273/leviat-n-vs-kr-esports-champions-tour-2024-americas-stage-2-lbf
KRÜ Esports,KRÜ,2,Bo5,B,loss,"[['Icebox', 13, 11, 2], ['Haven', 11, 4, 7], ['Sunset', 7, 4, 3], ['Abyss', 13, 5, 8], ['Ascent', 13, 8, 5]]",57,32,25,Champions Tour 2024: Americas Stage 2,Playoffs: Lower Final,"['KRÜ Shyy', 'KRÜ keznit', 'KRÜ heat', 'KRÜ mta', 'KRÜ Melser']",Bind,-,Haven,Abyss,Ascent,Icebox,Haven,Sunset,Abyss,Ascent,https://www.vlr.gg/371273/leviat-n-vs-kr-esports-champions-tour-2024-americas-stage-2-lbf
G2 Esports,G2,1,Bo5,A,loss,"[['Lotus', 15, 6, 6], ['Haven', 16, 5, 7], ['Bind', 9, 1, 8], ['Ascent', 13, 8, 5]]",53,20,26,Champions Tour 2024: Americas Stage 2,Playoffs: Grand Final,"['G2 leaf', 'G2 valyn', 'G2 JonahP', 'G2 icy', 'G2 trent']",Icebox,Sunset,Lotus,Bind,Abyss,Lotus,Haven,Bind,Ascent,-,https://www.vlr.gg/371271/g2-esports-vs-leviat-n-champions-tour-2024-americas-stage-2-gf
LEVIATÁN,LEV,3,Bo5,B,win,"[['Lotus', 13, 6, 6], ['Haven', 14, 5, 7], ['Bind', 13, 4, 9], ['Ascent', 4, 0, 4]]",44,15,26,Champions Tour 2024: Americas Stage 2,Playoffs: Grand Final,"['LEV Mazino', 'LEV aspas', 'LEV C0M', 'LEV tex', 'LEV kiNgg']",-,-,Haven,Ascent,Abyss,Lotus,Haven,Bind,Ascent,-,https://www.vlr.gg/371271/g2-esports-vs-leviat-n-champions-tour-2024-americas-stage-2-gf
Titan Esports Club,TEC,0,Bo3,B,loss,"[['Icebox', 12, 4, 8], ['Lotus', 11, 8, 3]]",23,12,11,Champions Tour 2024: China Stage 2,Regular Season: Week 1,"['TEC Abo', 'TEC Rb', 'TEC AC', 'TEC kawaii', 'TEC LockM']",Bind,Sunset,Lotus,Ascent,-,Icebox,Lotus,-,-,-,https://www.vlr.gg/359603/titan-esports-club-vs-jd-gaming-champions-tour-2024-china-stage-2-w1
JDG Esports,JDG,2,Bo3,A,win,"[['Icebox', 14, 4, 8], ['Lotus', 13, 9, 4]]",27,13,12,Champions Tour 2024: China Stage 2,Regular Season: Week 1,"['JDG stew', 'JDG jkuro', 'JDG YHchen', 'JDG Z1yan', 'JDG Viva']",Breeze,Split,Icebox,Ascent,-,Icebox,Lotus,-,-,-,https://www.vlr.gg/359603/titan-esports-club-vs-jd-gaming-champions-tour-2024-china-stage-2-w1
All Gamers,AG,2,Bo3,A,win,"[['Sunset', 10, 5, 5], ['Icebox', 4, 0, 4]]",14,5,9,Champions Tour 2024: China Stage 2,Regular Season: Week 1,"['AG Spitfires', 'AG monk', 'AG bunt', 'AG sword9', 'AG deLb']",Ascent,Bind,Sunset,Split,-,Sunset,Icebox,-,-,-,https://www.vlr.gg/359604/all-gamers-vs-tyloo-champions-tour-2024-china-stage-2-w1
TYLOO,TYL,0,Bo3,B,loss,"[['Sunset', 13, 7, 6], ['Icebox', 13, 8, 5]]",26,15,11,Champions Tour 2024: China Stage 2,Regular Season: Week 1,"['TYL Ninebody', 'TYL coldfish', 'TYL zjc', 'TYL AAK', 'TYL Scales']",Lotus,Breeze,Icebox,Split,-,Sunset,Icebox,-,-,-,https://www.vlr.gg/359604/all-gamers-vs-tyloo-champions-tour-2024-china-stage-2-w1
Bilibili Gaming,BLG,2,Bo3,B,win,"[['Sunset', 13, 4, 9], ['Bind', 13, 4, 9]]",26,8,18,Champions Tour 2024: China Stage 2,Regular Season: Week 1,"['BLG Flex1n', 'BLG yosemite', 'BLG nephh', 'BLG Knight', 'BLG whzy']",Breeze,Icebox,Bind,Split,-,Sunset,Bind,-,-,-,https://www.vlr.gg/359605/bilibili-gaming-vs-wolves-esports-champions-tour-2024-china-stage-2-w1
Wolves Esports,WOL,0,Bo3,A,loss,"[['Sunset', 5, 3, 2], ['Bind', 7, 3, 4]]",12,6,6,Champions Tour 2024: China Stage 2,Regular Season: Week 1,"['WOL Yuicaw', 'WOL Spring', 'WOL pl1xx', 'WOL balua', 'WOL SiuFatBB']",Lotus,Ascent,Sunset,Split,-,Sunset,Bind,-,-,-,https://www.vlr.gg/359605/bilibili-gaming-vs-wolves-esports-champions-tour-2024-china-stage-2-w1
Dragon Ranger Gaming,DRG,1,Bo3,A,loss,"[['Ascent', 7, 1, 6], ['Lotus', 14, 8, 4], ['Sunset', 13, 9, 4]]",34,18,14,Champions Tour 2024: China Stage 2,Regular Season: Week 2,"['DRG vo0kashu', 'DRG TvirusLuke', 'DRG Nicc', 'DRG nizhaoTZH', 'DRG Shion7']",Bind,Split,Ascent,Sunset,-,Ascent,Lotus,Sunset,-,-,https://www.vlr.gg/359606/dragon-ranger-gaming-vs-nova-esports-champions-tour-2024-china-stage-2-w2
Nova Esports,NOVA,2,Bo3,B,win,"[['Ascent', 13, 6, 7], ['Lotus', 12, 8, 4], ['Sunset', 5, 2, 3]]",30,16,14,Champions Tour 2024: China Stage 2,Regular Season: Week 2,"['NOVA SWERL', 'NOVA Ezeir', 'NOVA GuanG', 'NOVA cb', 'NOVA o0o0o']",Haven,Icebox,Lotus,Sunset,-,Ascent,Lotus,Sunset,-,-,https://www.vlr.gg/359606/dragon-ranger-gaming-vs-nova-esports-champions-tour-2024-china-stage-2-w2
FunPlus Phoenix,FPX,1,Bo3,B,loss,"[['Haven', 13, 10, 3], ['Lotus', 13, 3, 9], ['Sunset', 6, 1, 5]]",32,14,17,Champions Tour 2024: China Stage 2,Regular Season: Week 2,"['FPX Autumn', 'FPX Life', 'FPX Lysoar', 'FPX BerLIN', 'FPX AAAAY']",Split,Bind,Lotus,Sunset,-,Haven,Lotus,Sunset,-,-,https://www.vlr.gg/359607/funplus-phoenix-vs-trace-esports-champions-tour-2024-china-stage-2-w2
Trace Esports,TE,2,Bo3,A,win,"[['Haven', 5, 3, 2], ['Lotus', 15, 3, 9], ['Sunset', 13, 7, 6]]",33,13,17,Champions Tour 2024: China Stage 2,Regular Season: Week 2,"['TE FengF', 'TE Biank', 'TE Kai', 'TE LuoK1ng', 'TE heybay']",Icebox,Ascent,Haven,Sunset,-,Haven,Lotus,Sunset,-,-,https://www.vlr.gg/359607/funplus-phoenix-vs-trace-esports-champions-tour-2024-china-stage-2-w2
Titan Esports Club,TEC,0,Bo3,B,loss,"[['Sunset', 10, 8, 2], ['Icebox', 6, 3, 3]]",16,11,5,Champions Tour 2024: China Stage 2,Regular Season: Week 2,"['TEC AC', 'TEC LockM', 'TEC Rb', 'TEC Abo', 'TEC kawaii']",Split,Haven,Icebox,Ascent,-,Sunset,Icebox,-,-,-,https://www.vlr.gg/359608/titan-esports-club-vs-all-gamers-champions-tour-2024-china-stage-2-w2
All Gamers,AG,2,Bo3,A,win,"[['Sunset', 13, 9, 4], ['Icebox', 13, 9, 4]]",26,18,8,Champions Tour 2024: China Stage 2,Regular Season: Week 2,"['AG Spitfires', 'AG bunt', 'AG monk', 'AG sword9', 'AG deLb']",Lotus,Bind,Sunset,Ascent,-,Sunset,Icebox,-,-,-,https://www.vlr.gg/359608/titan-esports-club-vs-all-gamers-champions-tour-2024-china-stage-2-w2
EDward Gaming,EDG,1,Bo3,B,loss,"[['Split', 13, 4, 9], ['Bind', 12, 5, 7], ['Icebox', 7, 5, 2]]",32,14,18,Champions Tour 2024: China Stage 2,Regular Season: Week 2,"['EDG ZmjjKK', 'EDG Smoggy', 'EDG nobody', 'EDG CHICHOO', 'EDG Haodong']",Ascent,Sunset,Bind,Icebox,-,Split,Bind,Icebox,-,-,https://www.vlr.gg/359609/edward-gaming-vs-wolves-esports-champions-tour-2024-china-stage-2-w2
Wolves Esports,WOL,2,Bo3,A,win,"[['Split', 7, 3, 4], ['Bind', 14, 5, 7], ['Icebox', 13, 6, 7]]",34,14,18,Champions Tour 2024: China Stage 2,Regular Season: Week 2,"['WOL Spring', 'WOL Yuicaw', 'WOL pl1xx', 'WOL balua', 'WOL SiuFatBB']",Haven,Lotus,Split,Icebox,-,Split,Bind,Icebox,-,-,https://www.vlr.gg/359609/edward-gaming-vs-wolves-esports-champions-tour-2024-china-stage-2-w2
TYLOO,TYL,1,Bo3,A,loss,"[['Split', 13, 8, 5], ['Sunset', 7, 2, 5], ['Haven', 13, 5, 8]]",33,15,18,Champions Tour 2024: China Stage 2,Regular Season: Week 2,"['TYL zjc', 'TYL Eren', 'TYL Ninebody', 'TYL coldfish', 'TYL Scales']",Lotus,Ascent,Split,Haven,-,Split,Sunset,Haven,-,-,https://www.vlr.gg/359610/tyloo-vs-trace-esports-champions-tour-2024-china-stage-2-w2
Trace Esports,TE,2,Bo3,B,win,"[['Split', 11, 7, 4], ['Sunset', 13, 7, 6], ['Haven', 4, 4, 0]]",28,18,10,Champions Tour 2024: China Stage 2,Regular Season: Week 2,"['TE FengF', 'TE LuoK1ng', 'TE Biank', 'TE Kai', 'TE heybay']",Icebox,Bind,Sunset,Haven,-,Split,Sunset,Haven,-,-,https://www.vlr.gg/359610/tyloo-vs-trace-esports-champions-tour-2024-china-stage-2-w2
Nova Esports,NOVA,1,Bo3,B,loss,"[['Split', 16, 4, 8], ['Bind', 9, 4, 5], ['Ascent', 6, 3, 3]]",31,11,16,Champions Tour 2024: China Stage 2,Regular Season: Week 2,"['NOVA SWERL', 'NOVA GuanG', 'NOVA cb', 'NOVA o0o0o', 'NOVA Ezeir']",Haven,Lotus,Bind,Ascent,-,Split,Bind,Ascent,-,-,https://www.vlr.gg/359611/nova-esports-vs-bilibili-gaming-champions-tour-2024-china-stage-2-w2
Bilibili Gaming,BLG,2,Bo3,A,win,"[['Split', 14, 4, 8], ['Bind', 13, 5, 8], ['Ascent', 13, 4, 9]]",40,13,25,Champions Tour 2024: China Stage 2,Regular Season: Week 2,"['BLG whzy', 'BLG Knight', 'BLG yosemite', 'BLG nephh', 'BLG Flex1n']",Sunset,Icebox,Split,Ascent,-,Split,Bind,Ascent,-,-,https://www.vlr.gg/359611/nova-esports-vs-bilibili-gaming-champions-tour-2024-china-stage-2-w2
JDG Esports,JDG,0,Bo3,A,loss,"[['Sunset', 13, 8, 5], ['Haven', 14, 5, 7]]",27,13,12,Champions Tour 2024: China Stage 2,Regular Season: Week 3,"['JDG stew', 'JDG Z1yan', 'JDG Viva', 'JDG YHchen', 'JDG jkuro']",Ascent,Lotus,Sunset,Bind,-,Sunset,Haven,-,-,-,https://www.vlr.gg/359612/jdg-esports-vs-funplus-phoenix-champions-tour-2024-china-stage-2-w3
FunPlus Phoenix,FPX,2,Bo3,B,win,"[['Sunset', 8, 4, 4], ['Haven', 12, 5, 7]]",20,9,11,Champions Tour 2024: China Stage 2,Regular Season: Week 3,"['FPX Life', 'FPX BerLIN', 'FPX AAAAY', 'FPX Lysoar', 'FPX Autumn']",Split,Icebox,Haven,Bind,-,Sunset,Haven,-,-,-,https://www.vlr.gg/359612/jdg-esports-vs-funplus-phoenix-champions-tour-2024-china-stage-2-w3
EDward Gaming,EDG,0,Bo3,A,loss,"[['Lotus', 13, 5, 8], ['Haven', 13, 4, 9]]",26,9,17,Champions Tour 2024: China Stage 2,Regular Season: Week 3,"['EDG ZmjjKK', 'EDG CHICHOO', 'EDG Smoggy', 'EDG S1Mon', 'EDG nobody']",Ascent,Icebox,Lotus,Split,-,Lotus,Haven,-,-,-,https://www.vlr.gg/359613/edward-gaming-vs-dragon-ranger-gaming-champions-tour-2024-china-stage-2-w3
Dragon Ranger Gaming,DRG,2,Bo3,B,win,"[['Lotus', 11, 4, 7], ['Haven', 5, 3, 2]]",16,7,9,Champions Tour 2024: China Stage 2,Regular Season: Week 3,"['DRG vo0kashu', 'DRG Shion7', 'DRG TvirusLuke', 'DRG nizhaoTZH', 'DRG Nicc']",Bind,Sunset,Haven,Split,-,Lotus,Haven,-,-,-,https://www.vlr.gg/359613/edward-gaming-vs-dragon-ranger-gaming-champions-tour-2024-china-stage-2-w3
Nova Esports,NOVA,2,Bo3,B,win,"[['Icebox', 14, 10, 2], ['Sunset', 15, 4, 8]]",29,14,10,Champions Tour 2024: China Stage 2,Regular Season: Week 3,"['NOVA GuanG', 'NOVA cb', 'NOVA Ezeir', 'NOVA SWERL', 'NOVA o0o0o']",Haven,Ascent,Sunset,Bind,-,Icebox,Sunset,-,-,-,https://www.vlr.gg/359614/nova-esports-vs-wolves-esports-champions-tour-2024-china-stage-2-w3
Wolves Esports,WOL,0,Bo3,A,loss,"[['Icebox', 12, 10, 2], ['Sunset', 13, 4, 8]]",25,14,10,Champions Tour 2024: China Stage 2,Regular Season: Week 3,"['WOL Yuicaw', 'WOL Spring', 'WOL balua', 'WOL pl1xx', 'WOL SiuFatBB']",Lotus,Split,Icebox,Bind,-,Icebox,Sunset,-,-,-,https://www.vlr.gg/359614/nova-esports-vs-wolves-esports-champions-tour-2024-china-stage-2-w3
JDG Esports,JDG,2,Bo3,A,win,"[['Bind', 2, 2, 0], ['Sunset', 13, 9, 4], ['Haven', 6, 5, 1]]",21,16,5,Champions Tour 2024: China Stage 2,Regular Season: Week 3,"['JDG stew', 'JDG YHchen', 'JDG Z1yan', 'JDG Viva', 'JDG jkuro']",Split,Lotus,Bind,Haven,-,Bind,Sunset,Haven,-,-,https://www.vlr.gg/359615/jdg-esports-vs-trace-esports-champions-tour-2024-china-stage-2-w3
Trace Esports,TE,1,Bo3,B,loss,"[['Bind', 13, 3, 10], ['Sunset', 8, 5, 3], ['Haven', 13, 6, 7]]",34,14,20,Champions Tour 2024: China Stage 2,Regular Season: Week 3,"['TE LuoK1ng', 'TE FengF', 'TE Biank', 'TE Kai', 'TE heybay']",Icebox,Ascent,Sunset,Haven,-,Bind,Sunset,Haven,-,-,https://www.vlr.gg/359615/jdg-esports-vs-trace-esports-champions-tour-2024-china-stage-2-w3
Titan Esports Club,TEC,1,Bo3,A,loss,"[['Bind', 13, 3, 10], ['Ascent', 9, 3, 6], ['Icebox', 13, 7, 6]]",35,13,22,Champions Tour 2024: China Stage 2,Regular Season: Week 3,"['TEC Rb', 'TEC AC', 'TEC B1ack', 'TEC Abo', 'TEC LockM']",Split,Haven,Bind,Icebox,-,Bind,Ascent,Icebox,-,-,https://www.vlr.gg/359616/titan-esports-club-vs-tyloo-champions-tour-2024-china-stage-2-w3
TYLOO,TYL,2,Bo3,B,win,"[['Bind', 11, 2, 9], ['Ascent', 13, 6, 7], ['Icebox', 9, 6, 3]]",33,14,19,Champions Tour 2024: China Stage 2,Regular Season: Week 3,"['TYL Ninebody', 'TYL Scales', 'TYL zjc', 'TYL coldfish', 'TYL Eren']",Lotus,Sunset,Ascent,Icebox,-,Bind,Ascent,Icebox,-,-,https://www.vlr.gg/359616/titan-esports-club-vs-tyloo-champions-tour-2024-china-stage-2-w3
All Gamers,AG,1,Bo3,A,loss,"[['Sunset', 13, 6, 7], ['Haven', 8, 2, 6], ['Ascent', 13, 7, 6]]",34,15,19,Champions Tour 2024: China Stage 2,Regular Season: Week 3,"['AG monk', 'AG Spitfires', 'AG sword9', 'AG bunt', 'AG deLb']",Lotus,Bind,Sunset,Ascent,-,Sunset,Haven,Ascent,-,-,https://www.vlr.gg/359617/all-gamers-vs-funplus-phoenix-champions-tour-2024-china-stage-2-w3
FunPlus Phoenix,FPX,2,Bo3,B,win,"[['Sunset', 11, 5, 6], ['Haven', 13, 6, 7], ['Ascent', 7, 2, 5]]",31,13,18,Champions Tour 2024: China Stage 2,Regular Season: Week 3,"['FPX Lysoar', 'FPX BerLIN', 'FPX Life', 'FPX AAAAY', 'FPX Autumn']",Split,Icebox,Haven,Ascent,-,Sunset,Haven,Ascent,-,-,https://www.vlr.gg/359617/all-gamers-vs-funplus-phoenix-champions-tour-2024-china-stage-2-w3
Bilibili Gaming,BLG,2,Bo3,A,win,"[['Lotus', 11, 6, 5], ['Ascent', 11, 4, 7]]",22,10,12,Champions Tour 2024: China Stage 2,Regular Season: Week 3,"['BLG whzy', 'BLG nephh', 'BLG yosemite', 'BLG Knight', 'BLG Flex1n']",Icebox,Haven,Lotus,Split,-,Lotus,Ascent,-,-,-,https://www.vlr.gg/359618/bilibili-gaming-vs-dragon-ranger-gaming-champions-tour-2024-china-stage-2-w3
Dragon Ranger Gaming,DRG,0,Bo3,B,loss,"[['Lotus', 13, 7, 6], ['Ascent', 13, 5, 8]]",26,12,14,Champions Tour 2024: China Stage 2,Regular Season: Week 3,"['DRG TvirusLuke', 'DRG vo0kashu', 'DRG Nicc', 'DRG Shion7', 'DRG nizhaoTZH']",Bind,Sunset,Ascent,Split,-,Lotus,Ascent,-,-,-,https://www.vlr.gg/359618/bilibili-gaming-vs-dragon-ranger-gaming-champions-tour-2024-china-stage-2-w3
EDward Gaming,EDG,2,Bo3,B,win,"[['Lotus', 13, 6, 7], ['Bind', 13, 8, 5]]",26,14,12,Champions Tour 2024: China Stage 2,Regular Season: Week 3,"['EDG ZmjjKK', 'EDG nobody', 'EDG CHICHOO', 'EDG Smoggy', 'EDG S1Mon']",Ascent,Icebox,Bind,Sunset,-,Lotus,Bind,-,-,-,https://www.vlr.gg/359619/edward-gaming-vs-nova-esports-champions-tour-2024-china-stage-2-w3
Nova Esports,NOVA,0,Bo3,A,loss,"[['Lotus', 9, 5, 4], ['Bind', 6, 2, 4]]",15,7,8,Champions Tour 2024: China Stage 2,Regular Season: Week 3,"['NOVA GuanG', 'NOVA SWERL', 'NOVA cb', 'NOVA o0o0o', 'NOVA Ezeir']",Haven,Split,Lotus,Sunset,-,Lotus,Bind,-,-,-,https://www.vlr.gg/359619/edward-gaming-vs-nova-esports-champions-tour-2024-china-stage-2-w3
All Gamers,AG,0,Bo3,A,loss,"[['Haven', 13, 10, 3], ['Sunset', 13, 4, 9]]",26,14,12,Champions Tour 2024: China Stage 2,Regular Season: Week 4,"['AG sword9', 'AG deLb', 'AG Spitfires', 'AG bunt', 'AG monk']",Lotus,Ascent,Haven,Split,-,Haven,Sunset,-,-,-,https://www.vlr.gg/359621/all-gamers-vs-trace-esports-champions-tour-2024-china-stage-2-w4
Trace Esports,TE,2,Bo3,B,win,"[['Haven', 6, 4, 2], ['Sunset', 4, 3, 1]]",10,7,3,Champions Tour 2024: China Stage 2,Regular Season: Week 4,"['TE Kai', 'TE Biank', 'TE heybay', 'TE FengF', 'TE LuoK1ng']",Icebox,Bind,Sunset,Split,-,Haven,Sunset,-,-,-,https://www.vlr.gg/359621/all-gamers-vs-trace-esports-champions-tour-2024-china-stage-2-w4
Titan Esports Club,TEC,2,Bo3,B,win,"[['Lotus', 13, 6, 7], ['Sunset', 13, 5, 8]]",26,11,15,Champions Tour 2024: China Stage 2,Regular Season: Week 4,"['TEC Abo', 'TEC Rb', 'TEC AC', 'TEC B1ack', 'TEC LockM']",Haven,Ascent,Sunset,Bind,-,Lotus,Sunset,-,-,-,https://www.vlr.gg/359622/titan-esports-club-vs-funplus-phoenix-champions-tour-2024-china-stage-2-w4
FunPlus Phoenix,FPX,0,Bo3,A,loss,"[['Lotus', 9, 3, 6], ['Sunset', 6, 4, 2]]",15,7,8,Champions Tour 2024: China Stage 2,Regular Season: Week 4,"['FPX Life', 'FPX AAAAY', 'FPX BerLIN', 'FPX Lysoar', 'FPX Autumn']",Split,Icebox,Lotus,Bind,-,Lotus,Sunset,-,-,-,https://www.vlr.gg/359622/titan-esports-club-vs-funplus-phoenix-champions-tour-2024-china-stage-2-w4
TYLOO,TYL,0,Bo3,B,loss,"[['Haven', 1, 1, 0], ['Icebox', 9, 7, 2]]",10,8,2,Champions Tour 2024: China Stage 2,Regular Season: Week 4,"['TYL zjc', 'TYL Ninebody', 'TYL Eren', 'TYL coldfish', 'TYL Scales']",Lotus,Split,Icebox,Bind,-,Haven,Icebox,-,-,-,https://www.vlr.gg/359623/tyloo-vs-jdg-esports-champions-tour-2024-china-stage-2-w4
JDG Esports,JDG,2,Bo3,A,win,"[['Haven', 13, 2, 11], ['Icebox', 13, 8, 5]]",26,10,16,Champions Tour 2024: China Stage 2,Regular Season: Week 4,"['JDG Z1yan', 'JDG Viva', 'JDG YHchen', 'JDG jkuro', 'JDG stew']",Sunset,Ascent,Haven,Bind,-,Haven,Icebox,-,-,-,https://www.vlr.gg/359623/tyloo-vs-jdg-esports-champions-tour-2024-china-stage-2-w4
Dragon Ranger Gaming,DRG,0,Bo3,B,loss,"[['Icebox', 7, 2, 5], ['Ascent', 6, 4, 2]]",13,6,7,Champions Tour 2024: China Stage 2,Regular Season: Week 4,"['DRG vo0kashu', 'DRG TvirusLuke', 'DRG Shion7', 'DRG Nicc', 'DRG nizhaoTZH']",Sunset,Bind,Ascent,Haven,-,Icebox,Ascent,-,-,-,https://www.vlr.gg/359624/dragon-ranger-gaming-vs-wolves-esports-champions-tour-2024-china-stage-2-w4
Wolves Esports,WOL,2,Bo3,A,win,"[['Icebox', 13, 7, 6], ['Ascent', 13, 5, 8]]",26,12,14,Champions Tour 2024: China Stage 2,Regular Season: Week 4,"['WOL Yuicaw', 'WOL pl1xx', 'WOL balua', 'WOL Spring', 'WOL SiuFatBB']",Lotus,Split,Icebox,Haven,-,Icebox,Ascent,-,-,-,https://www.vlr.gg/359624/dragon-ranger-gaming-vs-wolves-esports-champions-tour-2024-china-stage-2-w4
Trace Esports,TE,2,Bo3,A,win,"[['Lotus', 11, 5, 6], ['Bind', 13, 8, 5], ['Haven', 10, 5, 5]]",34,18,16,Champions Tour 2024: China Stage 2,Regular Season: Week 4,"['TE FengF', 'TE Kai', 'TE LuoK1ng', 'TE heybay', 'TE Biank']",Icebox,Ascent,Lotus,Haven,-,Lotus,Bind,Haven,-,-,https://www.vlr.gg/359625/trace-esports-vs-titan-esports-club-champions-tour-2024-china-stage-2-w4
Titan Esports Club,TEC,1,Bo3,B,loss,"[['Lotus', 13, 6, 7], ['Bind', 8, 4, 4], ['Haven', 13, 7, 6]]",34,17,17,Champions Tour 2024: China Stage 2,Regular Season: Week 4,"['TEC Rb', 'TEC Abo', 'TEC B1ack', 'TEC AC', 'TEC LockM']",Split,Sunset,Bind,Haven,-,Lotus,Bind,Haven,-,-,https://www.vlr.gg/359625/trace-esports-vs-titan-esports-club-champions-tour-2024-china-stage-2-w4
EDward Gaming,EDG,2,Bo3,B,win,"[['Icebox', 13, 7, 6], ['Haven', 13, 5, 8]]",26,12,14,Champions Tour 2024: China Stage 2,Regular Season: Week 4,"['EDG Smoggy', 'EDG S1Mon', 'EDG ZmjjKK', 'EDG nobody', 'EDG CHICHOO']",Split,Ascent,Haven,Lotus,-,Icebox,Haven,-,-,-,https://www.vlr.gg/359626/edward-gaming-vs-bilibili-gaming-champions-tour-2024-china-stage-2-w4
Bilibili Gaming,BLG,0,Bo3,A,loss,"[['Icebox', 11, 6, 5], ['Haven', 8, 4, 4]]",19,10,9,Champions Tour 2024: China Stage 2,Regular Season: Week 4,"['BLG nephh', 'BLG whzy', 'BLG yosemite', 'BLG Flex1n', 'BLG Knight']",Bind,Sunset,Icebox,Lotus,-,Icebox,Haven,-,-,-,https://www.vlr.gg/359626/edward-gaming-vs-bilibili-gaming-champions-tour-2024-china-stage-2-w4
JDG Esports,JDG,2,Bo3,A,win,"[['Haven', 8, 3, 5], ['Icebox', 3, 2, 1]]",11,5,6,Champions Tour 2024: China Stage 2,Regular Season: Week 4,"['JDG Viva', 'JDG stew', 'JDG Z1yan', 'JDG YHchen', 'JDG jkuro']",Sunset,Lotus,Haven,Split,-,Haven,Icebox,-,-,-,https://www.vlr.gg/359627/jdg-esports-vs-all-gamers-champions-tour-2024-china-stage-2-w4
All Gamers,AG,0,Bo3,B,loss,"[['Haven', 13, 7, 6], ['Icebox', 13, 3, 10]]",26,10,16,Champions Tour 2024: China Stage 2,Regular Season: Week 4,"['AG monk', 'AG Spitfires', 'AG bunt', 'AG sword9', 'AG deLb']",Bind,Ascent,Icebox,Split,-,Haven,Icebox,-,-,-,https://www.vlr.gg/359627/jdg-esports-vs-all-gamers-champions-tour-2024-china-stage-2-w4
TYLOO,TYL,2,Bo3,A,win,"[['Icebox', 13, 8, 5], ['Haven', 12, 6, 6], ['Ascent', 4, 3, 1]]",29,17,12,Champions Tour 2024: China Stage 2,Regular Season: Week 4,"['TYL Ninebody', 'TYL Eren', 'TYL zjc', 'TYL Scales', 'TYL coldfish']",Lotus,Bind,Icebox,Ascent,-,Icebox,Haven,Ascent,-,-,https://www.vlr.gg/359628/tyloo-vs-funplus-phoenix-champions-tour-2024-china-stage-2-w4
FunPlus Phoenix,FPX,1,Bo3,B,loss,"[['Icebox', 5, 1, 4], ['Haven', 14, 6, 6], ['Ascent', 13, 4, 9]]",32,11,19,Champions Tour 2024: China Stage 2,Regular Season: Week 4,"['FPX Lysoar', 'FPX Life', 'FPX AAAAY', 'FPX Autumn', 'FPX BerLIN']",Split,Sunset,Haven,Ascent,-,Icebox,Haven,Ascent,-,-,https://www.vlr.gg/359628/tyloo-vs-funplus-phoenix-champions-tour-2024-china-stage-2-w4
Trace Esports,TE,2,Bo3,B,win,"[['Lotus', 13, 9, 4], ['Sunset', 13, 8, 5]]",26,17,9,Champions Tour 2024: China Stage 2,Playoffs: Knockout Round,"['TE Biank', 'TE Kai', 'TE FengF', 'TE heybay', 'TE LuoK1ng']",Icebox,Bind,Sunset,Haven,-,Lotus,Sunset,-,-,-,https://www.vlr.gg/370723/trace-esports-vs-all-gamers-champions-tour-2024-china-stage-2-ko
All Gamers,AG,0,Bo3,A,loss,"[['Lotus', 7, 4, 3], ['Sunset', 10, 7, 3]]",17,11,6,Champions Tour 2024: China Stage 2,Playoffs: Knockout Round,"['AG Spitfires', 'AG deLb', 'AG sword9', 'AG monk', 'AG bunt']",Abyss,Ascent,Lotus,Haven,-,Lotus,Sunset,-,-,-,https://www.vlr.gg/370723/trace-esports-vs-all-gamers-champions-tour-2024-china-stage-2-ko
JDG Esports,JDG,0,Bo3,B,loss,"[['Sunset', 9, 4, 5], ['Icebox', 7, 2, 5]]",16,6,10,Champions Tour 2024: China Stage 2,Playoffs: Knockout Round,"['JDG Viva', 'JDG Z1yan', 'JDG stew', 'JDG YHchen', 'JDG jkuro']",Abyss,Ascent,Icebox,Lotus,-,Sunset,Icebox,-,-,-,https://www.vlr.gg/370722/jdg-esports-vs-bilibili-gaming-champions-tour-2024-china-stage-2-ko
Bilibili Gaming,BLG,2,Bo3,A,win,"[['Sunset', 13, 7, 6], ['Icebox', 13, 7, 6]]",26,14,12,Champions Tour 2024: China Stage 2,Playoffs: Knockout Round,"['BLG yosemite', 'BLG whzy', 'BLG Knight', 'BLG nephh', 'BLG Flex1n']",Haven,Bind,Sunset,Lotus,-,Sunset,Icebox,-,-,-,https://www.vlr.gg/370722/jdg-esports-vs-bilibili-gaming-champions-tour-2024-china-stage-2-ko
FunPlus Phoenix,FPX,0,Bo3,B,loss,"[['Ascent', 3, 3, 0], ['Haven', 11, 8, 3]]",14,11,3,Champions Tour 2024: China Stage 2,Playoffs: Upper Semifinals,"['FPX Autumn', 'FPX BerLIN', 'FPX AAAAY', 'FPX Life', 'FPX Lysoar']",Sunset,Bind,Haven,Lotus,-,Ascent,Haven,-,-,-,https://www.vlr.gg/370725/funplus-phoenix-vs-trace-esports-champions-tour-2024-china-stage-2-ubsf
Trace Esports,TE,2,Bo3,A,win,"[['Ascent', 13, 4, 9], ['Haven', 13, 9, 4]]",26,13,13,Champions Tour 2024: China Stage 2,Playoffs: Upper Semifinals,"['TE LuoK1ng', 'TE Kai', 'TE Biank', 'TE FengF', 'TE heybay']",Icebox,Abyss,Ascent,Lotus,-,Ascent,Haven,-,-,-,https://www.vlr.gg/370725/funplus-phoenix-vs-trace-esports-champions-tour-2024-china-stage-2-ubsf
EDward Gaming,EDG,2,Bo3,B,win,"[['Sunset', 13, 7, 6], ['Bind', 7, 4, 3], ['Lotus', 13, 9, 4]]",33,20,13,Champions Tour 2024: China Stage 2,Playoffs: Upper Semifinals,"['EDG ZmjjKK', 'EDG nobody', 'EDG Smoggy', 'EDG CHICHOO', 'EDG S1Mon']",Ascent,Abyss,Bind,Lotus,-,Sunset,Bind,Lotus,-,-,https://www.vlr.gg/370724/edward-gaming-vs-bilibili-gaming-champions-tour-2024-china-stage-2-ubsf
Bilibili Gaming,BLG,1,Bo3,A,loss,"[['Sunset', 5, 0, 5], ['Bind', 13, 5, 8], ['Lotus', 10, 7, 3]]",28,12,16,Champions Tour 2024: China Stage 2,Playoffs: Upper Semifinals,"['BLG Knight', 'BLG yosemite', 'BLG nephh', 'BLG whzy', 'BLG Flex1n']",Haven,Icebox,Sunset,Lotus,-,Sunset,Bind,Lotus,-,-,https://www.vlr.gg/370724/edward-gaming-vs-bilibili-gaming-champions-tour-2024-china-stage-2-ubsf
Trace Esports,TE,0,Bo3,A,loss,"[['Sunset', 13, 10, 3], ['Abyss', 13, 6, 7]]",26,16,10,Champions Tour 2024: China Stage 2,Playoffs: Upper Final,"['TE Biank', 'TE FengF', 'TE heybay', 'TE Kai', 'TE LuoK1ng']",Icebox,Haven,Sunset,Lotus,-,Sunset,Abyss,-,-,-,https://www.vlr.gg/370726/trace-esports-vs-edward-gaming-champions-tour-2024-china-stage-2-ubf
EDward Gaming,EDG,2,Bo3,B,win,"[['Sunset', 2, 0, 2], ['Abyss', 5, 5, 0]]",7,5,2,Champions Tour 2024: China Stage 2,Playoffs: Upper Final,"['EDG ZmjjKK', 'EDG CHICHOO', 'EDG nobody', 'EDG Smoggy', 'EDG S1Mon']",Ascent,Bind,Abyss,Lotus,-,Sunset,Abyss,-,-,-,https://www.vlr.gg/370726/trace-esports-vs-edward-gaming-champions-tour-2024-china-stage-2-ubf
FunPlus Phoenix,FPX,2,Bo3,B,win,"[['Ascent', 13, 4, 9], ['Icebox', 12, 7, 5], ['Lotus', 13, 7, 6]]",38,18,20,Champions Tour 2024: China Stage 2,Playoffs: Lower Round 1,"['FPX Autumn', 'FPX Life', 'FPX Lysoar', 'FPX BerLIN', 'FPX AAAAY']",Sunset,Bind,Icebox,Lotus,-,Ascent,Icebox,Lotus,-,-,https://www.vlr.gg/370728/funplus-phoenix-vs-bilibili-gaming-champions-tour-2024-china-stage-2-lr1
Bilibili Gaming,BLG,1,Bo3,A,loss,"[['Ascent', 3, 3, 0], ['Icebox', 14, 7, 5], ['Lotus', 10, 6, 4]]",27,16,9,Champions Tour 2024: China Stage 2,Playoffs: Lower Round 1,"['BLG whzy', 'BLG Flex1n', 'BLG nephh', 'BLG Knight', 'BLG yosemite']",Haven,Abyss,Ascent,Lotus,-,Ascent,Icebox,Lotus,-,-,https://www.vlr.gg/370728/funplus-phoenix-vs-bilibili-gaming-champions-tour-2024-china-stage-2-lr1
Trace Esports,TE,2,Bo5,B,loss,"[['Lotus', 13, 7, 6], ['Ascent', 13, 6, 7], ['Abyss', 8, 5, 3], ['Bind', 9, 6, 3], ['Haven', 8, 6, 2]]",51,30,21,Champions Tour 2024: China Stage 2,Playoffs: Lower Final,"['TE Kai', 'TE FengF', 'TE LuoK1ng', 'TE heybay', 'TE Biank']",Icebox,-,Ascent,Bind,Haven,Lotus,Ascent,Abyss,Bind,Haven,https://www.vlr.gg/370729/trace-esports-vs-funplus-phoenix-champions-tour-2024-china-stage-2-lbf
FunPlus Phoenix,FPX,3,Bo5,A,win,"[['Lotus', 11, 6, 5], ['Ascent', 8, 2, 6], ['Abyss', 13, 6, 7], ['Bind', 13, 7, 6], ['Haven', 13, 7, 6]]",58,28,30,Champions Tour 2024: China Stage 2,Playoffs: Lower Final,"['FPX Lysoar', 'FPX Life', 'FPX AAAAY', 'FPX Autumn', 'FPX BerLIN']",Sunset,-,Lotus,Abyss,Haven,Lotus,Ascent,Abyss,Bind,Haven,https://www.vlr.gg/370729/trace-esports-vs-funplus-phoenix-champions-tour-2024-china-stage-2-lbf
EDward Gaming,EDG,3,Bo5,A,win,"[['Sunset', 9, 6, 3], ['Abyss', 13, 6, 7], ['Haven', 7, 3, 4], ['Icebox', 13, 8, 5], ['Bind', 8, 6, 2]]",50,29,21,Champions Tour 2024: China Stage 2,Playoffs: Grand Final,"['EDG Smoggy', 'EDG CHICHOO', 'EDG S1Mon', 'EDG ZmjjKK', 'EDG nobody']",Ascent,Lotus,Sunset,Haven,Bind,Sunset,Abyss,Haven,Icebox,Bind,https://www.vlr.gg/370727/edward-gaming-vs-funplus-phoenix-champions-tour-2024-china-stage-2-gf
FunPlus Phoenix,FPX,2,Bo5,B,loss,"[['Sunset', 13, 9, 4], ['Abyss', 8, 5, 3], ['Haven', 13, 4, 9], ['Icebox', 9, 7, 2], ['Bind', 13, 10, 3]]",56,35,21,Champions Tour 2024: China Stage 2,Playoffs: Grand Final,"['FPX Autumn', 'FPX Life', 'FPX AAAAY', 'FPX Lysoar', 'FPX BerLIN']",-,-,Abyss,Icebox,Bind,Sunset,Abyss,Haven,Icebox,Bind,https://www.vlr.gg/370727/edward-gaming-vs-funplus-phoenix-champions-tour-2024-china-stage-2-gf
ZETA DIVISION,ZETA,1,Bo3,B,loss,"[['Icebox', 0, 0, 0], ['Sunset', 13, 5, 8], ['Breeze', 4, 2, 2]]",17,7,10,Champions Tour 2024: Pacific Stage 2,Regular Season: Week 1,"['ZETA SugarZ3ro', 'ZETA Dep', 'ZETA Laz', 'ZETA yuran', 'ZETA hiroronn']",Split,Lotus,Sunset,Breeze,-,Icebox,Sunset,Breeze,-,-,https://www.vlr.gg/314340/zeta-division-vs-drx-champions-tour-2024-pacific-stage-2-w1
DRX,DRX,2,Bo3,A,win,"[['Icebox', 13, 12, 1], ['Sunset', 11, 4, 7], ['Breeze', 13, 10, 3]]",37,26,11,Champions Tour 2024: Pacific Stage 2,Regular Season: Week 1,"['DRX BuZz', 'DRX Flashback', 'DRX Foxy9', 'DRX BeYN', 'DRX MaKo']",Bind,Ascent,Icebox,Breeze,-,Icebox,Sunset,Breeze,-,-,https://www.vlr.gg/314340/zeta-division-vs-drx-champions-tour-2024-pacific-stage-2-w1
Team Secret,TS,2,Bo3,B,win,"[['Ascent', 10, 0, 10], ['Sunset', 13, 8, 5], ['Split', 13, 5, 8]]",36,13,23,Champions Tour 2024: Pacific Stage 2,Regular Season: Week 1,"['TS invy', 'TS Jremy', 'TS 2GE', 'TS Wild0reoo', 'TS JessieVash']",Bind,Lotus,Sunset,Split,-,Ascent,Sunset,Split,-,-,https://www.vlr.gg/314341/team-secret-vs-bleed-champions-tour-2024-pacific-stage-2-w1
BLEED,BLD,1,Bo3,A,loss,"[['Ascent', 13, 2, 11], ['Sunset', 8, 7, 1], ['Split', 8, 4, 4]]",29,13,16,Champions Tour 2024: Pacific Stage 2,Regular Season: Week 1,"['BLD sScary', 'BLD Retla', 'BLD crazyguy', 'BLD Zest', 'BLD Deryeon']",Icebox,Breeze,Ascent,Split,-,Ascent,Sunset,Split,-,-,https://www.vlr.gg/314341/team-secret-vs-bleed-champions-tour-2024-pacific-stage-2-w1
T1,T1,1,Bo3,A,loss,"[['Split', 15, 7, 5], ['Lotus', 5, 3, 2], ['Sunset', 13, 7, 6]]",33,17,13,Champions Tour 2024: Pacific Stage 2,Regular Season: Week 1,"['T1 Sayaplayer', 'T1 stax', 'T1 Rossy', 'T1 iZu', 'T1 xccurate']",Breeze,Bind,Split,Sunset,-,Split,Lotus,Sunset,-,-,https://www.vlr.gg/314342/t1-vs-gen-g-champions-tour-2024-pacific-stage-2-w1
Gen.G,GEN,2,Bo3,B,win,"[['Split', 13, 7, 5], ['Lotus', 13, 4, 9], ['Sunset', 9, 4, 5]]",35,15,19,Champions Tour 2024: Pacific Stage 2,Regular Season: Week 1,"['GEN Karon', 'GEN Meteor', 'GEN t3xture', 'GEN Lakia', 'GEN Munchkin']",Icebox,Ascent,Lotus,Sunset,-,Split,Lotus,Sunset,-,-,https://www.vlr.gg/314342/t1-vs-gen-g-champions-tour-2024-pacific-stage-2-w1
Paper Rex,PRX,2,Bo3,B,win,"[['Icebox', 13, 9, 4], ['Sunset', 13, 9, 4]]",26,18,8,Champions Tour 2024: Pacific Stage 2,Regular Season: Week 1,"['PRX f0rsakeN', 'PRX d4v41', 'PRX Jinggg', 'PRX something', 'PRX mindfreak']",Breeze,Ascent,Sunset,Bind,-,Icebox,Sunset,-,-,-,https://www.vlr.gg/314343/paper-rex-vs-talon-esports-champions-tour-2024-pacific-stage-2-w1
TALON,TLN,0,Bo3,A,loss,"[['Icebox', 4, 1, 3], ['Sunset', 7, 4, 3]]",11,5,6,Champions Tour 2024: Pacific Stage 2,Regular Season: Week 1,"['TLN Surf', 'TLN JitBoyS', 'TLN ban', 'TLN Crws', 'TLN Governor']",Split,Lotus,Icebox,Bind,-,Icebox,Sunset,-,-,-,https://www.vlr.gg/314343/paper-rex-vs-talon-esports-champions-tour-2024-pacific-stage-2-w1
Rex Regum Qeon,RRQ,2,Bo3,A,win,"[['Icebox', 13, 8, 4], ['Ascent', 9, 3, 6]]",22,11,10,Champions Tour 2024: Pacific Stage 2,Regular Season: Week 1,"['RRQ Lmemore', 'RRQ Estrella', 'RRQ xffero', 'RRQ Monyet', 'RRQ Jemkin']",Bind,Sunset,Icebox,Lotus,-,Icebox,Ascent,-,-,-,https://www.vlr.gg/314344/rex-regum-qeon-vs-detonation-focusme-champions-tour-2024-pacific-stage-2-w1
DetonatioN FocusMe,DFM,0,Bo3,B,loss,"[['Icebox', 15, 8, 4], ['Ascent', 13, 6, 7]]",28,14,11,Champions Tour 2024: Pacific Stage 2,Regular Season: Week 1,"['DFM Meiy', 'DFM Medusa', 'DFM Anthem', 'DFM SSeeS', 'DFM neth']",Breeze,Split,Ascent,Lotus,-,Icebox,Ascent,-,-,-,https://www.vlr.gg/314344/rex-regum-qeon-vs-detonation-focusme-champions-tour-2024-pacific-stage-2-w1
Team Secret,TS,2,Bo3,A,win,"[['Sunset', 8, 1, 7], ['Ascent', 10, 7, 3]]",18,8,10,Champions Tour 2024: Pacific Stage 2,Regular Season: Week 1,"['TS Wild0reoo', 'TS Jremy', 'TS invy', 'TS 2GE', 'TS JessieVash']",Bind,Lotus,Sunset,Icebox,-,Sunset,Ascent,-,-,-,https://www.vlr.gg/314345/team-secret-vs-global-esports-champions-tour-2024-pacific-stage-2-w1
Global Esports,GE,0,Bo3,B,loss,"[['Sunset', 13, 2, 11], ['Ascent', 13, 8, 5]]",26,10,16,Champions Tour 2024: Pacific Stage 2,Regular Season: Week 1,"['GE blaZek1ng', 'GE Polvi', 'GE Russ', 'GE Benkai', 'GE Lightningfast']",Breeze,Split,Ascent,Icebox,-,Sunset,Ascent,-,-,-,https://www.vlr.gg/314345/team-secret-vs-global-esports-champions-tour-2024-pacific-stage-2-w1
TALON,TLN,2,Bo3,A,win,"[['Lotus', 13, 6, 6], ['Ascent', 13, 7, 6], ['Icebox', 10, 8, 2]]",36,21,14,Champions Tour 2024: Pacific Stage 2,Regular Season: Week 2,"['TLN JitBoyS', 'TLN ban', 'TLN Crws', 'TLN Governor', 'TLN Surf']",Split,Sunset,Lotus,Icebox,-,Lotus,Ascent,Icebox,-,-,https://www.vlr.gg/314346/talon-esports-vs-rex-regum-qeon-champions-tour-2024-pacific-stage-2-w2
Rex Regum Qeon,RRQ,1,Bo3,B,loss,"[['Lotus', 15, 6, 6], ['Ascent', 10, 5, 5], ['Icebox', 13, 10, 3]]",38,21,14,Champions Tour 2024: Pacific Stage 2,Regular Season: Week 2,"['RRQ Jemkin', 'RRQ Monyet', 'RRQ Estrella', 'RRQ Lmemore', 'RRQ xffero']",Bind,Haven,Ascent,Icebox,-,Lotus,Ascent,Icebox,-,-,https://www.vlr.gg/314346/talon-esports-vs-rex-regum-qeon-champions-tour-2024-pacific-stage-2-w2
Paper Rex,PRX,2,Bo3,A,win,"[['Split', 4, 1, 3], ['Haven', 13, 8, 5], ['Icebox', 5, 3, 2]]",22,12,10,Champions Tour 2024: Pacific Stage 2,Regular Season: Week 2,"['PRX d4v41', 'PRX f0rsakeN', 'PRX mindfreak', 'PRX something', 'PRX Jinggg']",Ascent,Bind,Split,Icebox,-,Split,Haven,Icebox,-,-,https://www.vlr.gg/314347/paper-rex-vs-drx-champions-tour-2024-pacific-stage-2-w2
DRX,DRX,1,Bo3,B,loss,"[['Split', 13, 9, 4], ['Haven', 8, 7, 1], ['Icebox', 13, 10, 3]]",34,26,8,Champions Tour 2024: Pacific Stage 2,Regular Season: Week 2,"['DRX BuZz', 'DRX Flashback', 'DRX BeYN', 'DRX Foxy9', 'DRX MaKo']",Sunset,Lotus,Haven,Icebox,-,Split,Haven,Icebox,-,-,https://www.vlr.gg/314347/paper-rex-vs-drx-champions-tour-2024-pacific-stage-2-w2
Global Esports,GE,2,Bo3,A,win,"[['Lotus', 6, 3, 3], ['Sunset', 6, 5, 1]]",12,8,4,Champions Tour 2024: Pacific Stage 2,Regular Season: Week 2,"['GE Benkai', 'GE Polvi', 'GE blaZek1ng', 'GE Russ', 'GE Lightningfast']",Split,Bind,Lotus,Haven,-,Lotus,Sunset,-,-,-,https://www.vlr.gg/314348/global-esports-vs-bleed-champions-tour-2024-pacific-stage-2-w2
BLEED,BLD,0,Bo3,B,loss,"[['Lotus', 13, 9, 4], ['Sunset', 13, 6, 7]]",26,15,11,Champions Tour 2024: Pacific Stage 2,Regular Season: Week 2,"['BLD sScary', 'BLD Retla', 'BLD crazyguy', 'BLD Zest', 'BLD Deryeon']",Icebox,Ascent,Sunset,Haven,-,Lotus,Sunset,-,-,-,https://www.vlr.gg/314348/global-esports-vs-bleed-champions-tour-2024-pacific-stage-2-w2
DetonatioN FocusMe,DFM,2,Bo3,A,win,"[['Haven', 13, 8, 5], ['Sunset', 9, 4, 5], ['Ascent', 10, 6, 4]]",32,18,14,Champions Tour 2024: Pacific Stage 2,Regular Season: Week 2,"['DFM Meiy', 'DFM Medusa', 'DFM SSeeS', 'DFM neth', 'DFM Anthem']",Bind,Lotus,Haven,Ascent,-,Haven,Sunset,Ascent,-,-,https://www.vlr.gg/314349/detonation-focusme-vs-zeta-division-champions-tour-2024-pacific-stage-2-w2
ZETA DIVISION,ZETA,1,Bo3,B,loss,"[['Haven', 7, 3, 4], ['Sunset', 13, 7, 6], ['Ascent', 13, 7, 6]]",33,17,16,Champions Tour 2024: Pacific Stage 2,Regular Season: Week 2,"['ZETA hiroronn', 'ZETA SugarZ3ro', 'ZETA yuran', 'ZETA Laz', 'ZETA Dep']",Split,Icebox,Sunset,Ascent,-,Haven,Sunset,Ascent,-,-,https://www.vlr.gg/314349/detonation-focusme-vs-zeta-division-champions-tour-2024-pacific-stage-2-w2
DRX,DRX,0,Bo3,A,loss,"[['Split', 14, 3, 9], ['Sunset', 14, 4, 8]]",28,7,17,Champions Tour 2024: Pacific Stage 2,Regular Season: Week 2,"['DRX Flashback', 'DRX BeYN', 'DRX Foxy9', 'DRX MaKo', 'DRX BuZz']",Icebox,Lotus,Split,Haven,-,Split,Sunset,-,-,-,https://www.vlr.gg/314350/drx-vs-rex-regum-qeon-champions-tour-2024-pacific-stage-2-w2
Rex Regum Qeon,RRQ,2,Bo3,B,win,"[['Split', 12, 3, 9], ['Sunset', 12, 4, 8]]",24,7,17,Champions Tour 2024: Pacific Stage 2,Regular Season: Week 2,"['RRQ Lmemore', 'RRQ Estrella', 'RRQ xffero', 'RRQ Jemkin', 'RRQ Monyet']",Bind,Ascent,Sunset,Haven,-,Split,Sunset,-,-,-,https://www.vlr.gg/314350/drx-vs-rex-regum-qeon-champions-tour-2024-pacific-stage-2-w2
Team Secret,TS,2,Bo3,A,win,"[['Haven', 13, 6, 7], ['Split', 6, 1, 5], ['Icebox', 12, 8, 4]]",31,15,16,Champions Tour 2024: Pacific Stage 2,Regular Season: Week 2,"['TS invy', 'TS 2GE', 'TS Wild0reoo', 'TS Jremy', 'TS JessieVash']",Bind,Ascent,Haven,Icebox,-,Haven,Split,Icebox,-,-,https://www.vlr.gg/314351/team-secret-vs-t1-champions-tour-2024-pacific-stage-2-w2
T1,T1,1,Bo3,B,loss,"[['Haven', 10, 4, 6], ['Split', 13, 7, 6], ['Icebox', 14, 8, 4]]",37,19,16,Champions Tour 2024: Pacific Stage 2,Regular Season: Week 2,"['T1 Rossy', 'T1 xccurate', 'T1 Sayaplayer', 'T1 iZu', 'T1 stax']",Sunset,Lotus,Split,Icebox,-,Haven,Split,Icebox,-,-,https://www.vlr.gg/314351/team-secret-vs-t1-champions-tour-2024-pacific-stage-2-w2
TALON,TLN,2,Bo3,A,win,"[['Lotus', 7, 2, 5], ['Sunset', 10, 4, 6]]",17,6,11,Champions Tour 2024: Pacific Stage 2,Regular Season: Week 3,"['TLN Governor', 'TLN JitBoyS', 'TLN Surf', 'TLN Crws', 'TLN ban']",Split,Haven,Lotus,Ascent,-,Lotus,Sunset,-,-,-,https://www.vlr.gg/314352/talon-esports-vs-detonation-focusme-champions-tour-2024-pacific-stage-2-w3
DetonatioN FocusMe,DFM,0,Bo3,B,loss,"[['Lotus', 13, 7, 6], ['Sunset', 13, 6, 7]]",26,13,13,Champions Tour 2024: Pacific Stage 2,Regular Season: Week 3,"['DFM SSeeS', 'DFM Meiy', 'DFM neth', 'DFM Medusa', 'DFM Anthem']",Bind,Icebox,Sunset,Ascent,-,Lotus,Sunset,-,-,-,https://www.vlr.gg/314352/talon-esports-vs-detonation-focusme-champions-tour-2024-pacific-stage-2-w3
ZETA DIVISION,ZETA,0,Bo3,B,loss,"[['Split', 8, 6, 2], ['Sunset', 10, 7, 3]]",18,13,5,Champions Tour 2024: Pacific Stage 2,Regular Season: Week 3,"['ZETA Dep', 'ZETA SugarZ3ro', 'ZETA Laz', 'ZETA hiroronn', 'ZETA yuran']",Icebox,Lotus,Sunset,Ascent,-,Split,Sunset,-,-,-,https://www.vlr.gg/314353/zeta-division-vs-rex-regum-qeon-champions-tour-2024-pacific-stage-2-w3
Rex Regum Qeon,RRQ,2,Bo3,A,win,"[['Split', 13, 7, 6], ['Sunset', 13, 9, 4]]",26,16,10,Champions Tour 2024: Pacific Stage 2,Regular Season: Week 3,"['RRQ xffero', 'RRQ Jemkin', 'RRQ Monyet', 'RRQ Estrella', 'RRQ Lmemore']",Bind,Haven,Split,Ascent,-,Split,Sunset,-,-,-,https://www.vlr.gg/314353/zeta-division-vs-rex-regum-qeon-champions-tour-2024-pacific-stage-2-w3
Global Esports,GE,1,Bo3,A,loss,"[['Icebox', 10, 5, 5], ['Lotus', 13, 5, 8], ['Ascent', 13, 7, 6]]",36,17,19,Champions Tour 2024: Pacific Stage 2,Regular Season: Week 3,"['GE blaZek1ng', 'GE Russ', 'GE Benkai', 'GE Polvi', 'GE Lightningfast']",Bind,Split,Icebox,Ascent,-,Icebox,Lotus,Ascent,-,-,https://www.vlr.gg/314354/global-esports-vs-t1-champions-tour-2024-pacific-stage-2-w3
T1,T1,2,Bo3,B,win,"[['Icebox', 13, 6, 7], ['Lotus', 8, 4, 4], ['Ascent', 8, 6, 2]]",29,16,13,Champions Tour 2024: Pacific Stage 2,Regular Season: Week 3,"['T1 iZu', 'T1 Sayaplayer', 'T1 stax', 'T1 carpe', 'T1 xccurate']",Sunset,Haven,Lotus,Ascent,-,Icebox,Lotus,Ascent,-,-,https://www.vlr.gg/314354/global-esports-vs-t1-champions-tour-2024-pacific-stage-2-w3
BLEED,BLD,1,Bo3,A,loss,"[['Ascent', 13, 7, 6], ['Sunset', 10, 7, 3], ['Icebox', 13, 8, 5]]",36,22,14,Champions Tour 2024: Pacific Stage 2,Regular Season: Week 3,"['BLD Deryeon', 'BLD Zest', 'BLD sScary', 'BLD Retla', 'BLD crazyguy']",Lotus,Split,Ascent,Icebox,-,Ascent,Sunset,Icebox,-,-,https://www.vlr.gg/314355/bleed-vs-gen-g-champions-tour-2024-pacific-stage-2-w3
Gen.G,GEN,2,Bo3,B,win,"[['Ascent', 6, 6, 0], ['Sunset', 13, 8, 5], ['Icebox', 11, 7, 4]]",30,21,9,Champions Tour 2024: Pacific Stage 2,Regular Season: Week 3,"['GEN t3xture', 'GEN Meteor', 'GEN Karon', 'GEN Lakia', 'GEN Munchkin']",Bind,Haven,Sunset,Icebox,-,Ascent,Sunset,Icebox,-,-,https://www.vlr.gg/314355/bleed-vs-gen-g-champions-tour-2024-pacific-stage-2-w3
Paper Rex,PRX,2,Bo3,B,win,"[['Icebox', 13, 10, 3], ['Sunset', 13, 5, 8]]",26,15,11,Champions Tour 2024: Pacific Stage 2,Regular Season: Week 3,"['PRX f0rsakeN', 'PRX Jinggg', 'PRX d4v41', 'PRX mindfreak', 'PRX something']",Ascent,Haven,Sunset,Lotus,-,Icebox,Sunset,-,-,-,https://www.vlr.gg/314356/paper-rex-vs-detonation-focusme-champions-tour-2024-pacific-stage-2-w3
DetonatioN FocusMe,DFM,0,Bo3,A,loss,"[['Icebox', 4, 2, 2], ['Sunset', 8, 4, 4]]",12,6,6,Champions Tour 2024: Pacific Stage 2,Regular Season: Week 3,"['DFM Meiy', 'DFM SSeeS', 'DFM Anthem', 'DFM Medusa', 'DFM neth']",Split,Bind,Icebox,Lotus,-,Icebox,Sunset,-,-,-,https://www.vlr.gg/314356/paper-rex-vs-detonation-focusme-champions-tour-2024-pacific-stage-2-w3
DRX,DRX,2,Bo3,A,win,"[['Ascent', 13, 9, 4], ['Haven', 10, 5, 5], ['Icebox', 5, 5, 0]]",28,19,9,Champions Tour 2024: Pacific Stage 2,Regular Season: Week 3,"['DRX BuZz', 'DRX Flashback', 'DRX Foxy9', 'DRX MaKo', 'DRX BeYN']",Lotus,Sunset,Ascent,Icebox,-,Ascent,Haven,Icebox,-,-,https://www.vlr.gg/314357/drx-vs-talon-esports-champions-tour-2024-pacific-stage-2-w3
TALON,TLN,1,Bo3,B,loss,"[['Ascent', 11, 8, 3], ['Haven', 13, 7, 6], ['Icebox', 13, 12, 1]]",37,27,10,Champions Tour 2024: Pacific Stage 2,Regular Season: Week 3,"['TLN Crws', 'TLN Surf', 'TLN JitBoyS', 'TLN Governor', 'TLN ban']",Split,Bind,Haven,Icebox,-,Ascent,Haven,Icebox,-,-,https://www.vlr.gg/314357/drx-vs-talon-esports-champions-tour-2024-pacific-stage-2-w3
Paper Rex,PRX,2,Bo3,A,win,"[['Lotus', 7, 4, 3], ['Ascent', 13, 6, 7], ['Sunset', 10, 5, 5]]",30,15,15,Champions Tour 2024: Pacific Stage 2,Regular Season: Week 4,"['PRX d4v41', 'PRX something', 'PRX Jinggg', 'PRX mindfreak', 'PRX f0rsakeN']",Split,Haven,Lotus,Sunset,-,Lotus,Ascent,Sunset,-,-,https://www.vlr.gg/314358/paper-rex-vs-rex-regum-qeon-champions-tour-2024-pacific-stage-2-w4
Rex Regum Qeon,RRQ,1,Bo3,B,loss,"[['Lotus', 13, 5, 8], ['Ascent', 7, 5, 2], ['Sunset', 13, 7, 6]]",33,17,16,Champions Tour 2024: Pacific Stage 2,Regular Season: Week 4,"['RRQ xffero', 'RRQ Jemkin', 'RRQ Monyet', 'RRQ Lmemore', 'RRQ Estrella']",Bind,Icebox,Ascent,Sunset,-,Lotus,Ascent,Sunset,-,-,https://www.vlr.gg/314358/paper-rex-vs-rex-regum-qeon-champions-tour-2024-pacific-stage-2-w4
Gen.G,GEN,2,Bo3,B,win,"[['Lotus', 13, 2, 11], ['Ascent', 13, 6, 7]]",26,8,18,Champions Tour 2024: Pacific Stage 2,Regular Season: Week 4,"['GEN Lakia', 'GEN Meteor', 'GEN Munchkin', 'GEN t3xture', 'GEN Karon']",Icebox,Haven,Ascent,Sunset,-,Lotus,Ascent,-,-,-,https://www.vlr.gg/314359/gen-g-vs-global-esports-champions-tour-2024-pacific-stage-2-w4
Global Esports,GE,0,Bo3,A,loss,"[['Lotus', 1, 1, 0], ['Ascent', 6, 5, 1]]",7,6,1,Champions Tour 2024: Pacific Stage 2,Regular Season: Week 4,"['GE Lightningfast', 'GE Polvi', 'GE Benkai', 'GE blaZek1ng', 'GE Russ']",Bind,Split,Lotus,Sunset,-,Lotus,Ascent,-,-,-,https://www.vlr.gg/314359/gen-g-vs-global-esports-champions-tour-2024-pacific-stage-2-w4
DRX,DRX,2,Bo3,A,win,"[['Icebox', 7, 5, 2], ['Ascent', 13, 6, 7], ['Haven', 2, 0, 2]]",22,11,11,Champions Tour 2024: Pacific Stage 2,Regular Season: Week 4,"['DRX Flashback', 'DRX MaKo', 'DRX BeYN', 'DRX BuZz', 'DRX Foxy9']",Sunset,Bind,Icebox,Haven,-,Icebox,Ascent,Haven,-,-,https://www.vlr.gg/314360/drx-vs-detonation-focusme-champions-tour-2024-pacific-stage-2-w4
DetonatioN FocusMe,DFM,1,Bo3,B,loss,"[['Icebox', 13, 6, 7], ['Ascent', 6, 5, 1], ['Haven', 13, 10, 3]]",32,21,11,Champions Tour 2024: Pacific Stage 2,Regular Season: Week 4,"['DFM neth', 'DFM Anthem', 'DFM SSeeS', 'DFM Meiy', 'DFM Medusa']",Split,Lotus,Ascent,Haven,-,Icebox,Ascent,Haven,-,-,https://www.vlr.gg/314360/drx-vs-detonation-focusme-champions-tour-2024-pacific-stage-2-w4
ZETA DIVISION,ZETA,2,Bo3,A,win,"[['Ascent', 6, 3, 3], ['Lotus', 13, 6, 7], ['Haven', 8, 3, 5]]",27,12,15,Champions Tour 2024: Pacific Stage 2,Regular Season: Week 4,"['ZETA Laz', 'ZETA Dep', 'ZETA SugarZ3ro', 'ZETA hiroronn', 'ZETA yuran']",Icebox,Sunset,Ascent,Haven,-,Ascent,Lotus,Haven,-,-,https://www.vlr.gg/314361/zeta-division-vs-talon-esports-champions-tour-2024-pacific-stage-2-w4
TALON,TLN,1,Bo3,B,loss,"[['Ascent', 13, 4, 9], ['Lotus', 8, 2, 6], ['Haven', 13, 7, 6]]",34,13,21,Champions Tour 2024: Pacific Stage 2,Regular Season: Week 4,"['TLN JitBoyS', 'TLN ban', 'TLN Governor', 'TLN Crws', 'TLN Surf']",Split,Bind,Lotus,Haven,-,Ascent,Lotus,Haven,-,-,https://www.vlr.gg/314361/zeta-division-vs-talon-esports-champions-tour-2024-pacific-stage-2-w4
Gen.G,GEN,1,Bo3,B,loss,"[['Sunset', 6, 4, 2], ['Lotus', 13, 6, 7], ['Split', 12, 3, 9]]",31,13,18,Champions Tour 2024: Pacific Stage 2,Regular Season: Week 4,"['GEN Karon', 'GEN Lakia', 'GEN Munchkin', 'GEN t3xture', 'GEN Meteor']",Icebox,Haven,Lotus,Split,-,Sunset,Lotus,Split,-,-,https://www.vlr.gg/314362/gen-g-vs-team-secret-champions-tour-2024-pacific-stage-2-w4
Team Secret,TS,2,Bo3,A,win,"[['Sunset', 13, 10, 3], ['Lotus', 7, 5, 2], ['Split', 14, 3, 9]]",34,18,14,Champions Tour 2024: Pacific Stage 2,Regular Season: Week 4,"['TS 2GE', 'TS invy', 'TS JessieVash', 'TS Wild0reoo', 'TS Jremy']",Bind,Ascent,Sunset,Split,-,Sunset,Lotus,Split,-,-,https://www.vlr.gg/314362/gen-g-vs-team-secret-champions-tour-2024-pacific-stage-2-w4
Paper Rex,PRX,2,Bo3,B,win,"[['Ascent', 9, 7, 2], ['Lotus', 13, 11, 2], ['Sunset', 13, 5, 8]]",35,23,12,Champions Tour 2024: Pacific Stage 2,Regular Season: Week 4,"['PRX d4v41', 'PRX f0rsakeN', 'PRX Jinggg', 'PRX something', 'PRX mindfreak']",Haven,Bind,Lotus,Sunset,-,Ascent,Lotus,Sunset,-,-,https://www.vlr.gg/314363/paper-rex-vs-zeta-division-champions-tour-2024-pacific-stage-2-w4
ZETA DIVISION,ZETA,1,Bo3,A,loss,"[['Ascent', 13, 8, 5], ['Lotus', 8, 7, 1], ['Sunset', 4, 4, 0]]",25,19,6,Champions Tour 2024: Pacific Stage 2,Regular Season: Week 4,"['ZETA Laz', 'ZETA hiroronn', 'ZETA yuran', 'ZETA Dep', 'ZETA SugarZ3ro']",Icebox,Split,Ascent,Sunset,-,Ascent,Lotus,Sunset,-,-,https://www.vlr.gg/314363/paper-rex-vs-zeta-division-champions-tour-2024-pacific-stage-2-w4
T1,T1,2,Bo3,B,win,"[['Bind', 13, 3, 10], ['Lotus', 9, 3, 6], ['Ascent', 13, 7, 6]]",35,13,22,Champions Tour 2024: Pacific Stage 2,Regular Season: Week 4,"['T1 Sayaplayer', 'T1 stax', 'T1 iZu', 'T1 carpe', 'T1 xccurate']",Sunset,Haven,Lotus,Ascent,-,Bind,Lotus,Ascent,-,-,https://www.vlr.gg/314364/t1-vs-bleed-champions-tour-2024-pacific-stage-2-w4
BLEED,BLD,1,Bo3,A,loss,"[['Bind', 11, 2, 9], ['Lotus', 13, 6, 7], ['Ascent', 8, 3, 5]]",32,11,21,Champions Tour 2024: Pacific Stage 2,Regular Season: Week 4,"['BLD sScary', 'BLD Deryeon', 'BLD Retla', 'BLD Zest', 'BLD crazyguy']",Split,Icebox,Bind,Ascent,-,Bind,Lotus,Ascent,-,-,https://www.vlr.gg/314364/t1-vs-bleed-champions-tour-2024-pacific-stage-2-w4
Gen.G,GEN,2,Bo3,B,win,"[['Haven', 13, 6, 7], ['Bind', 13, 7, 6]]",26,13,13,Champions Tour 2024: Pacific Stage 2,Playoffs: Knockout Round,"['GEN Karon', 'GEN Munchkin', 'GEN t3xture', 'GEN Meteor', 'GEN Lakia']",Abyss,Icebox,Bind,Sunset,-,Haven,Bind,-,-,-,https://www.vlr.gg/365316/gen-g-vs-rex-regum-qeon-champions-tour-2024-pacific-stage-2-ko
Rex Regum Qeon,RRQ,0,Bo3,A,loss,"[['Haven', 8, 5, 3], ['Bind', 11, 6, 5]]",19,11,8,Champions Tour 2024: Pacific Stage 2,Playoffs: Knockout Round,"['RRQ Jemkin', 'RRQ Estrella', 'RRQ xffero', 'RRQ Monyet', 'RRQ Lmemore']",Lotus,Ascent,Haven,Sunset,-,Haven,Bind,-,-,-,https://www.vlr.gg/365316/gen-g-vs-rex-regum-qeon-champions-tour-2024-pacific-stage-2-ko
Team Secret,TS,0,Bo3,B,loss,"[['Lotus', 11, 5, 6], ['Abyss', 11, 5, 6]]",22,10,12,Champions Tour 2024: Pacific Stage 2,Playoffs: Knockout Round,"['TS JessieVash', 'TS Jremy', 'TS invy', 'TS Wild0reoo', 'TS 2GE']",Bind,Ascent,Abyss,Haven,-,Lotus,Abyss,-,-,-,https://www.vlr.gg/365317/team-secret-vs-talon-esports-champions-tour-2024-pacific-stage-2-ko
TALON,TLN,2,Bo3,A,win,"[['Lotus', 13, 6, 7], ['Abyss', 13, 6, 7]]",26,12,14,Champions Tour 2024: Pacific Stage 2,Playoffs: Knockout Round,"['TLN primmie', 'TLN JitBoyS', 'TLN Governor', 'TLN ban', 'TLN Crws']",Sunset,Icebox,Lotus,Haven,-,Lotus,Abyss,-,-,-,https://www.vlr.gg/365317/team-secret-vs-talon-esports-champions-tour-2024-pacific-stage-2-ko
Paper Rex,PRX,0,Bo3,B,loss,"[['Ascent', 10, 3, 7], ['Icebox', 5, 4, 1]]",15,7,8,Champions Tour 2024: Pacific Stage 2,Playoffs: Upper Semifinals,"['PRX f0rsakeN', 'PRX Jinggg', 'PRX d4v41', 'PRX mindfreak', 'PRX something']",Haven,Bind,Icebox,Lotus,-,Ascent,Icebox,-,-,-,https://www.vlr.gg/365318/paper-rex-vs-gen-g-champions-tour-2024-pacific-stage-2-ubsf
Gen.G,GEN,2,Bo3,A,win,"[['Ascent', 13, 4, 9], ['Icebox', 13, 5, 8]]",26,9,17,Champions Tour 2024: Pacific Stage 2,Playoffs: Upper Semifinals,"['GEN t3xture', 'GEN Munchkin', 'GEN Meteor', 'GEN Karon', 'GEN Lakia']",Abyss,Sunset,Ascent,Lotus,-,Ascent,Icebox,-,-,-,https://www.vlr.gg/365318/paper-rex-vs-gen-g-champions-tour-2024-pacific-stage-2-ubsf
DRX,DRX,2,Bo3,B,win,"[['Ascent', 13, 7, 6], ['Abyss', 13, 5, 8]]",26,12,14,Champions Tour 2024: Pacific Stage 2,Playoffs: Upper Semifinals,"['DRX Flashback', 'DRX BuZz', 'DRX MaKo', 'DRX BeYN', 'DRX Foxy9']",Lotus,Haven,Abyss,Sunset,-,Ascent,Abyss,-,-,-,https://www.vlr.gg/365319/drx-vs-talon-esports-champions-tour-2024-pacific-stage-2-ubsf
TALON,TLN,0,Bo3,A,loss,"[['Ascent', 8, 3, 5], ['Abyss', 4, 4, 0]]",12,7,5,Champions Tour 2024: Pacific Stage 2,Playoffs: Upper Semifinals,"['TLN primmie', 'TLN JitBoyS', 'TLN ban', 'TLN Governor', 'TLN Crws']",Icebox,Bind,Ascent,Sunset,-,Ascent,Abyss,-,-,-,https://www.vlr.gg/365319/drx-vs-talon-esports-champions-tour-2024-pacific-stage-2-ubsf
Gen.G,GEN,2,Bo3,A,win,"[['Haven', 9, 3, 6], ['Sunset', 13, 6, 7], ['Bind', 6, 5, 1]]",28,14,14,Champions Tour 2024: Pacific Stage 2,Playoffs: Upper Final,"['GEN Karon', 'GEN Munchkin', 'GEN Meteor', 'GEN t3xture', 'GEN Lakia']",Abyss,Icebox,Haven,Bind,-,Haven,Sunset,Bind,-,-,https://www.vlr.gg/365320/gen-g-vs-drx-champions-tour-2024-pacific-stage-2-ubf
DRX,DRX,1,Bo3,B,loss,"[['Haven', 13, 4, 9], ['Sunset', 10, 4, 6], ['Bind', 13, 6, 7]]",36,14,22,Champions Tour 2024: Pacific Stage 2,Playoffs: Upper Final,"['DRX BeYN', 'DRX Flashback', 'DRX MaKo', 'DRX BuZz', 'DRX Foxy9']",Lotus,Ascent,Sunset,Bind,-,Haven,Sunset,Bind,-,-,https://www.vlr.gg/365320/gen-g-vs-drx-champions-tour-2024-pacific-stage-2-ubf
Paper Rex,PRX,2,Bo3,B,win,"[['Ascent', 13, 3, 10], ['Sunset', 13, 9, 4]]",26,12,14,Champions Tour 2024: Pacific Stage 2,Playoffs: Lower Round 1,"['PRX something', 'PRX f0rsakeN', 'PRX d4v41', 'PRX Jinggg', 'PRX mindfreak']",Haven,Bind,Sunset,Lotus,-,Ascent,Sunset,-,-,-,https://www.vlr.gg/365322/paper-rex-vs-talon-esports-champions-tour-2024-pacific-stage-2-lr1
TALON,TLN,0,Bo3,A,loss,"[['Ascent', 3, 2, 1], ['Sunset', 3, 0, 3]]",6,2,4,Champions Tour 2024: Pacific Stage 2,Playoffs: Lower Round 1,"['TLN primmie', 'TLN JitBoyS', 'TLN ban', 'TLN Governor', 'TLN Crws']",Abyss,Icebox,Ascent,Lotus,-,Ascent,Sunset,-,-,-,https://www.vlr.gg/365322/paper-rex-vs-talon-esports-champions-tour-2024-pacific-stage-2-lr1
DRX,DRX,3,Bo5,A,win,"[['Abyss', 13, 6, 7], ['Lotus', 13, 6, 7], ['Bind', 10, 4, 6], ['Icebox', 10, 4, 6], ['Ascent', 7, 2, 5]]",53,22,31,Champions Tour 2024: Pacific Stage 2,Playoffs: Lower Final,"['DRX BuZz', 'DRX MaKo', 'DRX Flashback', 'DRX Foxy9', 'DRX BeYN']",Sunset,-,Abyss,Bind,Ascent,Abyss,Lotus,Bind,Icebox,Ascent,https://www.vlr.gg/365323/drx-vs-paper-rex-champions-tour-2024-pacific-stage-2-lf
Paper Rex,PRX,2,Bo5,B,loss,"[['Abyss', 7, 1, 6], ['Lotus', 10, 5, 5], ['Bind', 13, 5, 8], ['Icebox', 13, 6, 7], ['Ascent', 13, 7, 6]]",56,24,32,Champions Tour 2024: Pacific Stage 2,Playoffs: Lower Final,"['PRX f0rsakeN', 'PRX something', 'PRX d4v41', 'PRX mindfreak', 'PRX Jinggg']",Haven,-,Lotus,Icebox,Ascent,Abyss,Lotus,Bind,Icebox,Ascent,https://www.vlr.gg/365323/drx-vs-paper-rex-champions-tour-2024-pacific-stage-2-lf
Gen.G,GEN,3,Bo5,A,win,"[['Haven', 13, 10, 3], ['Bind', 16, 5, 7], ['Lotus', 12, 7, 5], ['Icebox', 6, 5, 1]]",47,27,16,Champions Tour 2024: Pacific Stage 2,Playoffs: Grand Final,"['GEN Munchkin', 'GEN Karon', 'GEN Meteor', 'GEN Lakia', 'GEN t3xture']",Sunset,Abyss,Haven,Lotus,Ascent,Haven,Bind,Lotus,Icebox,-,https://www.vlr.gg/365321/gen-g-vs-drx-champions-tour-2024-pacific-stage-2-gf
DRX,DRX,1,Bo5,B,loss,"[['Haven', 6, 4, 2], ['Bind', 18, 5, 7], ['Lotus', 14, 7, 5], ['Icebox', 13, 6, 7]]",51,22,21,Champions Tour 2024: Pacific Stage 2,Playoffs: Grand Final,"['DRX BuZz', 'DRX Flashback', 'DRX MaKo', 'DRX Foxy9', 'DRX BeYN']",-,-,Bind,Icebox,Ascent,Haven,Bind,Lotus,Icebox,-,https://www.vlr.gg/365321/gen-g-vs-drx-champions-tour-2024-pacific-stage-2-gf
FUT Esports,FUT,2,Bo3,B,win,"[['Split', 13, 5, 8], ['Lotus', 7, 4, 3], ['Sunset', 13, 10, 3]]",33,19,14,Champions Tour 2024: EMEA Stage 2,Regular Season: Week 1,"['FUT qRaxs', 'FUT MrFaliN', 'FUT AtaKaptan', 'FUT cNed', 'FUT yetujey']",Breeze,Icebox,Lotus,Sunset,-,Split,Lotus,Sunset,-,-,https://www.vlr.gg/353153/fut-esports-vs-koi-champions-tour-2024-emea-stage-2-w1
KOI,MKOI,1,Bo3,A,loss,"[['Split', 7, 4, 3], ['Lotus', 13, 9, 4], ['Sunset', 6, 4, 2]]",26,17,9,Champions Tour 2024: EMEA Stage 2,Regular Season: Week 1,"['MKOI grubinho', 'MKOI kamo', 'MKOI sheydos', 'MKOI ShadoW', 'MKOI starxo']",Ascent,Bind,Split,Sunset,-,Split,Lotus,Sunset,-,-,https://www.vlr.gg/353153/fut-esports-vs-koi-champions-tour-2024-emea-stage-2-w1
BBL Esports,BBL,1,Bo3,A,loss,"[['Ascent', 13, 7, 6], ['Bind', 11, 4, 7], ['Lotus', 13, 4, 9]]",37,15,22,Champions Tour 2024: EMEA Stage 2,Regular Season: Week 1,"['BBL QutionerX', 'BBL pAura', 'BBL Brave', 'BBL Elite', 'BBL reazy']",Breeze,Icebox,Ascent,Lotus,-,Ascent,Bind,Lotus,-,-,https://www.vlr.gg/353154/bbl-esports-vs-fnatic-champions-tour-2024-emea-stage-2-w1
FNATIC,FNC,2,Bo3,B,win,"[['Ascent', 9, 6, 3], ['Bind', 13, 5, 8], ['Lotus', 11, 3, 8]]",33,14,19,Champions Tour 2024: EMEA Stage 2,Regular Season: Week 1,"['FNC Derke', 'FNC Chronicle', 'FNC hiro', 'FNC Alfajer', 'FNC Boaster']",Sunset,Split,Bind,Lotus,-,Ascent,Bind,Lotus,-,-,https://www.vlr.gg/353154/bbl-esports-vs-fnatic-champions-tour-2024-emea-stage-2-w1
Team Heretics,TH,2,Bo3,A,win,"[['Sunset', 3, 1, 2], ['Bind', 5, 2, 3]]",8,3,5,Champions Tour 2024: EMEA Stage 2,Regular Season: Week 1,"['TH Wo0t', 'TH Boo', 'TH RieNs', 'TH MiniBoo', 'TH benjyfishy']",Breeze,Split,Sunset,Ascent,-,Sunset,Bind,-,-,-,https://www.vlr.gg/353155/team-heretics-vs-natus-vincere-champions-tour-2024-emea-stage-2-w1
Natus Vincere,NAVI,0,Bo3,B,loss,"[['Sunset', 13, 2, 11], ['Bind', 13, 9, 4]]",26,11,15,Champions Tour 2024: EMEA Stage 2,Regular Season: Week 1,"['NAVI SUYGETSU', 'NAVI Shao', 'NAVI Zyppan', 'NAVI ANGE1', 'NAVI ardiis']",Lotus,Icebox,Bind,Ascent,-,Sunset,Bind,-,-,-,https://www.vlr.gg/353155/team-heretics-vs-natus-vincere-champions-tour-2024-emea-stage-2-w1
GIANTX,GX,2,Bo3,B,win,"[['Split', 1, 0, 1], ['Sunset', 13, 6, 7], ['Breeze', 13, 5, 8]]",27,11,16,Champions Tour 2024: EMEA Stage 2,Regular Season: Week 1,"['GX purp0', 'GX Fit1nho', 'GX hoody', 'GX Cloud', 'GX Redgar']",Icebox,Ascent,Sunset,Breeze,-,Split,Sunset,Breeze,-,-,https://www.vlr.gg/353157/giantx-vs-gentle-mates-champions-tour-2024-emea-stage-2-w1
Gentle Mates,M8,1,Bo3,A,loss,"[['Split', 13, 11, 2], ['Sunset', 11, 5, 6], ['Breeze', 11, 4, 7]]",35,20,15,Champions Tour 2024: EMEA Stage 2,Regular Season: Week 1,"['M8 Kada', 'M8 nataNk', 'M8 Wailers', 'M8 beyAz', 'M8 TakaS']",Bind,Lotus,Split,Breeze,-,Split,Sunset,Breeze,-,-,https://www.vlr.gg/353157/giantx-vs-gentle-mates-champions-tour-2024-emea-stage-2-w1
Team Vitality,VIT,2,Bo3,B,win,"[['Lotus', 13, 8, 5], ['Icebox', 17, 10, 2]]",30,18,7,Champions Tour 2024: EMEA Stage 2,Regular Season: Week 1,"['VIT Sayf', 'VIT ceNder', 'VIT trexx', 'VIT runneR', 'VIT Kicks']",Split,Bind,Icebox,Ascent,-,Lotus,Icebox,-,-,-,https://www.vlr.gg/353156/team-vitality-vs-team-liquid-champions-tour-2024-emea-stage-2-w1
Team Liquid,TL,0,Bo3,A,loss,"[['Lotus', 10, 6, 4], ['Icebox', 15, 10, 2]]",25,16,6,Champions Tour 2024: EMEA Stage 2,Regular Season: Week 1,"['TL Enzo', 'TL nAts', 'TL Jamppi', 'TL keiko', 'TL Mistic']",Breeze,Sunset,Lotus,Ascent,-,Lotus,Icebox,-,-,-,https://www.vlr.gg/353156/team-vitality-vs-team-liquid-champions-tour-2024-emea-stage-2-w1
BBL Esports,BBL,0,Bo3,B,loss,"[['Lotus', 6, 0, 6], ['Sunset', 5, 3, 2]]",11,3,8,Champions Tour 2024: EMEA Stage 2,Regular Season: Week 1,"['BBL Elite', 'BBL reazy', 'BBL QutionerX', 'BBL pAura', 'BBL Brave']",Breeze,Bind,Sunset,Split,-,Lotus,Sunset,-,-,-,https://www.vlr.gg/353159/bbl-esports-vs-karmine-corp-champions-tour-2024-emea-stage-2-w1
Karmine Corp,KC,2,Bo3,A,win,"[['Lotus', 13, 6, 7], ['Sunset', 13, 10, 3]]",26,16,10,Champions Tour 2024: EMEA Stage 2,Regular Season: Week 1,"['KC MAGNUM', 'KC N4RRATE', 'KC tomaszy', 'KC marteen', 'KC sh1n']",Ascent,Icebox,Lotus,Split,-,Lotus,Sunset,-,-,-,https://www.vlr.gg/353159/bbl-esports-vs-karmine-corp-champions-tour-2024-emea-stage-2-w1
Natus Vincere,NAVI,0,Bo3,A,loss,"[['Ascent', 13, 8, 5], ['Lotus', 13, 6, 7]]",26,14,12,Champions Tour 2024: EMEA Stage 2,Regular Season: Week 1,"['NAVI Zyppan', 'NAVI SUYGETSU', 'NAVI ardiis', 'NAVI Shao', 'NAVI ANGE1']",Sunset,Bind,Ascent,Icebox,-,Ascent,Lotus,-,-,-,https://www.vlr.gg/353158/natus-vincere-vs-fut-esports-champions-tour-2024-emea-stage-2-w1
FUT Esports,FUT,2,Bo3,B,win,"[['Ascent', 11, 7, 4], ['Lotus', 5, 5, 0]]",16,12,4,Champions Tour 2024: EMEA Stage 2,Regular Season: Week 1,"['FUT cNed', 'FUT qRaxs', 'FUT MrFaliN', 'FUT yetujey', 'FUT AtaKaptan']",Breeze,Split,Lotus,Icebox,-,Ascent,Lotus,-,-,-,https://www.vlr.gg/353158/natus-vincere-vs-fut-esports-champions-tour-2024-emea-stage-2-w1
KOI,MKOI,2,Bo3,B,win,"[['Sunset', 13, 7, 6], ['Icebox', 14, 8, 4]]",27,15,10,Champions Tour 2024: EMEA Stage 2,Regular Season: Week 2,"['MKOI grubinho', 'MKOI kamo', 'MKOI sheydos', 'MKOI starxo', 'MKOI ShadoW']",Bind,Ascent,Icebox,Lotus,-,Sunset,Icebox,-,-,-,https://www.vlr.gg/353202/koi-vs-giantx-champions-tour-2024-emea-stage-2-w2
GIANTX,GX,0,Bo3,A,loss,"[['Sunset', 5, 0, 5], ['Icebox', 12, 8, 4]]",17,8,9,Champions Tour 2024: EMEA Stage 2,Regular Season: Week 2,"['GX Cloud', 'GX purp0', 'GX Fit1nho', 'GX hoody', 'GX Redgar']",Split,Haven,Sunset,Lotus,-,Sunset,Icebox,-,-,-,https://www.vlr.gg/353202/koi-vs-giantx-champions-tour-2024-emea-stage-2-w2
Team Heretics,TH,2,Bo3,A,win,"[['Sunset', 10, 6, 4], ['Split', 6, 3, 3]]",16,9,7,Champions Tour 2024: EMEA Stage 2,Regular Season: Week 2,"['TH RieNs', 'TH Wo0t', 'TH Boo', 'TH MiniBoo', 'TH benjyfishy']",Ascent,Lotus,Sunset,Bind,-,Sunset,Split,-,-,-,https://www.vlr.gg/353161/team-heretics-vs-fut-esports-champions-tour-2024-emea-stage-2-w2
FUT Esports,FUT,0,Bo3,B,loss,"[['Sunset', 13, 7, 6], ['Split', 13, 4, 9]]",26,11,15,Champions Tour 2024: EMEA Stage 2,Regular Season: Week 2,"['FUT cNed', 'FUT MrFaliN', 'FUT yetujey', 'FUT qRaxs', 'FUT AtaKaptan']",Icebox,Haven,Split,Bind,-,Sunset,Split,-,-,-,https://www.vlr.gg/353161/team-heretics-vs-fut-esports-champions-tour-2024-emea-stage-2-w2
FNATIC,FNC,2,Bo3,A,win,"[['Haven', 6, 3, 3], ['Icebox', 13, 4, 9], ['Lotus', 7, 3, 4]]",26,10,16,Champions Tour 2024: EMEA Stage 2,Regular Season: Week 2,"['FNC Chronicle', 'FNC Alfajer', 'FNC Derke', 'FNC hiro', 'FNC Boaster']",Sunset,Ascent,Haven,Lotus,-,Haven,Icebox,Lotus,-,-,https://www.vlr.gg/353160/fnatic-vs-team-vitality-champions-tour-2024-emea-stage-2-w2
Team Vitality,VIT,1,Bo3,B,loss,"[['Haven', 13, 9, 4], ['Icebox', 6, 3, 3], ['Lotus', 13, 8, 5]]",32,20,12,Champions Tour 2024: EMEA Stage 2,Regular Season: Week 2,"['VIT trexx', 'VIT runneR', 'VIT ceNder', 'VIT Sayf', 'VIT Kicks']",Split,Bind,Icebox,Lotus,-,Haven,Icebox,Lotus,-,-,https://www.vlr.gg/353160/fnatic-vs-team-vitality-champions-tour-2024-emea-stage-2-w2
BBL Esports,BBL,2,Bo3,B,win,"[['Lotus', 13, 6, 7], ['Ascent', 13, 7, 6]]",26,13,13,Champions Tour 2024: EMEA Stage 2,Regular Season: Week 2,"['BBL Elite', 'BBL Brave', 'BBL pAura', 'BBL QutionerX', 'BBL reazy']",Icebox,Haven,Ascent,Sunset,-,Lotus,Ascent,-,-,-,https://www.vlr.gg/353162/bbl-esports-vs-team-liquid-champions-tour-2024-emea-stage-2-w2
Team Liquid,TL,0,Bo3,A,loss,"[['Lotus', 6, 5, 1], ['Ascent', 5, 0, 5]]",11,5,6,Champions Tour 2024: EMEA Stage 2,Regular Season: Week 2,"['TL nAts', 'TL Enzo', 'TL Jamppi', 'TL Mistic', 'TL keiko']",Split,Bind,Lotus,Sunset,-,Lotus,Ascent,-,-,-,https://www.vlr.gg/353162/bbl-esports-vs-team-liquid-champions-tour-2024-emea-stage-2-w2
Natus Vincere,NAVI,0,Bo3,B,loss,"[['Lotus', 9, 4, 5], ['Ascent', 8, 3, 5]]",17,7,10,Champions Tour 2024: EMEA Stage 2,Regular Season: Week 2,"['NAVI ardiis', 'NAVI Shao', 'NAVI SUYGETSU', 'NAVI Zyppan', 'NAVI ANGE1']",Sunset,Bind,Ascent,Haven,-,Lotus,Ascent,-,-,-,https://www.vlr.gg/353163/natus-vincere-vs-giantx-champions-tour-2024-emea-stage-2-w2
GIANTX,GX,2,Bo3,A,win,"[['Lotus', 13, 5, 8], ['Ascent', 13, 7, 6]]",26,12,14,Champions Tour 2024: EMEA Stage 2,Regular Season: Week 2,"['GX purp0', 'GX Redgar', 'GX Cloud', 'GX hoody', 'GX Fit1nho']",Split,Icebox,Lotus,Haven,-,Lotus,Ascent,-,-,-,https://www.vlr.gg/353163/natus-vincere-vs-giantx-champions-tour-2024-emea-stage-2-w2
KOI,MKOI,0,Bo3,A,loss,"[['Sunset', 13, 8, 5], ['Split', 13, 7, 6]]",26,15,11,Champions Tour 2024: EMEA Stage 2,Regular Season: Week 2,"['MKOI sheydos', 'MKOI grubinho', 'MKOI kamo', 'MKOI starxo', 'MKOI ShadoW']",Ascent,Haven,Sunset,Lotus,-,Sunset,Split,-,-,-,https://www.vlr.gg/353164/koi-vs-gentle-mates-champions-tour-2024-emea-stage-2-w2
Gentle Mates,M8,2,Bo3,B,win,"[['Sunset', 11, 7, 4], ['Split', 11, 6, 5]]",22,13,9,Champions Tour 2024: EMEA Stage 2,Regular Season: Week 2,"['M8 TakaS', 'M8 nataNk', 'M8 Wailers', 'M8 Kada', 'M8 beyAz']",Bind,Icebox,Split,Lotus,-,Sunset,Split,-,-,-,https://www.vlr.gg/353164/koi-vs-gentle-mates-champions-tour-2024-emea-stage-2-w2
FNATIC,FNC,2,Bo3,A,win,"[['Haven', 3, 3, 0], ['Lotus', 8, 4, 4]]",11,7,4,Champions Tour 2024: EMEA Stage 2,Regular Season: Week 2,"['FNC Derke', 'FNC hiro', 'FNC Alfajer', 'FNC Chronicle', 'FNC Boaster']",Sunset,Split,Haven,Bind,-,Haven,Lotus,-,-,-,https://www.vlr.gg/353165/fnatic-vs-karmine-corp-champions-tour-2024-emea-stage-2-w2
Karmine Corp,KC,0,Bo3,B,loss,"[['Haven', 13, 4, 9], ['Lotus', 13, 8, 5]]",26,12,14,Champions Tour 2024: EMEA Stage 2,Regular Season: Week 2,"['KC marteen', 'KC N4RRATE', 'KC tomaszy', 'KC MAGNUM', 'KC sh1n']",Ascent,Icebox,Lotus,Bind,-,Haven,Lotus,-,-,-,https://www.vlr.gg/353165/fnatic-vs-karmine-corp-champions-tour-2024-emea-stage-2-w2
Team Heretics,TH,2,Bo3,A,win,"[['Bind', 9, 6, 3], ['Split', 15, 8, 4], ['Haven', 9, 8, 1]]",33,22,8,Champions Tour 2024: EMEA Stage 2,Regular Season: Week 3,"['TH benjyfishy', 'TH RieNs', 'TH Wo0t', 'TH Boo', 'TH MiniBoo']",Ascent,Lotus,Bind,Haven,-,Bind,Split,Haven,-,-,https://www.vlr.gg/353166/team-heretics-vs-giantx-champions-tour-2024-emea-stage-2-w3
GIANTX,GX,1,Bo3,B,loss,"[['Bind', 13, 7, 6], ['Split', 13, 8, 4], ['Haven', 13, 9, 4]]",39,24,14,Champions Tour 2024: EMEA Stage 2,Regular Season: Week 3,"['GX Fit1nho', 'GX Cloud', 'GX hoody', 'GX Famsii', 'GX purp0']",Sunset,Icebox,Split,Haven,-,Bind,Split,Haven,-,-,https://www.vlr.gg/353166/team-heretics-vs-giantx-champions-tour-2024-emea-stage-2-w3
FUT Esports,FUT,2,Bo3,A,win,"[['Sunset', 8, 4, 4], ['Split', 4, 2, 2]]",12,6,6,Champions Tour 2024: EMEA Stage 2,Regular Season: Week 3,"['FUT AtaKaptan', 'FUT yetujey', 'FUT MrFaliN', 'FUT cNed', 'FUT qRaxs']",Icebox,Haven,Sunset,Lotus,-,Sunset,Split,-,-,-,https://www.vlr.gg/353167/fut-esports-vs-gentle-mates-champions-tour-2024-emea-stage-2-w3
Gentle Mates,M8,0,Bo3,B,loss,"[['Sunset', 13, 8, 5], ['Split', 13, 3, 10]]",26,11,15,Champions Tour 2024: EMEA Stage 2,Regular Season: Week 3,"['M8 nataNk', 'M8 Kada', 'M8 TakaS', 'M8 beyAz', 'M8 Wailers']",Bind,Ascent,Split,Lotus,-,Sunset,Split,-,-,-,https://www.vlr.gg/353167/fut-esports-vs-gentle-mates-champions-tour-2024-emea-stage-2-w3
KOI,MKOI,2,Bo3,B,win,"[['Split', 13, 9, 4], ['Icebox', 13, 7, 6]]",26,16,10,Champions Tour 2024: EMEA Stage 2,Regular Season: Week 3,"['MKOI sheydos', 'MKOI ShadoW', 'MKOI grubinho', 'MKOI kamo', 'MKOI starxo']",Ascent,Haven,Icebox,Sunset,-,Split,Icebox,-,-,-,https://www.vlr.gg/353168/koi-vs-natus-vincere-champions-tour-2024-emea-stage-2-w3
Natus Vincere,NAVI,0,Bo3,A,loss,"[['Split', 10, 7, 3], ['Icebox', 6, 1, 5]]",16,8,8,Champions Tour 2024: EMEA Stage 2,Regular Season: Week 3,"['NAVI SUYGETSU', 'NAVI ANGE1', 'NAVI Shao', 'NAVI Zyppan', 'NAVI ardiis']",Lotus,Bind,Split,Sunset,-,Split,Icebox,-,-,-,https://www.vlr.gg/353168/koi-vs-natus-vincere-champions-tour-2024-emea-stage-2-w3
Team Liquid,TL,2,Bo3,B,win,"[['Bind', 13, 6, 7], ['Sunset', 13, 10, 3]]",26,16,10,Champions Tour 2024: EMEA Stage 2,Regular Season: Week 3,"['TL keiko', 'TL Mistic', 'TL Enzo', 'TL nAts', 'TL Jamppi']",Split,Lotus,Sunset,Haven,-,Bind,Sunset,-,-,-,https://www.vlr.gg/353169/team-liquid-vs-karmine-corp-champions-tour-2024-emea-stage-2-w3
Karmine Corp,KC,0,Bo3,A,loss,"[['Bind', 11, 5, 6], ['Sunset', 2, 0, 2]]",13,5,8,Champions Tour 2024: EMEA Stage 2,Regular Season: Week 3,"['KC sh1n', 'KC N4RRATE', 'KC marteen', 'KC MAGNUM', 'KC tomaszy']",Ascent,Icebox,Bind,Haven,-,Bind,Sunset,-,-,-,https://www.vlr.gg/353169/team-liquid-vs-karmine-corp-champions-tour-2024-emea-stage-2-w3
BBL Esports,BBL,1,Bo3,A,loss,"[['Ascent', 13, 6, 7], ['Sunset', 6, 2, 4], ['Lotus', 13, 3, 10]]",32,11,21,Champions Tour 2024: EMEA Stage 2,Regular Season: Week 3,"['BBL Elite', 'BBL Brave', 'BBL QutionerX', 'BBL pAura', 'BBL reazy']",Icebox,Haven,Ascent,Lotus,-,Ascent,Sunset,Lotus,-,-,https://www.vlr.gg/353170/bbl-esports-vs-team-vitality-champions-tour-2024-emea-stage-2-w3
Team Vitality,VIT,2,Bo3,B,win,"[['Ascent', 7, 5, 2], ['Sunset', 13, 3, 10], ['Lotus', 11, 2, 9]]",31,10,21,Champions Tour 2024: EMEA Stage 2,Regular Season: Week 3,"['VIT trexx', 'VIT Sayf', 'VIT Kicks', 'VIT runneR', 'VIT ceNder']",Split,Bind,Sunset,Lotus,-,Ascent,Sunset,Lotus,-,-,https://www.vlr.gg/353170/bbl-esports-vs-team-vitality-champions-tour-2024-emea-stage-2-w3
Team Heretics,TH,2,Bo3,A,win,"[['Sunset', 7, 3, 4], ['Icebox', 13, 4, 9], ['Lotus', 5, 3, 2]]",25,10,15,Champions Tour 2024: EMEA Stage 2,Regular Season: Week 3,"['TH benjyfishy', 'TH Boo', 'TH MiniBoo', 'TH Wo0t', 'TH RieNs']",Split,Ascent,Sunset,Lotus,-,Sunset,Icebox,Lotus,-,-,https://www.vlr.gg/353171/team-heretics-vs-gentle-mates-champions-tour-2024-emea-stage-2-w3
Gentle Mates,M8,1,Bo3,B,loss,"[['Sunset', 13, 8, 5], ['Icebox', 10, 2, 8], ['Lotus', 13, 4, 9]]",36,14,22,Champions Tour 2024: EMEA Stage 2,Regular Season: Week 3,"['M8 TakaS', 'M8 Kada', 'M8 nataNk', 'M8 Wailers', 'M8 beyAz']",Bind,Haven,Icebox,Lotus,-,Sunset,Icebox,Lotus,-,-,https://www.vlr.gg/353171/team-heretics-vs-gentle-mates-champions-tour-2024-emea-stage-2-w3
FUT Esports,FUT,2,Bo3,B,win,"[['Split', 13, 2, 11], ['Lotus', 13, 7, 6]]",26,9,17,Champions Tour 2024: EMEA Stage 2,Regular Season: Week 4,"['FUT AtaKaptan', 'FUT yetujey', 'FUT cNed', 'FUT MrFaliN', 'FUT qRaxs']",Haven,Sunset,Lotus,Icebox,-,Split,Lotus,-,-,-,https://www.vlr.gg/353172/fut-esports-vs-giantx-champions-tour-2024-emea-stage-2-w4
GIANTX,GX,0,Bo3,A,loss,"[['Split', 4, 1, 3], ['Lotus', 6, 1, 5]]",10,2,8,Champions Tour 2024: EMEA Stage 2,Regular Season: Week 4,"['GX purp0', 'GX hoody', 'GX Famsii', 'GX Cloud', 'GX Fit1nho']",Ascent,Bind,Split,Icebox,-,Split,Lotus,-,-,-,https://www.vlr.gg/353172/fut-esports-vs-giantx-champions-tour-2024-emea-stage-2-w4
Team Heretics,TH,2,Bo3,B,win,"[['Icebox', 11, 6, 5], ['Bind', 13, 7, 6], ['Haven', 13, 8, 5]]",37,21,16,Champions Tour 2024: EMEA Stage 2,Regular Season: Week 4,"['TH benjyfishy', 'TH Wo0t', 'TH MiniBoo', 'TH RieNs', 'TH Boo']",Split,Ascent,Bind,Haven,-,Icebox,Bind,Haven,-,-,https://www.vlr.gg/353173/team-heretics-vs-koi-champions-tour-2024-emea-stage-2-w4
KOI,MKOI,1,Bo3,A,loss,"[['Icebox', 13, 7, 6], ['Bind', 9, 6, 3], ['Haven', 10, 7, 3]]",32,20,12,Champions Tour 2024: EMEA Stage 2,Regular Season: Week 4,"['MKOI grubinho', 'MKOI sheydos', 'MKOI starxo', 'MKOI kamo', 'MKOI ShadoW']",Sunset,Lotus,Icebox,Haven,-,Icebox,Bind,Haven,-,-,https://www.vlr.gg/353173/team-heretics-vs-koi-champions-tour-2024-emea-stage-2-w4
FNATIC,FNC,2,Bo3,B,win,"[['Icebox', 13, 3, 10], ['Haven', 13, 6, 7]]",26,9,17,Champions Tour 2024: EMEA Stage 2,Regular Season: Week 4,"['FNC Derke', 'FNC Chronicle', 'FNC Alfajer', 'FNC hiro', 'FNC Boaster']",Sunset,Bind,Haven,Ascent,-,Icebox,Haven,-,-,-,https://www.vlr.gg/353174/fnatic-vs-team-liquid-champions-tour-2024-emea-stage-2-w4
Team Liquid,TL,0,Bo3,A,loss,"[['Icebox', 2, 2, 0], ['Haven', 9, 5, 4]]",11,7,4,Champions Tour 2024: EMEA Stage 2,Regular Season: Week 4,"['TL nAts', 'TL Enzo', 'TL keiko', 'TL Mistic', 'TL Jamppi']",Lotus,Split,Icebox,Ascent,-,Icebox,Haven,-,-,-,https://www.vlr.gg/353174/fnatic-vs-team-liquid-champions-tour-2024-emea-stage-2-w4
Natus Vincere,NAVI,2,Bo3,B,win,"[['Sunset', 13, 8, 5], ['Ascent', 8, 6, 2], ['Split', 13, 6, 7]]",34,20,14,Champions Tour 2024: EMEA Stage 2,Regular Season: Week 4,"['NAVI SUYGETSU', 'NAVI ardiis', 'NAVI ANGE1', 'NAVI Shao', 'NAVI Zyppan']",Lotus,Icebox,Ascent,Split,-,Sunset,Ascent,Split,-,-,https://www.vlr.gg/353175/natus-vincere-vs-gentle-mates-champions-tour-2024-emea-stage-2-w4
Gentle Mates,M8,1,Bo3,A,loss,"[['Sunset', 7, 7, 0], ['Ascent', 13, 7, 6], ['Split', 11, 5, 6]]",31,19,12,Champions Tour 2024: EMEA Stage 2,Regular Season: Week 4,"['M8 Kada', 'M8 nataNk', 'M8 Wailers', 'M8 beyAz', 'M8 TakaS']",Bind,Haven,Sunset,Split,-,Sunset,Ascent,Split,-,-,https://www.vlr.gg/353175/natus-vincere-vs-gentle-mates-champions-tour-2024-emea-stage-2-w4
Team Vitality,VIT,2,Bo3,A,win,"[['Icebox', 4, 3, 1], ['Lotus', 13, 7, 6], ['Sunset', 12, 5, 7]]",29,15,14,Champions Tour 2024: EMEA Stage 2,Regular Season: Week 4,"['VIT trexx', 'VIT Sayf', 'VIT Kicks', 'VIT ceNder', 'VIT runneR']",Split,Haven,Icebox,Sunset,-,Icebox,Lotus,Sunset,-,-,https://www.vlr.gg/353203/team-vitality-vs-karmine-corp-champions-tour-2024-emea-stage-2-w4
Karmine Corp,KC,1,Bo3,B,loss,"[['Icebox', 13, 4, 9], ['Lotus', 9, 6, 3], ['Sunset', 14, 5, 7]]",36,15,19,Champions Tour 2024: EMEA Stage 2,Regular Season: Week 4,"['KC N4RRATE', 'KC marteen', 'KC MAGNUM', 'KC sh1n', 'KC tomaszy']",Ascent,Bind,Lotus,Sunset,-,Icebox,Lotus,Sunset,-,-,https://www.vlr.gg/353203/team-vitality-vs-karmine-corp-champions-tour-2024-emea-stage-2-w4
Team Vitality,VIT,2,Bo3,B,win,"[['Haven', 8, 6, 2], ['Sunset', 13, 10, 3], ['Ascent', 13, 5, 8]]",34,21,13,Champions Tour 2024: EMEA Stage 2,Playoffs: Knockout Round,"['VIT trexx', 'VIT Kicks', 'VIT Sayf', 'VIT ceNder', 'VIT runneR']",Abyss,Bind,Sunset,Ascent,-,Haven,Sunset,Ascent,-,-,https://www.vlr.gg/371278/team-vitality-vs-natus-vincere-champions-tour-2024-emea-stage-2-ko
Natus Vincere,NAVI,1,Bo3,A,loss,"[['Haven', 13, 7, 6], ['Sunset', 5, 3, 2], ['Ascent', 7, 0, 7]]",25,10,15,Champions Tour 2024: EMEA Stage 2,Playoffs: Knockout Round,"['NAVI Shao', 'NAVI Zyppan', 'NAVI ardiis', 'NAVI SUYGETSU', 'NAVI ANGE1']",Icebox,Lotus,Haven,Ascent,-,Haven,Sunset,Ascent,-,-,https://www.vlr.gg/371278/team-vitality-vs-natus-vincere-champions-tour-2024-emea-stage-2-ko
FNATIC,FNC,2,Bo3,A,win,"[['Icebox', 13, 6, 7], ['Sunset', 13, 6, 6], ['Lotus', 6, 2, 4]]",32,14,17,Champions Tour 2024: EMEA Stage 2,Playoffs: Knockout Round,"['FNC Alfajer', 'FNC hiro', 'FNC Chronicle', 'FNC Boaster', 'FNC Derke']",Abyss,Bind,Icebox,Lotus,-,Icebox,Sunset,Lotus,-,-,https://www.vlr.gg/371279/fnatic-vs-karmine-corp-champions-tour-2024-emea-stage-2-ko
Karmine Corp,KC,1,Bo3,B,loss,"[['Icebox', 7, 5, 2], ['Sunset', 15, 6, 6], ['Lotus', 13, 8, 5]]",35,19,13,Champions Tour 2024: EMEA Stage 2,Playoffs: Knockout Round,"['KC N4RRATE', 'KC sh1n', 'KC marteen', 'KC tomaszy', 'KC MAGNUM']",Haven,Ascent,Sunset,Lotus,-,Icebox,Sunset,Lotus,-,-,https://www.vlr.gg/371279/fnatic-vs-karmine-corp-champions-tour-2024-emea-stage-2-ko
Team Heretics,TH,1,Bo3,B,loss,"[['Icebox', 14, 3, 9], ['Sunset', 10, 5, 5], ['Bind', 12, 7, 5]]",36,15,19,Champions Tour 2024: EMEA Stage 2,Playoffs: Upper Semifinals,"['TH Boo', 'TH RieNs', 'TH benjyfishy', 'TH MiniBoo', 'TH Wo0t']",Ascent,Lotus,Sunset,Bind,-,Icebox,Sunset,Bind,-,-,https://www.vlr.gg/371280/team-heretics-vs-team-vitality-champions-tour-2024-emea-stage-2-ubsf
Team Vitality,VIT,2,Bo3,A,win,"[['Icebox', 12, 3, 9], ['Sunset', 13, 6, 7], ['Bind', 14, 7, 5]]",39,16,21,Champions Tour 2024: EMEA Stage 2,Playoffs: Upper Semifinals,"['VIT trexx', 'VIT Sayf', 'VIT Kicks', 'VIT runneR', 'VIT ceNder']",Abyss,Haven,Icebox,Bind,-,Icebox,Sunset,Bind,-,-,https://www.vlr.gg/371280/team-heretics-vs-team-vitality-champions-tour-2024-emea-stage-2-ubsf
FUT Esports,FUT,0,Bo3,A,loss,"[['Sunset', 15, 7, 5], ['Haven', 13, 8, 5]]",28,15,10,Champions Tour 2024: EMEA Stage 2,Playoffs: Upper Semifinals,"['FUT MrFaliN', 'FUT yetujey', 'FUT qRaxs', 'FUT cNed', 'FUT AtaKaptan']",Icebox,Bind,Sunset,Lotus,-,Sunset,Haven,-,-,-,https://www.vlr.gg/371281/fut-esports-vs-fnatic-champions-tour-2024-emea-stage-2-ubsf
FNATIC,FNC,2,Bo3,B,win,"[['Sunset', 13, 7, 5], ['Haven', 5, 1, 4]]",18,8,9,Champions Tour 2024: EMEA Stage 2,Playoffs: Upper Semifinals,"['FNC Alfajer', 'FNC Chronicle', 'FNC Derke', 'FNC hiro', 'FNC Boaster']",Abyss,Ascent,Haven,Lotus,-,Sunset,Haven,-,-,-,https://www.vlr.gg/371281/fut-esports-vs-fnatic-champions-tour-2024-emea-stage-2-ubsf
Team Vitality,VIT,0,Bo3,B,loss,"[['Lotus', 11, 7, 4], ['Sunset', 6, 3, 3]]",17,10,7,Champions Tour 2024: EMEA Stage 2,Playoffs: Upper Final,"['VIT Sayf', 'VIT trexx', 'VIT runneR', 'VIT Kicks', 'VIT ceNder']",Haven,Abyss,Sunset,Ascent,-,Lotus,Sunset,-,-,-,https://www.vlr.gg/371282/team-vitality-vs-fnatic-champions-tour-2024-emea-stage-2-ubf
FNATIC,FNC,2,Bo3,A,win,"[['Lotus', 13, 8, 5], ['Sunset', 13, 4, 9]]",26,12,14,Champions Tour 2024: EMEA Stage 2,Playoffs: Upper Final,"['FNC Derke', 'FNC Chronicle', 'FNC hiro', 'FNC Alfajer', 'FNC Boaster']",Icebox,Bind,Lotus,Ascent,-,Lotus,Sunset,-,-,-,https://www.vlr.gg/371282/team-vitality-vs-fnatic-champions-tour-2024-emea-stage-2-ubf
Team Heretics,TH,2,Bo3,B,win,"[['Abyss', 13, 6, 7], ['Sunset', 13, 8, 5]]",26,14,12,Champions Tour 2024: EMEA Stage 2,Playoffs: Lower Round 1,"['TH RieNs', 'TH Wo0t', 'TH MiniBoo', 'TH Boo', 'TH benjyfishy']",Ascent,Lotus,Sunset,Bind,-,Abyss,Sunset,-,-,-,https://www.vlr.gg/371284/team-heretics-vs-fut-esports-champions-tour-2024-emea-stage-2-lr1
FUT Esports,FUT,0,Bo3,A,loss,"[['Abyss', 10, 4, 6], ['Sunset', 11, 7, 4]]",21,11,10,Champions Tour 2024: EMEA Stage 2,Playoffs: Lower Round 1,"['FUT yetujey', 'FUT AtaKaptan', 'FUT MrFaliN', 'FUT qRaxs', 'FUT cNed']",Haven,Icebox,Abyss,Bind,-,Abyss,Sunset,-,-,-,https://www.vlr.gg/371284/team-heretics-vs-fut-esports-champions-tour-2024-emea-stage-2-lr1
Team Vitality,VIT,3,Bo5,A,win,"[['Icebox', 13, 4, 9], ['Sunset', 4, 4, 0], ['Lotus', 3, 3, 0], ['Haven', 9, 5, 4]]",29,16,13,Champions Tour 2024: EMEA Stage 2,Playoffs: Lower Final,"['VIT trexx', 'VIT Sayf', 'VIT runneR', 'VIT ceNder', 'VIT Kicks']",Abyss,-,Icebox,Lotus,Bind,Icebox,Sunset,Lotus,Haven,-,https://www.vlr.gg/371285/team-vitality-vs-team-heretics-champions-tour-2024-emea-stage-2-lbf
Team Heretics,TH,1,Bo5,B,loss,"[['Icebox', 6, 3, 3], ['Sunset', 13, 5, 8], ['Lotus', 13, 4, 9], ['Haven', 13, 8, 5]]",45,20,25,Champions Tour 2024: EMEA Stage 2,Playoffs: Lower Final,"['TH Wo0t', 'TH RieNs', 'TH MiniBoo', 'TH benjyfishy', 'TH Boo']",Ascent,-,Sunset,Haven,Bind,Icebox,Sunset,Lotus,Haven,-,https://www.vlr.gg/371285/team-vitality-vs-team-heretics-champions-tour-2024-emea-stage-2-lbf
FNATIC,FNC,3,Bo5,A,win,"[['Haven', 8, 3, 5], ['Ascent', 13, 8, 5], ['Lotus', 9, 4, 5], ['Bind', 3, 2, 1]]",33,17,16,Champions Tour 2024: EMEA Stage 2,Playoffs: Grand Final,"['FNC Chronicle', 'FNC Alfajer', 'FNC Derke', 'FNC Boaster', 'FNC hiro']",Icebox,Sunset,Haven,Lotus,Abyss,Haven,Ascent,Lotus,Bind,-,https://www.vlr.gg/371283/fnatic-vs-team-vitality-champions-tour-2024-emea-stage-2-gf
Team Vitality,VIT,1,Bo5,B,loss,"[['Haven', 13, 4, 9], ['Ascent', 9, 5, 4], ['Lotus', 13, 5, 8], ['Bind', 13, 3, 10]]",48,17,31,Champions Tour 2024: EMEA Stage 2,Playoffs: Grand Final,"['VIT trexx', 'VIT Kicks', 'VIT Sayf', 'VIT runneR', 'VIT ceNder']",-,-,Ascent,Bind,Abyss,Haven,Ascent,Lotus,Bind,-,https://www.vlr.gg/371283/fnatic-vs-team-vitality-champions-tour-2024-emea-stage-2-gf
G2 Esports,G2,2,Bo3,B,win,"[['Breeze', 13, 6, 7], ['Icebox', 1, 0, 1], ['Lotus', 14, 3, 9]]",28,9,17,Champions Tour 2024: Masters Shanghai,Swiss Stage: Round 1,"['G2 leaf', 'G2 JonahP', 'G2 trent', 'G2 icy', 'G2 valyn']",Sunset,Ascent,Icebox,Lotus,-,Breeze,Icebox,Lotus,-,-,https://www.vlr.gg/348063/g2-esports-vs-t1-champions-tour-2024-masters-shanghai-r1
T1,T1,1,Bo3,A,loss,"[['Breeze', 8, 5, 3], ['Icebox', 13, 11, 2], ['Lotus', 12, 3, 9]]",33,19,14,Champions Tour 2024: Masters Shanghai,Swiss Stage: Round 1,"['T1 carpe', 'T1 Rossy', 'T1 xccurate', 'T1 Sayaplayer', 'T1 iZu']",Split,Bind,Breeze,Lotus,-,Breeze,Icebox,Lotus,-,-,https://www.vlr.gg/348063/g2-esports-vs-t1-champions-tour-2024-masters-shanghai-r1
FunPlus Phoenix,FPX,2,Bo3,B,win,"[['Sunset', 13, 9, 4], ['Lotus', 12, 8, 4], ['Icebox', 13, 9, 4]]",38,26,12,Champions Tour 2024: Masters Shanghai,Swiss Stage: Round 1,"['FPX Life', 'FPX BerLIN', 'FPX Autumn', 'FPX AAAAY', 'FPX Lysoar']",Split,Bind,Lotus,Icebox,-,Sunset,Lotus,Icebox,-,-,https://www.vlr.gg/348061/funplus-phoenix-vs-fut-esports-champions-tour-2024-masters-shanghai-r1
FUT Esports,FUT,1,Bo3,A,loss,"[['Sunset', 7, 4, 3], ['Lotus', 14, 8, 4], ['Icebox', 10, 8, 2]]",31,20,9,Champions Tour 2024: Masters Shanghai,Swiss Stage: Round 1,"['FUT cNed', 'FUT MrFaliN', 'FUT yetujey', 'FUT AtaKaptan', 'FUT qRaxs']",Breeze,Ascent,Sunset,Icebox,-,Sunset,Lotus,Icebox,-,-,https://www.vlr.gg/348061/funplus-phoenix-vs-fut-esports-champions-tour-2024-masters-shanghai-r1
Gen.G,GEN,2,Bo3,B,win,"[['Icebox', 7, 2, 5], ['Lotus', 13, 6, 7], ['Breeze', 13, 8, 5]]",33,16,17,Champions Tour 2024: Masters Shanghai,Swiss Stage: Round 1,"['GEN t3xture', 'GEN Karon', 'GEN Munchkin', 'GEN Lakia', 'GEN Meteor']",Sunset,Bind,Lotus,Breeze,-,Icebox,Lotus,Breeze,-,-,https://www.vlr.gg/348064/gen-g-vs-leviat-n-champions-tour-2024-masters-shanghai-r1
LEVIATÁN,LEV,1,Bo3,A,loss,"[['Icebox', 13, 7, 6], ['Lotus', 5, 5, 0], ['Breeze', 7, 3, 4]]",25,15,10,Champions Tour 2024: Masters Shanghai,Swiss Stage: Round 1,"['LEV aspas', 'LEV tex', 'LEV kiNgg', 'LEV Mazino', 'LEV C0M']",Ascent,Split,Icebox,Breeze,-,Icebox,Lotus,Breeze,-,-,https://www.vlr.gg/348064/gen-g-vs-leviat-n-champions-tour-2024-masters-shanghai-r1
Team Heretics,TH,2,Bo3,B,win,"[['Icebox', 13, 5, 8], ['Sunset', 13, 7, 6]]",26,12,14,Champions Tour 2024: Masters Shanghai,Swiss Stage: Round 1,"['TH Wo0t', 'TH paTiTek', 'TH RieNs', 'TH benjyfishy', 'TH Boo']",Ascent,Breeze,Sunset,Split,-,Icebox,Sunset,-,-,-,https://www.vlr.gg/348059/team-heretics-vs-dragon-ranger-gaming-champions-tour-2024-masters-shanghai-r1
Dragon Ranger Gaming,DRG,0,Bo3,A,loss,"[['Icebox', 5, 4, 1], ['Sunset', 5, 0, 5]]",10,4,6,Champions Tour 2024: Masters Shanghai,Swiss Stage: Round 1,"['DRG Nicc', 'DRG vo0kashu', 'DRG nizhaoTZH', 'DRG TvirusLuke', 'DRG Shion7']",Lotus,Bind,Icebox,Split,-,Icebox,Sunset,-,-,-,https://www.vlr.gg/348059/team-heretics-vs-dragon-ranger-gaming-champions-tour-2024-masters-shanghai-r1
FunPlus Phoenix,FPX,1,Bo3,B,loss,"[['Lotus', 16, 10, 2], ['Sunset', 7, 1, 6], ['Ascent', 11, 4, 7]]",34,15,15,Champions Tour 2024: Masters Shanghai,Swiss Stage: Round 2,"['FPX Life', 'FPX BerLIN', 'FPX AAAAY', 'FPX Autumn', 'FPX Lysoar']",Breeze,Split,Sunset,Ascent,-,Lotus,Sunset,Ascent,-,-,https://www.vlr.gg/348458/funplus-phoenix-vs-gen-g-champions-tour-2024-masters-shanghai-r2
Gen.G,GEN,2,Bo3,A,win,"[['Lotus', 14, 10, 2], ['Sunset', 13, 6, 7], ['Ascent', 13, 5, 8]]",40,21,17,Champions Tour 2024: Masters Shanghai,Swiss Stage: Round 2,"['GEN t3xture', 'GEN Meteor', 'GEN Karon', 'GEN Lakia', 'GEN Munchkin']",Icebox,Bind,Lotus,Ascent,-,Lotus,Sunset,Ascent,-,-,https://www.vlr.gg/348458/funplus-phoenix-vs-gen-g-champions-tour-2024-masters-shanghai-r2
G2 Esports,G2,2,Bo3,B,win,"[['Lotus', 9, 4, 5], ['Bind', 13, 9, 4], ['Split', 13, 9, 4]]",35,22,13,Champions Tour 2024: Masters Shanghai,Swiss Stage: Round 2,"['G2 leaf', 'G2 icy', 'G2 JonahP', 'G2 valyn', 'G2 trent']",Sunset,Icebox,Bind,Split,-,Lotus,Bind,Split,-,-,https://www.vlr.gg/348457/g2-esports-vs-team-heretics-champions-tour-2024-masters-shanghai-r2
Team Heretics,TH,1,Bo3,A,loss,"[['Lotus', 13, 5, 8], ['Bind', 6, 3, 3], ['Split', 8, 5, 3]]",27,13,14,Champions Tour 2024: Masters Shanghai,Swiss Stage: Round 2,"['TH RieNs', 'TH paTiTek', 'TH Wo0t', 'TH Boo', 'TH benjyfishy']",Ascent,Breeze,Lotus,Split,-,Lotus,Bind,Split,-,-,https://www.vlr.gg/348457/g2-esports-vs-team-heretics-champions-tour-2024-masters-shanghai-r2
LEVIATÁN,LEV,2,Bo3,B,win,"[['Breeze', 13, 4, 9], ['Sunset', 13, 3, 10]]",26,7,19,Champions Tour 2024: Masters Shanghai,Swiss Stage: Round 2,"['LEV aspas', 'LEV tex', 'LEV Mazino', 'LEV kiNgg', 'LEV C0M']",Ascent,Lotus,Sunset,Icebox,-,Breeze,Sunset,-,-,-,https://www.vlr.gg/348459/leviat-n-vs-t1-champions-tour-2024-masters-shanghai-r2
T1,T1,0,Bo3,A,loss,"[['Breeze', 9, 3, 6], ['Sunset', 7, 2, 5]]",16,5,11,Champions Tour 2024: Masters Shanghai,Swiss Stage: Round 2,"['T1 iZu', 'T1 Rossy', 'T1 xccurate', 'T1 Sayaplayer', 'T1 carpe']",Bind,Split,Breeze,Icebox,-,Breeze,Sunset,-,-,-,https://www.vlr.gg/348459/leviat-n-vs-t1-champions-tour-2024-masters-shanghai-r2
Dragon Ranger Gaming,DRG,0,Bo3,B,loss,"[['Bind', 10, 6, 4], ['Ascent', 12, 5, 7]]",22,11,11,Champions Tour 2024: Masters Shanghai,Swiss Stage: Round 2,"['DRG TvirusLuke', 'DRG nizhaoTZH', 'DRG vo0kashu', 'DRG Shion7', 'DRG Nicc']",Lotus,Split,Ascent,Icebox,-,Bind,Ascent,-,-,-,https://www.vlr.gg/348460/dragon-ranger-gaming-vs-fut-esports-champions-tour-2024-masters-shanghai-r2
FUT Esports,FUT,2,Bo3,A,win,"[['Bind', 13, 8, 5], ['Ascent', 14, 5, 7]]",27,13,12,Champions Tour 2024: Masters Shanghai,Swiss Stage: Round 2,"['FUT cNed', 'FUT qRaxs', 'FUT MrFaliN', 'FUT yetujey', 'FUT AtaKaptan']",Breeze,Sunset,Bind,Icebox,-,Bind,Ascent,-,-,-,https://www.vlr.gg/348460/dragon-ranger-gaming-vs-fut-esports-champions-tour-2024-masters-shanghai-r2
FunPlus Phoenix,FPX,1,Bo3,B,loss,"[['Sunset', 4, 2, 2], ['Lotus', 13, 8, 5], ['Icebox', 15, 10, 2]]",32,20,9,Champions Tour 2024: Masters Shanghai,Swiss Stage: Round 3,"['FPX Life', 'FPX AAAAY', 'FPX BerLIN', 'FPX Autumn', 'FPX Lysoar']",Split,Bind,Lotus,Icebox,-,Sunset,Lotus,Icebox,-,-,https://www.vlr.gg/348462/funplus-phoenix-vs-team-heretics-champions-tour-2024-masters-shanghai-r3
Team Heretics,TH,2,Bo3,A,win,"[['Sunset', 13, 10, 3], ['Lotus', 6, 2, 4], ['Icebox', 17, 10, 2]]",36,22,9,Champions Tour 2024: Masters Shanghai,Swiss Stage: Round 3,"['TH Wo0t', 'TH RieNs', 'TH benjyfishy', 'TH paTiTek', 'TH Boo']",Ascent,Breeze,Sunset,Icebox,-,Sunset,Lotus,Icebox,-,-,https://www.vlr.gg/348462/funplus-phoenix-vs-team-heretics-champions-tour-2024-masters-shanghai-r3
FUT Esports,FUT,2,Bo3,B,win,"[['Sunset', 13, 11, 2], ['Lotus', 11, 6, 5], ['Bind', 13, 6, 7]]",37,23,14,Champions Tour 2024: Masters Shanghai,Swiss Stage: Round 3,"['FUT yetujey', 'FUT AtaKaptan', 'FUT qRaxs', 'FUT cNed', 'FUT MrFaliN']",Breeze,Icebox,Lotus,Bind,-,Sunset,Lotus,Bind,-,-,https://www.vlr.gg/348461/fut-esports-vs-leviat-n-champions-tour-2024-masters-shanghai-r3
LEVIATÁN,LEV,1,Bo3,A,loss,"[['Sunset', 1, 0, 1], ['Lotus', 13, 7, 6], ['Bind', 11, 5, 6]]",25,12,13,Champions Tour 2024: Masters Shanghai,Swiss Stage: Round 3,"['LEV Mazino', 'LEV kiNgg', 'LEV tex', 'LEV aspas', 'LEV C0M']",Split,Ascent,Sunset,Bind,-,Sunset,Lotus,Bind,-,-,https://www.vlr.gg/348461/fut-esports-vs-leviat-n-champions-tour-2024-masters-shanghai-r3
100 Thieves,100T,2,Bo3,B,win,"[['Icebox', 13, 2, 11], ['Bind', 13, 5, 8]]",26,7,19,Champions Tour 2024: Masters Shanghai,Playoffs: Upper Quarterfinals,"['100T Cryocells', '100T eeiu', '100T Boostio', '100T Asuna', '100T bang']",Lotus,Sunset,Bind,Ascent,-,Icebox,Bind,-,-,-,https://www.vlr.gg/348465/100-thieves-vs-fut-esports-champions-tour-2024-masters-shanghai-ubqf
FUT Esports,FUT,0,Bo3,A,loss,"[['Icebox', 2, 1, 1], ['Bind', 5, 4, 1]]",7,5,2,Champions Tour 2024: Masters Shanghai,Playoffs: Upper Quarterfinals,"['FUT AtaKaptan', 'FUT cNed', 'FUT yetujey', 'FUT qRaxs', 'FUT MrFaliN']",Breeze,Split,Icebox,Ascent,-,Icebox,Bind,-,-,-,https://www.vlr.gg/348465/100-thieves-vs-fut-esports-champions-tour-2024-masters-shanghai-ubqf
FNATIC,FNC,1,Bo3,B,loss,"[['Lotus', 13, 4, 9], ['Bind', 10, 6, 4], ['Breeze', 11, 7, 4]]",34,17,17,Champions Tour 2024: Masters Shanghai,Playoffs: Upper Quarterfinals,"['FNC Alfajer', 'FNC Derke', 'FNC Leo', 'FNC Chronicle', 'FNC Boaster']",Sunset,Ascent,Bind,Breeze,-,Lotus,Bind,Breeze,-,-,https://www.vlr.gg/348466/fnatic-vs-gen-g-champions-tour-2024-masters-shanghai-ubqf
Gen.G,GEN,2,Bo3,A,win,"[['Lotus', 10, 3, 7], ['Bind', 13, 7, 6], ['Breeze', 13, 8, 5]]",36,18,18,Champions Tour 2024: Masters Shanghai,Playoffs: Upper Quarterfinals,"['GEN t3xture', 'GEN Munchkin', 'GEN Meteor', 'GEN Lakia', 'GEN Karon']",Split,Icebox,Lotus,Breeze,-,Lotus,Bind,Breeze,-,-,https://www.vlr.gg/348466/fnatic-vs-gen-g-champions-tour-2024-masters-shanghai-ubqf
Paper Rex,PRX,1,Bo3,B,loss,"[['Split', 13, 11, 2], ['Lotus', 10, 4, 6], ['Bind', 5, 3, 2]]",28,18,10,Champions Tour 2024: Masters Shanghai,Playoffs: Upper Quarterfinals,"['PRX something', 'PRX Jinggg', 'PRX mindfreak', 'PRX d4v41', 'PRX f0rsakeN']",Breeze,Ascent,Lotus,Bind,-,Split,Lotus,Bind,-,-,https://www.vlr.gg/348463/paper-rex-vs-g2-esports-champions-tour-2024-masters-shanghai-ubqf
G2 Esports,G2,2,Bo3,A,win,"[['Split', 7, 6, 1], ['Lotus', 13, 6, 7], ['Bind', 13, 10, 3]]",33,22,11,Champions Tour 2024: Masters Shanghai,Playoffs: Upper Quarterfinals,"['G2 icy', 'G2 trent', 'G2 valyn', 'G2 leaf', 'G2 JonahP']",Sunset,Icebox,Split,Bind,-,Split,Lotus,Bind,-,-,https://www.vlr.gg/348463/paper-rex-vs-g2-esports-champions-tour-2024-masters-shanghai-ubqf
EDward Gaming,EDG,0,Bo3,B,loss,"[['Sunset', 6, 4, 2], ['Split', 3, 2, 1]]",9,6,3,Champions Tour 2024: Masters Shanghai,Playoffs: Upper Quarterfinals,"['EDG Smoggy', 'EDG ZmjjKK', 'EDG CHICHOO', 'EDG Haodong', 'EDG nobody']",Lotus,Icebox,Split,Breeze,-,Sunset,Split,-,-,-,https://www.vlr.gg/348464/edward-gaming-vs-team-heretics-champions-tour-2024-masters-shanghai-ubqf
Team Heretics,TH,2,Bo3,A,win,"[['Sunset', 13, 5, 8], ['Split', 13, 3, 10]]",26,8,18,Champions Tour 2024: Masters Shanghai,Playoffs: Upper Quarterfinals,"['TH Wo0t', 'TH benjyfishy', 'TH RieNs', 'TH paTiTek', 'TH Boo']",Ascent,Bind,Sunset,Breeze,-,Sunset,Split,-,-,-,https://www.vlr.gg/348464/edward-gaming-vs-team-heretics-champions-tour-2024-masters-shanghai-ubqf
FUT Esports,FUT,2,Bo3,A,win,"[['Split', 13, 6, 7], ['Lotus', 8, 5, 3], ['Ascent', 3, 3, 0]]",24,14,10,Champions Tour 2024: Masters Shanghai,Playoffs: Lower Round 1,"['FUT cNed', 'FUT AtaKaptan', 'FUT qRaxs', 'FUT yetujey', 'FUT MrFaliN']",Breeze,Bind,Split,Ascent,-,Split,Lotus,Ascent,-,-,https://www.vlr.gg/348468/fut-esports-vs-fnatic-champions-tour-2024-masters-shanghai-lr1
FNATIC,FNC,1,Bo3,B,loss,"[['Split', 5, 5, 0], ['Lotus', 13, 9, 4], ['Ascent', 13, 4, 9]]",31,18,13,Champions Tour 2024: Masters Shanghai,Playoffs: Lower Round 1,"['FNC Derke', 'FNC Alfajer', 'FNC Leo', 'FNC Chronicle', 'FNC Boaster']",Sunset,Icebox,Lotus,Ascent,-,Split,Lotus,Ascent,-,-,https://www.vlr.gg/348468/fut-esports-vs-fnatic-champions-tour-2024-masters-shanghai-lr1
Paper Rex,PRX,2,Bo3,B,win,"[['Bind', 13, 6, 7], ['Sunset', 13, 5, 8]]",26,11,15,Champions Tour 2024: Masters Shanghai,Playoffs: Lower Round 1,"['PRX Jinggg', 'PRX something', 'PRX f0rsakeN', 'PRX mindfreak', 'PRX d4v41']",Breeze,Icebox,Sunset,Split,-,Bind,Sunset,-,-,-,https://www.vlr.gg/348467/paper-rex-vs-edward-gaming-champions-tour-2024-masters-shanghai-lr1
EDward Gaming,EDG,0,Bo3,A,loss,"[['Bind', 11, 5, 6], ['Sunset', 6, 4, 2]]",17,9,8,Champions Tour 2024: Masters Shanghai,Playoffs: Lower Round 1,"['EDG ZmjjKK', 'EDG Smoggy', 'EDG nobody', 'EDG CHICHOO', 'EDG Haodong']",Lotus,Ascent,Bind,Split,-,Bind,Sunset,-,-,-,https://www.vlr.gg/348467/paper-rex-vs-edward-gaming-champions-tour-2024-masters-shanghai-lr1
100 Thieves,100T,0,Bo3,A,loss,"[['Icebox', 13, 4, 9], ['Ascent', 13, 6, 7]]",26,10,16,Champions Tour 2024: Masters Shanghai,Playoffs: Upper Semifinals,"['100T Cryocells', '100T bang', '100T Asuna', '100T Boostio', '100T eeiu']",Lotus,Sunset,Icebox,Breeze,-,Icebox,Ascent,-,-,-,https://www.vlr.gg/348470/100-thieves-vs-gen-g-champions-tour-2024-masters-shanghai-ubsf
Gen.G,GEN,2,Bo3,B,win,"[['Icebox', 10, 3, 7], ['Ascent', 10, 4, 6]]",20,7,13,Champions Tour 2024: Masters Shanghai,Playoffs: Upper Semifinals,"['GEN Karon', 'GEN Meteor', 'GEN Lakia', 'GEN Munchkin', 'GEN t3xture']",Bind,Split,Ascent,Breeze,-,Icebox,Ascent,-,-,-,https://www.vlr.gg/348470/100-thieves-vs-gen-g-champions-tour-2024-masters-shanghai-ubsf
G2 Esports,G2,2,Bo3,B,win,"[['Icebox', 7, 2, 5], ['Ascent', 13, 2, 11], ['Lotus', 13, 5, 8]]",33,9,24,Champions Tour 2024: Masters Shanghai,Playoffs: Upper Semifinals,"['G2 JonahP', 'G2 trent', 'G2 leaf', 'G2 valyn', 'G2 icy']",Sunset,Breeze,Ascent,Lotus,-,Icebox,Ascent,Lotus,-,-,https://www.vlr.gg/348469/g2-esports-vs-team-heretics-champions-tour-2024-masters-shanghai-ubsf
Team Heretics,TH,1,Bo3,A,loss,"[['Icebox', 13, 3, 10], ['Ascent', 11, 1, 10], ['Lotus', 4, 4, 0]]",28,8,20,Champions Tour 2024: Masters Shanghai,Playoffs: Upper Semifinals,"['TH benjyfishy', 'TH Wo0t', 'TH Boo', 'TH paTiTek', 'TH RieNs']",Bind,Split,Icebox,Lotus,-,Icebox,Ascent,Lotus,-,-,https://www.vlr.gg/348469/g2-esports-vs-team-heretics-champions-tour-2024-masters-shanghai-ubsf
100 Thieves,100T,2,Bo3,A,win,"[['Breeze', 5, 1, 4], ['Sunset', 13, 8, 5], ['Icebox', 12, 5, 7]]",30,14,16,Champions Tour 2024: Masters Shanghai,Playoffs: Lower Round 2,"['100T bang', '100T Asuna', '100T Cryocells', '100T Boostio', '100T eeiu']",Lotus,Split,Breeze,Icebox,-,Breeze,Sunset,Icebox,-,-,https://www.vlr.gg/348471/100-thieves-vs-paper-rex-champions-tour-2024-masters-shanghai-lr2
Paper Rex,PRX,1,Bo3,B,loss,"[['Breeze', 13, 8, 5], ['Sunset', 10, 6, 4], ['Icebox', 14, 5, 7]]",37,19,16,Champions Tour 2024: Masters Shanghai,Playoffs: Lower Round 2,"['PRX something', 'PRX f0rsakeN', 'PRX Jinggg', 'PRX d4v41', 'PRX mindfreak']",Bind,Ascent,Sunset,Icebox,-,Breeze,Sunset,Icebox,-,-,https://www.vlr.gg/348471/100-thieves-vs-paper-rex-champions-tour-2024-masters-shanghai-lr2
Team Heretics,TH,2,Bo3,B,win,"[['Bind', 13, 7, 6], ['Sunset', 13, 4, 9]]",26,11,15,Champions Tour 2024: Masters Shanghai,Playoffs: Lower Round 2,"['TH benjyfishy', 'TH RieNs', 'TH Wo0t', 'TH Boo', 'TH paTiTek']",Ascent,Lotus,Sunset,Icebox,-,Bind,Sunset,-,-,-,https://www.vlr.gg/348472/team-heretics-vs-fut-esports-champions-tour-2024-masters-shanghai-lr2
FUT Esports,FUT,0,Bo3,A,loss,"[['Bind', 7, 6, 1], ['Sunset', 4, 3, 1]]",11,9,2,Champions Tour 2024: Masters Shanghai,Playoffs: Lower Round 2,"['FUT AtaKaptan', 'FUT cNed', 'FUT MrFaliN', 'FUT yetujey', 'FUT qRaxs']",Breeze,Split,Bind,Icebox,-,Bind,Sunset,-,-,-,https://www.vlr.gg/348472/team-heretics-vs-fut-esports-champions-tour-2024-masters-shanghai-lr2
G2 Esports,G2,0,Bo3,A,loss,"[['Lotus', 13, 6, 7], ['Ascent', 13, 8, 5]]",26,14,12,Champions Tour 2024: Masters Shanghai,Playoffs: Upper Final,"['G2 trent', 'G2 JonahP', 'G2 valyn', 'G2 icy', 'G2 leaf']",Sunset,Breeze,Lotus,Icebox,-,Lotus,Ascent,-,-,-,https://www.vlr.gg/348473/g2-esports-vs-gen-g-champions-tour-2024-masters-shanghai-ubf
Gen.G,GEN,2,Bo3,B,win,"[['Lotus', 8, 5, 3], ['Ascent', 10, 6, 4]]",18,11,7,Champions Tour 2024: Masters Shanghai,Playoffs: Upper Final,"['GEN t3xture', 'GEN Meteor', 'GEN Lakia', 'GEN Munchkin', 'GEN Karon']",Bind,Split,Ascent,Icebox,-,Lotus,Ascent,-,-,-,https://www.vlr.gg/348473/g2-esports-vs-gen-g-champions-tour-2024-masters-shanghai-ubf
100 Thieves,100T,0,Bo3,A,loss,"[['Bind', 15, 8, 4], ['Sunset', 13, 2, 11]]",28,10,15,Champions Tour 2024: Masters Shanghai,Playoffs: Lower Round 3,"['100T Asuna', '100T eeiu', '100T bang', '100T Boostio', '100T Cryocells']",Lotus,Split,Bind,Icebox,-,Bind,Sunset,-,-,-,https://www.vlr.gg/348474/100-thieves-vs-team-heretics-champions-tour-2024-masters-shanghai-lr3
Team Heretics,TH,2,Bo3,B,win,"[['Bind', 13, 8, 4], ['Sunset', 1, 1, 0]]",14,9,4,Champions Tour 2024: Masters Shanghai,Playoffs: Lower Round 3,"['TH Wo0t', 'TH Boo', 'TH paTiTek', 'TH benjyfishy', 'TH RieNs']",Ascent,Breeze,Sunset,Icebox,-,Bind,Sunset,-,-,-,https://www.vlr.gg/348474/100-thieves-vs-team-heretics-champions-tour-2024-masters-shanghai-lr3
G2 Esports,G2,0,Bo5,A,loss,"[['Bind', 13, 10, 3], ['Icebox', 13, 5, 8], ['Lotus', 13, 9, 4]]",39,24,15,Champions Tour 2024: Masters Shanghai,Playoffs: Lower Final,"['G2 valyn', 'G2 JonahP', 'G2 icy', 'G2 leaf', 'G2 trent']",Sunset,-,Bind,Lotus,Breeze,Bind,Icebox,Lotus,-,-,https://www.vlr.gg/348475/g2-esports-vs-team-heretics-champions-tour-2024-masters-shanghai-lf
Team Heretics,TH,3,Bo5,B,win,"[['Bind', 2, 0, 2], ['Icebox', 6, 4, 2], ['Lotus', 8, 5, 3]]",16,9,7,Champions Tour 2024: Masters Shanghai,Playoffs: Lower Final,"['TH Wo0t', 'TH RieNs', 'TH paTiTek', 'TH benjyfishy', 'TH Boo']",Ascent,-,Icebox,Split,Breeze,Bind,Icebox,Lotus,-,-,https://www.vlr.gg/348475/g2-esports-vs-team-heretics-champions-tour-2024-masters-shanghai-lf
Gen.G,GEN,3,Bo5,A,win,"[['Breeze', 6, 2, 4], ['Icebox', 13, 5, 8], ['Ascent', 13, 7, 6], ['Lotus', 4, 3, 1], ['Split', 3, 0, 3]]",39,17,22,Champions Tour 2024: Masters Shanghai,Playoffs: Grand Final,"['GEN t3xture', 'GEN Meteor', 'GEN Lakia', 'GEN Karon', 'GEN Munchkin']",Bind,Sunset,Breeze,Ascent,Split,Breeze,Icebox,Ascent,Lotus,Split,https://www.vlr.gg/348476/gen-g-vs-team-heretics-champions-tour-2024-masters-shanghai-gf
Team Heretics,TH,2,Bo5,B,loss,"[['Breeze', 13, 3, 10], ['Icebox', 9, 2, 7], ['Ascent', 9, 6, 3], ['Lotus', 13, 4, 9], ['Split', 13, 9, 4]]",57,24,33,Champions Tour 2024: Masters Shanghai,Playoffs: Grand Final,"['TH RieNs', 'TH paTiTek', 'TH Wo0t', 'TH Boo', 'TH benjyfishy']",-,-,Icebox,Lotus,Split,Breeze,Icebox,Ascent,Lotus,Split,https://www.vlr.gg/348476/gen-g-vs-team-heretics-champions-tour-2024-masters-shanghai-gf
Bilibili Gaming,BLG,2,Bo3,B,win,"[['Bind', 3, 0, 3], ['Icebox', 13, 6, 7], ['Lotus', 13, 7, 6]]",29,13,16,Champions Tour 2024: China Stage 1,Regular Season: Week 1,"['BLG whzy', 'BLG Knight', 'BLG yosemite', 'BLG B3ar', 'BLG Biank']",Ascent,Split,Icebox,Lotus,-,Bind,Icebox,Lotus,-,-,https://www.vlr.gg/319765/bilibili-gaming-vs-tyloo-champions-tour-2024-china-stage-1-w1
TYLOO,TYL,1,Bo3,A,loss,"[['Bind', 13, 9, 4], ['Icebox', 6, 5, 1], ['Lotus', 6, 1, 5]]",25,15,10,Champions Tour 2024: China Stage 1,Regular Season: Week 1,"['TYL zjc', 'TYL Eren', 'TYL AAK', 'TYL Flex1n', 'TYL ICEKING']",Sunset,Breeze,Bind,Lotus,-,Bind,Icebox,Lotus,-,-,https://www.vlr.gg/319765/bilibili-gaming-vs-tyloo-champions-tour-2024-china-stage-1-w1
Wolves Esports,WOL,1,Bo3,B,loss,"[['Split', 13, 3, 10], ['Bind', 12, 8, 4], ['Lotus', 10, 4, 6]]",35,15,20,Champions Tour 2024: China Stage 1,Regular Season: Week 1,"['WOL balua', 'WOL Yuicaw', 'WOL coldfish', 'WOL Spring', 'WOL pl1xx']",Sunset,Breeze,Bind,Lotus,-,Split,Bind,Lotus,-,-,https://www.vlr.gg/319766/wolves-esports-vs-titan-esports-club-champions-tour-2024-china-stage-1-w1
Titan Esports Club,TEC,2,Bo3,A,win,"[['Split', 5, 2, 3], ['Bind', 14, 8, 4], ['Lotus', 13, 6, 7]]",32,16,14,Champions Tour 2024: China Stage 1,Regular Season: Week 1,"['TEC Rb', 'TEC Abo', 'TEC LockM', 'TEC kawaii', 'TEC AC']",Ascent,Icebox,Split,Lotus,-,Split,Bind,Lotus,-,-,https://www.vlr.gg/319766/wolves-esports-vs-titan-esports-club-champions-tour-2024-china-stage-1-w1
Dragon Ranger Gaming,DRG,1,Bo3,B,loss,"[['Icebox', 13, 5, 8], ['Sunset', 11, 5, 6], ['Breeze', 8, 2, 6]]",32,12,20,Champions Tour 2024: China Stage 1,Regular Season: Week 1,"['DRG Nicc', 'DRG Shion7', 'DRG vo0kashu', 'DRG nizhaoTZH', 'DRG TvirusLuke']",Lotus,Split,Sunset,Breeze,-,Icebox,Sunset,Breeze,-,-,https://www.vlr.gg/319767/dragon-ranger-gaming-vs-all-gamers-champions-tour-2024-china-stage-1-w1
All Gamers,AG,2,Bo3,A,win,"[['Icebox', 11, 4, 7], ['Sunset', 13, 6, 7], ['Breeze', 13, 6, 7]]",37,16,21,Champions Tour 2024: China Stage 1,Regular Season: Week 1,"['AG deLb', 'AG Spitfires', 'AG monk', 'AG bunt', 'AG sword9']",Ascent,Bind,Icebox,Breeze,-,Icebox,Sunset,Breeze,-,-,https://www.vlr.gg/319767/dragon-ranger-gaming-vs-all-gamers-champions-tour-2024-china-stage-1-w1
EDward Gaming,EDG,2,Bo3,B,win,"[['Ascent', 13, 7, 6], ['Bind', 9, 4, 5], ['Split', 13, 8, 5]]",35,19,16,Champions Tour 2024: China Stage 1,Regular Season: Week 1,"['EDG Smoggy', 'EDG nobody', 'EDG ZmjjKK', 'EDG CHICHOO', 'EDG Haodong']",Lotus,Icebox,Bind,Split,-,Ascent,Bind,Split,-,-,https://www.vlr.gg/319768/edward-gaming-vs-jd-gaming-champions-tour-2024-china-stage-1-w1
JDG Esports,JDG,1,Bo3,A,loss,"[['Ascent', 5, 0, 5], ['Bind', 13, 5, 8], ['Split', 11, 7, 4]]",29,12,17,Champions Tour 2024: China Stage 1,Regular Season: Week 1,"['JDG Viva', 'JDG stew', 'JDG MarT1n', 'JDG YiHao', 'JDG YHchen']",Breeze,Sunset,Ascent,Split,-,Ascent,Bind,Split,-,-,https://www.vlr.gg/319768/edward-gaming-vs-jd-gaming-champions-tour-2024-china-stage-1-w1
Nova Esports,NOVA,0,Bo3,B,loss,"[['Lotus', 5, 5, 0], ['Ascent', 9, 6, 3]]",14,11,3,Champions Tour 2024: China Stage 1,Regular Season: Week 1,"['NOVA SWERL', 'NOVA o0o0o', 'NOVA cb', 'NOVA OBONE', 'NOVA GuanG']",Breeze,Split,Ascent,Sunset,-,Lotus,Ascent,-,-,-,https://www.vlr.gg/319769/nova-esports-vs-trace-esports-champions-tour-2024-china-stage-1-w1
Trace Esports,TE,2,Bo3,A,win,"[['Lotus', 13, 6, 7], ['Ascent', 13, 7, 6]]",26,13,13,Champions Tour 2024: China Stage 1,Regular Season: Week 1,"['TE FengF', 'TE heybay', 'TE LuoK1ng', 'TE Kai', 'TE YOU']",Icebox,Bind,Lotus,Sunset,-,Lotus,Ascent,-,-,-,https://www.vlr.gg/319769/nova-esports-vs-trace-esports-champions-tour-2024-china-stage-1-w1
FunPlus Phoenix,FPX,2,Bo3,B,win,"[['Ascent', 13, 6, 7], ['Lotus', 13, 5, 8]]",26,11,15,Champions Tour 2024: China Stage 1,Regular Season: Week 1,"['FPX Life', 'FPX Lysoar', 'FPX AAAAY', 'FPX BerLIN', 'FPX Autumn']",Split,Bind,Lotus,Icebox,-,Ascent,Lotus,-,-,-,https://www.vlr.gg/319770/funplus-phoenix-vs-wolves-esports-champions-tour-2024-china-stage-1-w1
Wolves Esports,WOL,0,Bo3,A,loss,"[['Ascent', 8, 5, 3], ['Lotus', 7, 4, 3]]",15,9,6,Champions Tour 2024: China Stage 1,Regular Season: Week 1,"['WOL Spring', 'WOL Yuicaw', 'WOL balua', 'WOL coldfish', 'WOL pl1xx']",Sunset,Breeze,Ascent,Icebox,-,Ascent,Lotus,-,-,-,https://www.vlr.gg/319770/funplus-phoenix-vs-wolves-esports-champions-tour-2024-china-stage-1-w1
JDG Esports,JDG,1,Bo3,B,loss,"[['Sunset', 13, 7, 6], ['Bind', 9, 5, 4], ['Ascent', 4, 2, 2]]",26,14,12,Champions Tour 2024: China Stage 1,Regular Season: Week 2,"['JDG stew', 'JDG MarT1n', 'JDG Viva', 'JDG YiHao', 'JDG YHchen']",Breeze,Split,Bind,Ascent,-,Sunset,Bind,Ascent,-,-,https://www.vlr.gg/319771/jd-gaming-vs-nova-esports-champions-tour-2024-china-stage-1-w2
Nova Esports,NOVA,2,Bo3,A,win,"[['Sunset', 8, 6, 2], ['Bind', 13, 6, 7], ['Ascent', 13, 3, 10]]",34,15,19,Champions Tour 2024: China Stage 1,Regular Season: Week 2,"['NOVA cb', 'NOVA SWERL', 'NOVA GuanG', 'NOVA o0o0o', 'NOVA OBONE']",Icebox,Lotus,Sunset,Ascent,-,Sunset,Bind,Ascent,-,-,https://www.vlr.gg/319771/jd-gaming-vs-nova-esports-champions-tour-2024-china-stage-1-w2
FunPlus Phoenix,FPX,2,Bo3,A,win,"[['Breeze', 11, 4, 7], ['Icebox', 13, 9, 4], ['Sunset', 3, 2, 1]]",27,15,12,Champions Tour 2024: China Stage 1,Regular Season: Week 2,"['FPX Life', 'FPX Autumn', 'FPX AAAAY', 'FPX Lysoar', 'FPX BerLIN']",Split,Bind,Breeze,Sunset,-,Breeze,Icebox,Sunset,-,-,https://www.vlr.gg/319772/funplus-phoenix-vs-dragon-ranger-gaming-champions-tour-2024-china-stage-1-w2
Dragon Ranger Gaming,DRG,1,Bo3,B,loss,"[['Breeze', 13, 5, 8], ['Icebox', 9, 6, 3], ['Sunset', 13, 11, 2]]",35,22,13,Champions Tour 2024: China Stage 1,Regular Season: Week 2,"['DRG TvirusLuke', 'DRG Shion7', 'DRG vo0kashu', 'DRG Nicc', 'DRG nizhaoTZH']",Lotus,Ascent,Icebox,Sunset,-,Breeze,Icebox,Sunset,-,-,https://www.vlr.gg/319772/funplus-phoenix-vs-dragon-ranger-gaming-champions-tour-2024-china-stage-1-w2
All Gamers,AG,0,Bo3,A,loss,"[['Breeze', 13, 6, 7], ['Icebox', 14, 9, 3]]",27,15,10,Champions Tour 2024: China Stage 1,Regular Season: Week 2,"['AG deLb', 'AG sword9', 'AG bunt', 'AG monk', 'AG Spitfires']",Ascent,Lotus,Breeze,Split,-,Breeze,Icebox,-,-,-,https://www.vlr.gg/319773/all-gamers-vs-wolves-esports-champions-tour-2024-china-stage-1-w2
Wolves Esports,WOL,2,Bo3,B,win,"[['Breeze', 9, 5, 4], ['Icebox', 12, 9, 3]]",21,14,7,Champions Tour 2024: China Stage 1,Regular Season: Week 2,"['WOL Spring', 'WOL Yuicaw', 'WOL coldfish', 'WOL pl1xx', 'WOL balua']",Sunset,Bind,Icebox,Split,-,Breeze,Icebox,-,-,-,https://www.vlr.gg/319773/all-gamers-vs-wolves-esports-champions-tour-2024-china-stage-1-w2
Trace Esports,TE,2,Bo3,A,win,"[['Split', 13, 5, 8], ['Breeze', 7, 4, 3], ['Bind', 7, 5, 2]]",27,14,13,Champions Tour 2024: China Stage 1,Regular Season: Week 2,"['TE FengF', 'TE LuoK1ng', 'TE YOU', 'TE heybay', 'TE Kai']",Icebox,Lotus,Split,Bind,-,Split,Breeze,Bind,-,-,https://www.vlr.gg/319774/trace-esports-vs-bilibili-gaming-champions-tour-2024-china-stage-1-w2
Bilibili Gaming,BLG,1,Bo3,B,loss,"[['Split', 11, 4, 7], ['Breeze', 13, 9, 4], ['Bind', 13, 6, 7]]",37,19,18,Champions Tour 2024: China Stage 1,Regular Season: Week 2,"['BLG whzy', 'BLG yosemite', 'BLG Knight', 'BLG Biank', 'BLG B3ar']",Ascent,Sunset,Breeze,Bind,-,Split,Breeze,Bind,-,-,https://www.vlr.gg/319774/trace-esports-vs-bilibili-gaming-champions-tour-2024-china-stage-1-w2
Dragon Ranger Gaming,DRG,2,Bo3,B,win,"[['Breeze', 4, 3, 1], ['Split', 13, 7, 6], ['Icebox', 13, 11, 2]]",30,21,9,Champions Tour 2024: China Stage 1,Regular Season: Week 2,"['DRG vo0kashu', 'DRG nizhaoTZH', 'DRG TvirusLuke', 'DRG Nicc', 'DRG Shion7']",Lotus,Sunset,Split,Icebox,-,Breeze,Split,Icebox,-,-,https://www.vlr.gg/319775/dragon-ranger-gaming-vs-titan-esports-club-champions-tour-2024-china-stage-1-w2
Titan Esports Club,TEC,1,Bo3,A,loss,"[['Breeze', 13, 4, 9], ['Split', 7, 2, 5], ['Icebox', 5, 4, 1]]",25,10,15,Champions Tour 2024: China Stage 1,Regular Season: Week 2,"['TEC Abo', 'TEC kawaii', 'TEC AC', 'TEC Rb', 'TEC LockM']",Ascent,Bind,Breeze,Icebox,-,Breeze,Split,Icebox,-,-,https://www.vlr.gg/319775/dragon-ranger-gaming-vs-titan-esports-club-champions-tour-2024-china-stage-1-w2
TYLOO,TYL,0,Bo3,B,loss,"[['Sunset', 5, 5, 0], ['Bind', 10, 4, 6]]",15,9,6,Champions Tour 2024: China Stage 1,Regular Season: Week 2,"['TYL AAK', 'TYL zjc', 'TYL Eren', 'TYL ICEKING', 'TYL Flex1n']",Breeze,Icebox,Bind,Split,-,Sunset,Bind,-,-,-,https://www.vlr.gg/319776/tyloo-vs-edward-gaming-champions-tour-2024-china-stage-1-w2
EDward Gaming,EDG,2,Bo3,A,win,"[['Sunset', 13, 6, 7], ['Bind', 13, 6, 7]]",26,12,14,Champions Tour 2024: China Stage 1,Regular Season: Week 2,"['EDG ZmjjKK', 'EDG nobody', 'EDG CHICHOO', 'EDG Smoggy', 'EDG Haodong']",Lotus,Ascent,Sunset,Split,-,Sunset,Bind,-,-,-,https://www.vlr.gg/319776/tyloo-vs-edward-gaming-champions-tour-2024-china-stage-1-w2
Wolves Esports,WOL,0,Bo3,A,loss,"[['Ascent', 13, 3, 10], ['Lotus', 13, 5, 8]]",26,8,18,Champions Tour 2024: China Stage 1,Regular Season: Week 3,"['WOL Spring', 'WOL pl1xx', 'WOL coldfish', 'WOL Yuicaw', 'WOL balua']",Sunset,Split,Ascent,Bind,-,Ascent,Lotus,-,-,-,https://www.vlr.gg/319777/wolves-esports-vs-trace-esports-champions-tour-2024-china-stage-1-w3
Trace Esports,TE,2,Bo3,B,win,"[['Ascent', 9, 2, 7], ['Lotus', 9, 4, 5]]",18,6,12,Champions Tour 2024: China Stage 1,Regular Season: Week 3,"['TE Kai', 'TE FengF', 'TE YOU', 'TE LuoK1ng', 'TE heybay']",Icebox,Breeze,Lotus,Bind,-,Ascent,Lotus,-,-,-,https://www.vlr.gg/319777/wolves-esports-vs-trace-esports-champions-tour-2024-china-stage-1-w3
Nova Esports,NOVA,0,Bo3,A,loss,"[['Ascent', 13, 7, 6], ['Lotus', 13, 8, 5]]",26,15,11,Champions Tour 2024: China Stage 1,Regular Season: Week 3,"['NOVA cb', 'NOVA SWERL', 'NOVA o0o0o', 'NOVA OBONE', 'NOVA GuanG']",Breeze,Icebox,Ascent,Sunset,-,Ascent,Lotus,-,-,-,https://www.vlr.gg/319778/nova-esports-vs-funplus-phoenix-champions-tour-2024-china-stage-1-w3
FunPlus Phoenix,FPX,2,Bo3,B,win,"[['Ascent', 6, 6, 0], ['Lotus', 4, 0, 4]]",10,6,4,Champions Tour 2024: China Stage 1,Regular Season: Week 3,"['FPX AAAAY', 'FPX Autumn', 'FPX Life', 'FPX Lysoar', 'FPX BerLIN']",Split,Bind,Lotus,Sunset,-,Ascent,Lotus,-,-,-,https://www.vlr.gg/319778/nova-esports-vs-funplus-phoenix-champions-tour-2024-china-stage-1-w3
Bilibili Gaming,BLG,0,Bo3,A,loss,"[['Lotus', 13, 6, 7], ['Bind', 13, 7, 6]]",26,13,13,Champions Tour 2024: China Stage 1,Regular Season: Week 3,"['BLG Biank', 'BLG whzy', 'BLG yosemite', 'BLG Knight', 'BLG B3ar']",Breeze,Icebox,Lotus,Split,-,Lotus,Bind,-,-,-,https://www.vlr.gg/319779/bilibili-gaming-vs-all-gamers-champions-tour-2024-china-stage-1-w3
All Gamers,AG,2,Bo3,B,win,"[['Lotus', 11, 5, 6], ['Bind', 7, 6, 1]]",18,11,7,Champions Tour 2024: China Stage 1,Regular Season: Week 3,"['AG bunt', 'AG deLb', 'AG Spitfires', 'AG sword9', 'AG monk']",Ascent,Sunset,Bind,Split,-,Lotus,Bind,-,-,-,https://www.vlr.gg/319779/bilibili-gaming-vs-all-gamers-champions-tour-2024-china-stage-1-w3
Dragon Ranger Gaming,DRG,2,Bo3,B,win,"[['Breeze', 13, 4, 9], ['Icebox', 5, 3, 2], ['Bind', 14, 4, 8]]",32,11,19,Champions Tour 2024: China Stage 1,Regular Season: Week 3,"['DRG TvirusLuke', 'DRG Nicc', 'DRG vo0kashu', 'DRG Shion7', 'DRG nizhaoTZH']",Lotus,Sunset,Icebox,Bind,-,Breeze,Icebox,Bind,-,-,https://www.vlr.gg/319780/dragon-ranger-gaming-vs-jd-gaming-champions-tour-2024-china-stage-1-w3
JDG Esports,JDG,1,Bo3,A,loss,"[['Breeze', 7, 3, 4], ['Icebox', 13, 10, 3], ['Bind', 12, 4, 8]]",32,17,15,Champions Tour 2024: China Stage 1,Regular Season: Week 3,"['JDG jkuro', 'JDG YHchen', 'JDG MarT1n', 'JDG stew', 'JDG Viva']",Ascent,Split,Breeze,Bind,-,Breeze,Icebox,Bind,-,-,https://www.vlr.gg/319780/dragon-ranger-gaming-vs-jd-gaming-champions-tour-2024-china-stage-1-w3
TYLOO,TYL,2,Bo3,A,win,"[['Icebox', 13, 7, 6], ['Ascent', 12, 5, 7], ['Split', 9, 7, 2]]",34,19,15,Champions Tour 2024: China Stage 1,Regular Season: Week 3,"['TYL AAK', 'TYL Flex1n', 'TYL zjc', 'TYL Eren', 'TYL ICEKING']",Sunset,Lotus,Icebox,Split,-,Icebox,Ascent,Split,-,-,https://www.vlr.gg/319781/tyloo-vs-nova-esports-champions-tour-2024-china-stage-1-w3
Nova Esports,NOVA,1,Bo3,B,loss,"[['Icebox', 10, 6, 4], ['Ascent', 14, 5, 7], ['Split', 13, 8, 5]]",37,19,16,Champions Tour 2024: China Stage 1,Regular Season: Week 3,"['NOVA GuanG', 'NOVA SWERL', 'NOVA OBONE', 'NOVA cb', 'NOVA o0o0o']",Breeze,Bind,Ascent,Split,-,Icebox,Ascent,Split,-,-,https://www.vlr.gg/319781/tyloo-vs-nova-esports-champions-tour-2024-china-stage-1-w3
EDward Gaming,EDG,2,Bo3,A,win,"[['Ascent', 5, 1, 4], ['Sunset', 5, 3, 2]]",10,4,6,Champions Tour 2024: China Stage 1,Regular Season: Week 3,"['EDG ZmjjKK', 'EDG Smoggy', 'EDG Haodong', 'EDG CHICHOO', 'EDG nobody']",Lotus,Breeze,Ascent,Bind,-,Ascent,Sunset,-,-,-,https://www.vlr.gg/319782/edward-gaming-vs-titan-esports-club-champions-tour-2024-china-stage-1-w3
Titan Esports Club,TEC,0,Bo3,B,loss,"[['Ascent', 13, 8, 5], ['Sunset', 13, 10, 3]]",26,18,8,Champions Tour 2024: China Stage 1,Regular Season: Week 3,"['TEC Abo', 'TEC Rb', 'TEC kawaii', 'TEC AC', 'TEC LockM']",Icebox,Split,Sunset,Bind,-,Ascent,Sunset,-,-,-,https://www.vlr.gg/319782/edward-gaming-vs-titan-esports-club-champions-tour-2024-china-stage-1-w3
Titan Esports Club,TEC,2,Bo3,B,win,"[['Sunset', 13, 7, 6], ['Bind', 8, 4, 4], ['Icebox', 13, 5, 8]]",34,16,18,Champions Tour 2024: China Stage 1,Regular Season: Week 4,"['TEC Abo', 'TEC Rb', 'TEC AC', 'TEC kawaii', 'TEC LockM']",Ascent,Lotus,Bind,Icebox,-,Sunset,Bind,Icebox,-,-,https://www.vlr.gg/319783/titan-esports-club-vs-bilibili-gaming-champions-tour-2024-china-stage-1-w4
Bilibili Gaming,BLG,1,Bo3,A,loss,"[['Sunset', 11, 6, 5], ['Bind', 13, 8, 5], ['Icebox', 6, 4, 2]]",30,18,12,Champions Tour 2024: China Stage 1,Regular Season: Week 4,"['BLG whzy', 'BLG yosemite', 'BLG Knight', 'BLG Biank', 'BLG Levius']",Breeze,Split,Sunset,Icebox,-,Sunset,Bind,Icebox,-,-,https://www.vlr.gg/319783/titan-esports-club-vs-bilibili-gaming-champions-tour-2024-china-stage-1-w4
Trace Esports,TE,0,Bo3,B,loss,"[['Breeze', 7, 6, 1], ['Sunset', 10, 6, 4]]",17,12,5,Champions Tour 2024: China Stage 1,Regular Season: Week 4,"['TE Kai', 'TE YOU', 'TE FengF', 'TE LuoK1ng', 'TE heybay']",Icebox,Ascent,Sunset,Split,-,Breeze,Sunset,-,-,-,https://www.vlr.gg/319784/trace-esports-vs-dragon-ranger-gaming-champions-tour-2024-china-stage-1-w4
Dragon Ranger Gaming,DRG,2,Bo3,A,win,"[['Breeze', 13, 7, 6], ['Sunset', 13, 7, 6]]",26,14,12,Champions Tour 2024: China Stage 1,Regular Season: Week 4,"['DRG vo0kashu', 'DRG Nicc', 'DRG nizhaoTZH', 'DRG Shion7', 'DRG TvirusLuke']",Lotus,Bind,Breeze,Split,-,Breeze,Sunset,-,-,-,https://www.vlr.gg/319784/trace-esports-vs-dragon-ranger-gaming-champions-tour-2024-china-stage-1-w4
TYLOO,TYL,1,Bo3,B,loss,"[['Sunset', 11, 6, 5], ['Split', 13, 6, 7], ['Ascent', 10, 5, 5]]",34,17,17,Champions Tour 2024: China Stage 1,Regular Season: Week 4,"['TYL Flex1n', 'TYL zjc', 'TYL Eren', 'TYL AAK', 'TYL ICEKING']",Icebox,Breeze,Split,Ascent,-,Sunset,Split,Ascent,-,-,https://www.vlr.gg/319785/tyloo-vs-wolves-esports-champions-tour-2024-china-stage-1-w4
Wolves Esports,WOL,2,Bo3,A,win,"[['Sunset', 13, 7, 6], ['Split', 7, 1, 6], ['Ascent', 13, 6, 7]]",33,14,19,Champions Tour 2024: China Stage 1,Regular Season: Week 4,"['WOL Yuicaw', 'WOL Spring', 'WOL coldfish', 'WOL balua', 'WOL pl1xx']",Bind,Lotus,Sunset,Ascent,-,Sunset,Split,Ascent,-,-,https://www.vlr.gg/319785/tyloo-vs-wolves-esports-champions-tour-2024-china-stage-1-w4
FunPlus Phoenix,FPX,2,Bo3,A,win,"[['Breeze', 13, 9, 4], ['Bind', 11, 4, 7], ['Ascent', 4, 4, 0]]",28,17,11,Champions Tour 2024: China Stage 1,Regular Season: Week 4,"['FPX Life', 'FPX Lysoar', 'FPX Autumn', 'FPX BerLIN', 'FPX AAAAY']",Split,Sunset,Breeze,Ascent,-,Breeze,Bind,Ascent,-,-,https://www.vlr.gg/319786/funplus-phoenix-vs-edward-gaming-champions-tour-2024-china-stage-1-w4
EDward Gaming,EDG,1,Bo3,B,loss,"[['Breeze', 4, 1, 3], ['Bind', 13, 5, 8], ['Ascent', 13, 5, 8]]",30,11,19,Champions Tour 2024: China Stage 1,Regular Season: Week 4,"['EDG ZmjjKK', 'EDG Smoggy', 'EDG CHICHOO', 'EDG nobody', 'EDG Haodong']",Lotus,Icebox,Bind,Ascent,-,Breeze,Bind,Ascent,-,-,https://www.vlr.gg/319786/funplus-phoenix-vs-edward-gaming-champions-tour-2024-china-stage-1-w4
All Gamers,AG,2,Bo3,A,win,"[['Lotus', 14, 8, 4], ['Bind', 13, 7, 6], ['Split', 7, 4, 3]]",34,19,13,Champions Tour 2024: China Stage 1,Regular Season: Week 4,"['AG deLb', 'AG monk', 'AG Spitfires', 'AG bunt', 'AG sword9']",Ascent,Sunset,Lotus,Split,-,Lotus,Bind,Split,-,-,https://www.vlr.gg/319787/all-gamers-vs-nova-esports-champions-tour-2024-china-stage-1-w4
Nova Esports,NOVA,1,Bo3,B,loss,"[['Lotus', 16, 8, 4], ['Bind', 10, 6, 4], ['Split', 13, 5, 8]]",39,19,16,Champions Tour 2024: China Stage 1,Regular Season: Week 4,"['NOVA SWERL', 'NOVA GuanG', 'NOVA PangH', 'NOVA cb', 'NOVA o0o0o']",Breeze,Icebox,Bind,Split,-,Lotus,Bind,Split,-,-,https://www.vlr.gg/319787/all-gamers-vs-nova-esports-champions-tour-2024-china-stage-1-w4
Bilibili Gaming,BLG,2,Bo3,B,win,"[['Icebox', 13, 7, 6], ['Lotus', 13, 8, 5]]",26,15,11,Champions Tour 2024: China Stage 1,Regular Season: Week 4,"['BLG whzy', 'BLG Knight', 'BLG yosemite', 'BLG Biank', 'BLG Levius']",Ascent,Sunset,Lotus,Bind,-,Icebox,Lotus,-,-,-,https://www.vlr.gg/319788/bilibili-gaming-vs-jd-gaming-champions-tour-2024-china-stage-1-w4
JDG Esports,JDG,0,Bo3,A,loss,"[['Icebox', 8, 6, 2], ['Lotus', 10, 7, 3]]",18,13,5,Champions Tour 2024: China Stage 1,Regular Season: Week 4,"['JDG Viva', 'JDG jkuro', 'JDG stew', 'JDG YHchen', 'JDG MarT1n']",Breeze,Split,Icebox,Bind,-,Icebox,Lotus,-,-,-,https://www.vlr.gg/319788/bilibili-gaming-vs-jd-gaming-champions-tour-2024-china-stage-1-w4
EDward Gaming,EDG,2,Bo3,B,win,"[['Sunset', 13, 9, 4], ['Icebox', 13, 5, 8]]",26,14,12,Champions Tour 2024: China Stage 1,Regular Season: Week 5,"['EDG ZmjjKK', 'EDG nobody', 'EDG CHICHOO', 'EDG Haodong', 'EDG Smoggy']",Lotus,Bind,Icebox,Breeze,-,Sunset,Icebox,-,-,-,https://www.vlr.gg/319789/edward-gaming-vs-all-gamers-champions-tour-2024-china-stage-1-w5
All Gamers,AG,0,Bo3,A,loss,"[['Sunset', 6, 3, 3], ['Icebox', 5, 4, 1]]",11,7,4,Champions Tour 2024: China Stage 1,Regular Season: Week 5,"['AG Spitfires', 'AG bunt', 'AG monk', 'AG deLb', 'AG sword9']",Ascent,Split,Sunset,Breeze,-,Sunset,Icebox,-,-,-,https://www.vlr.gg/319789/edward-gaming-vs-all-gamers-champions-tour-2024-china-stage-1-w5
Wolves Esports,WOL,0,Bo3,B,loss,"[['Lotus', 8, 6, 2], ['Ascent', 1, 1, 0]]",9,7,2,Champions Tour 2024: China Stage 1,Regular Season: Week 5,"['WOL Yuicaw', 'WOL coldfish', 'WOL balua', 'WOL pl1xx', 'WOL Spring']",Bind,Icebox,Ascent,Sunset,-,Lotus,Ascent,-,-,-,https://www.vlr.gg/319790/wolves-esports-vs-jd-gaming-champions-tour-2024-china-stage-1-w5
JDG Esports,JDG,2,Bo3,A,win,"[['Lotus', 13, 7, 6], ['Ascent', 13, 2, 11]]",26,9,17,Champions Tour 2024: China Stage 1,Regular Season: Week 5,"['JDG MarT1n', 'JDG YHchen', 'JDG Viva', 'JDG stew', 'JDG jkuro']",Breeze,Split,Lotus,Sunset,-,Lotus,Ascent,-,-,-,https://www.vlr.gg/319790/wolves-esports-vs-jd-gaming-champions-tour-2024-china-stage-1-w5
Dragon Ranger Gaming,DRG,0,Bo3,B,loss,"[['Bind', 10, 4, 6], ['Breeze', 8, 5, 3]]",18,9,9,Champions Tour 2024: China Stage 1,Regular Season: Week 5,"['DRG vo0kashu', 'DRG nizhaoTZH', 'DRG TvirusLuke', 'DRG Nicc', 'DRG Shion7']",Lotus,Ascent,Breeze,Split,-,Bind,Breeze,-,-,-,https://www.vlr.gg/319791/dragon-ranger-gaming-vs-tyloo-champions-tour-2024-china-stage-1-w5
TYLOO,TYL,2,Bo3,A,win,"[['Bind', 13, 5, 8], ['Breeze', 13, 6, 7]]",26,11,15,Champions Tour 2024: China Stage 1,Regular Season: Week 5,"['TYL AAK', 'TYL Flex1n', 'TYL Eren', 'TYL zjc', 'TYL ICEKING']",Sunset,Icebox,Bind,Split,-,Bind,Breeze,-,-,-,https://www.vlr.gg/319791/dragon-ranger-gaming-vs-tyloo-champions-tour-2024-china-stage-1-w5
Bilibili Gaming,BLG,0,Bo3,A,loss,"[['Icebox', 13, 11, 2], ['Lotus', 13, 11, 2]]",26,22,4,Champions Tour 2024: China Stage 1,Regular Season: Week 5,"['BLG yosemite', 'BLG whzy', 'BLG Levius', 'BLG Knight', 'BLG Biank']",Breeze,Ascent,Icebox,Sunset,-,Icebox,Lotus,-,-,-,https://www.vlr.gg/319792/bilibili-gaming-vs-funplus-phoenix-champions-tour-2024-china-stage-1-w5
FunPlus Phoenix,FPX,2,Bo3,B,win,"[['Icebox', 2, 1, 1], ['Lotus', 6, 5, 1]]",8,6,2,Champions Tour 2024: China Stage 1,Regular Season: Week 5,"['FPX Lysoar', 'FPX Autumn', 'FPX BerLIN', 'FPX AAAAY', 'FPX Life']",Split,Bind,Lotus,Sunset,-,Icebox,Lotus,-,-,-,https://www.vlr.gg/319792/bilibili-gaming-vs-funplus-phoenix-champions-tour-2024-china-stage-1-w5
Nova Esports,NOVA,2,Bo3,A,win,"[['Split', 6, 3, 3], ['Lotus', 6, 3, 3]]",12,6,6,Champions Tour 2024: China Stage 1,Regular Season: Week 5,"['NOVA SWERL', 'NOVA cb', 'NOVA OBONE', 'NOVA GuanG', 'NOVA o0o0o']",Breeze,Icebox,Split,Sunset,-,Split,Lotus,-,-,-,https://www.vlr.gg/319793/nova-esports-vs-titan-esports-club-champions-tour-2024-china-stage-1-w5
Titan Esports Club,TEC,0,Bo3,B,loss,"[['Split', 13, 9, 4], ['Lotus', 13, 4, 9]]",26,13,13,Champions Tour 2024: China Stage 1,Regular Season: Week 5,"['TEC AC', 'TEC Rb', 'TEC kawaii', 'TEC Abo', 'TEC LockM']",Ascent,Bind,Lotus,Sunset,-,Split,Lotus,-,-,-,https://www.vlr.gg/319793/nova-esports-vs-titan-esports-club-champions-tour-2024-china-stage-1-w5
Trace Esports,TE,0,Bo3,A,loss,"[['Sunset', 15, 8, 4], ['Breeze', 14, 7, 5]]",29,15,9,Champions Tour 2024: China Stage 1,Regular Season: Week 5,"['TE Kai', 'TE heybay', 'TE YOU', 'TE LuoK1ng', 'TE FengF']",Icebox,Ascent,Sunset,Bind,-,Sunset,Breeze,-,-,-,https://www.vlr.gg/319794/trace-esports-vs-edward-gaming-champions-tour-2024-china-stage-1-w5
EDward Gaming,EDG,2,Bo3,B,win,"[['Sunset', 13, 8, 4], ['Breeze', 12, 7, 5]]",25,15,9,Champions Tour 2024: China Stage 1,Regular Season: Week 5,"['EDG ZmjjKK', 'EDG nobody', 'EDG Smoggy', 'EDG CHICHOO', 'EDG Haodong']",Lotus,Split,Breeze,Bind,-,Sunset,Breeze,-,-,-,https://www.vlr.gg/319794/trace-esports-vs-edward-gaming-champions-tour-2024-china-stage-1-w5
Trace Esports,TE,2,Bo3,A,win,"[['Sunset', 9, 4, 5], ['Breeze', 7, 4, 3]]",16,8,8,Champions Tour 2024: China Stage 1,Playoffs: Knockout Round,"['TE Kai', 'TE FengF', 'TE heybay', 'TE LuoK1ng', 'TE YOU']",Icebox,Bind,Sunset,Lotus,-,Sunset,Breeze,-,-,-,https://www.vlr.gg/342356/trace-esports-vs-all-gamers-champions-tour-2024-china-stage-1-ko
All Gamers,AG,0,Bo3,B,loss,"[['Sunset', 13, 5, 8], ['Breeze', 13, 9, 4]]",26,14,12,Champions Tour 2024: China Stage 1,Playoffs: Knockout Round,"['AG Spitfires', 'AG deLb', 'AG sword9', 'AG monk', 'AG bunt']",Ascent,Split,Breeze,Lotus,-,Sunset,Breeze,-,-,-,https://www.vlr.gg/342356/trace-esports-vs-all-gamers-champions-tour-2024-china-stage-1-ko
Dragon Ranger Gaming,DRG,2,Bo3,B,win,"[['Bind', 13, 7, 6], ['Ascent', 13, 7, 6]]",26,14,12,Champions Tour 2024: China Stage 1,Playoffs: Knockout Round,"['DRG vo0kashu', 'DRG TvirusLuke', 'DRG Nicc', 'DRG nizhaoTZH', 'DRG Shion7']",Lotus,Split,Ascent,Sunset,-,Bind,Ascent,-,-,-,https://www.vlr.gg/342357/dragon-ranger-gaming-vs-nova-esports-champions-tour-2024-china-stage-1-ko
Nova Esports,NOVA,0,Bo3,A,loss,"[['Bind', 8, 6, 2], ['Ascent', 7, 2, 5]]",15,8,7,Champions Tour 2024: China Stage 1,Playoffs: Knockout Round,"['NOVA SWERL', 'NOVA cb', 'NOVA OBONE', 'NOVA GuanG', 'NOVA o0o0o']",Breeze,Icebox,Bind,Sunset,-,Bind,Ascent,-,-,-,https://www.vlr.gg/342357/dragon-ranger-gaming-vs-nova-esports-champions-tour-2024-china-stage-1-ko
FunPlus Phoenix,FPX,2,Bo3,B,win,"[['Bind', 13, 9, 4], ['Lotus', 13, 6, 7]]",26,15,11,Champions Tour 2024: China Stage 1,Playoffs: Upper Semifinals,"['FPX Life', 'FPX Autumn', 'FPX AAAAY', 'FPX BerLIN', 'FPX Lysoar']",Split,Breeze,Lotus,Sunset,-,Bind,Lotus,-,-,-,https://www.vlr.gg/342358/funplus-phoenix-vs-trace-esports-champions-tour-2024-china-stage-1-ubsf
Trace Esports,TE,0,Bo3,A,loss,"[['Bind', 10, 8, 2], ['Lotus', 8, 5, 3]]",18,13,5,Champions Tour 2024: China Stage 1,Playoffs: Upper Semifinals,"['TE FengF', 'TE LuoK1ng', 'TE YOU', 'TE Kai', 'TE heybay']",Icebox,Ascent,Bind,Sunset,-,Bind,Lotus,-,-,-,https://www.vlr.gg/342358/funplus-phoenix-vs-trace-esports-champions-tour-2024-china-stage-1-ubsf
EDward Gaming,EDG,2,Bo3,B,win,"[['Ascent', 13, 9, 4], ['Split', 13, 5, 8]]",26,14,12,Champions Tour 2024: China Stage 1,Playoffs: Upper Semifinals,"['EDG ZmjjKK', 'EDG nobody', 'EDG CHICHOO', 'EDG Haodong', 'EDG Smoggy']",Icebox,Breeze,Split,Bind,-,Ascent,Split,-,-,-,https://www.vlr.gg/342359/edward-gaming-vs-dragon-ranger-gaming-champions-tour-2024-china-stage-1-ubsf
Dragon Ranger Gaming,DRG,0,Bo3,A,loss,"[['Ascent', 3, 0, 3], ['Split', 9, 2, 7]]",12,2,10,Champions Tour 2024: China Stage 1,Playoffs: Upper Semifinals,"['DRG TvirusLuke', 'DRG vo0kashu', 'DRG Shion7', 'DRG nizhaoTZH', 'DRG Nicc']",Sunset,Lotus,Ascent,Bind,-,Ascent,Split,-,-,-,https://www.vlr.gg/342359/edward-gaming-vs-dragon-ranger-gaming-champions-tour-2024-china-stage-1-ubsf
FunPlus Phoenix,FPX,2,Bo3,A,win,"[['Icebox', 10, 5, 5], ['Breeze', 12, 9, 3]]",22,14,8,Champions Tour 2024: China Stage 1,Playoffs: Upper Final,"['FPX Lysoar', 'FPX Life', 'FPX Autumn', 'FPX AAAAY', 'FPX BerLIN']",Split,Sunset,Icebox,Bind,-,Icebox,Breeze,-,-,-,https://www.vlr.gg/342360/funplus-phoenix-vs-edward-gaming-champions-tour-2024-china-stage-1-ubf
EDward Gaming,EDG,0,Bo3,B,loss,"[['Icebox', 13, 6, 7], ['Breeze', 14, 9, 3]]",27,15,10,Champions Tour 2024: China Stage 1,Playoffs: Upper Final,"['EDG ZmjjKK', 'EDG Smoggy', 'EDG CHICHOO', 'EDG nobody', 'EDG Haodong']",Lotus,Ascent,Breeze,Bind,-,Icebox,Breeze,-,-,-,https://www.vlr.gg/342360/funplus-phoenix-vs-edward-gaming-champions-tour-2024-china-stage-1-ubf
Trace Esports,TE,1,Bo3,A,loss,"[['Sunset', 6, 2, 4], ['Split', 13, 7, 6], ['Bind', 13, 6, 7]]",32,15,17,Champions Tour 2024: China Stage 1,Playoffs: Lower Round 1,"['TE FengF', 'TE heybay', 'TE YOU', 'TE Kai', 'TE LuoK1ng']",Icebox,Ascent,Sunset,Bind,-,Sunset,Split,Bind,-,-,https://www.vlr.gg/342361/trace-esports-vs-dragon-ranger-gaming-champions-tour-2024-china-stage-1-lr1
Dragon Ranger Gaming,DRG,2,Bo3,B,win,"[['Sunset', 13, 8, 5], ['Split', 8, 3, 5], ['Bind', 7, 5, 2]]",28,16,12,Champions Tour 2024: China Stage 1,Playoffs: Lower Round 1,"['DRG Shion7', 'DRG vo0kashu', 'DRG TvirusLuke', 'DRG Nicc', 'DRG nizhaoTZH']",Lotus,Breeze,Split,Bind,-,Sunset,Split,Bind,-,-,https://www.vlr.gg/342361/trace-esports-vs-dragon-ranger-gaming-champions-tour-2024-china-stage-1-lr1
EDward Gaming,EDG,3,Bo5,A,win,"[['Breeze', 10, 6, 4], ['Split', 3, 2, 1], ['Ascent', 13, 3, 10], ['Bind', 6, 1, 5]]",32,12,20,Champions Tour 2024: China Stage 1,Playoffs: Lower Final,"['EDG ZmjjKK', 'EDG nobody', 'EDG Haodong', 'EDG Smoggy', 'EDG CHICHOO']",Icebox,-,Breeze,Ascent,Lotus,Breeze,Split,Ascent,Bind,-,https://www.vlr.gg/342362/edward-gaming-vs-dragon-ranger-gaming-champions-tour-2024-china-stage-1-lf
Dragon Ranger Gaming,DRG,1,Bo5,B,loss,"[['Breeze', 13, 8, 5], ['Split', 13, 3, 10], ['Ascent', 2, 2, 0], ['Bind', 13, 7, 6]]",41,20,21,Champions Tour 2024: China Stage 1,Playoffs: Lower Final,"['DRG TvirusLuke', 'DRG vo0kashu', 'DRG Shion7', 'DRG Nicc', 'DRG nizhaoTZH']",Sunset,-,Split,Bind,Lotus,Breeze,Split,Ascent,Bind,-,https://www.vlr.gg/342362/edward-gaming-vs-dragon-ranger-gaming-champions-tour-2024-china-stage-1-lf
FunPlus Phoenix,FPX,1,Bo5,A,loss,"[['Lotus', 6, 3, 3], ['Bind', 13, 8, 5], ['Icebox', 14, 8, 4], ['Breeze', 13, 7, 6]]",46,26,18,Champions Tour 2024: China Stage 1,Playoffs: Grand Final,"['FPX BerLIN', 'FPX Autumn', 'FPX Life', 'FPX Lysoar', 'FPX AAAAY']",Split,Sunset,Lotus,Icebox,Ascent,Lotus,Bind,Icebox,Breeze,-,https://www.vlr.gg/342363/funplus-phoenix-vs-edward-gaming-champions-tour-2024-china-stage-1-gf
EDward Gaming,EDG,3,Bo5,B,win,"[['Lotus', 13, 4, 9], ['Bind', 9, 7, 2], ['Icebox', 12, 8, 4], ['Breeze', 8, 3, 5]]",42,22,20,Champions Tour 2024: China Stage 1,Playoffs: Grand Final,"['EDG ZmjjKK', 'EDG CHICHOO', 'EDG Smoggy', 'EDG nobody', 'EDG Haodong']",-,-,Bind,Breeze,Ascent,Lotus,Bind,Icebox,Breeze,-,https://www.vlr.gg/342363/funplus-phoenix-vs-edward-gaming-champions-tour-2024-china-stage-1-gf
Cloud9,C9,2,Bo3,A,win,"[['Icebox', 13, 9, 4], ['Sunset', 7, 6, 1], ['Ascent', 16, 7, 5]]",36,22,10,Champions Tour 2024: Americas Stage 1,Regular Season: Week 1,"['C9 runi', 'C9 Xeppaa', 'C9 OXY', 'C9 moose', 'C9 vanity']",Breeze,Bind,Icebox,Ascent,-,Icebox,Sunset,Ascent,-,-,https://www.vlr.gg/314622/cloud9-vs-leviat-n-champions-tour-2024-americas-stage-1-w1
LEVIATÁN,LEV,1,Bo3,B,loss,"[['Icebox', 7, 4, 3], ['Sunset', 13, 7, 6], ['Ascent', 18, 7, 5]]",38,18,14,Champions Tour 2024: Americas Stage 1,Regular Season: Week 1,"['LEV aspas', 'LEV kiNgg', 'LEV tex', 'LEV Mazino', 'LEV C0M']",Split,Lotus,Sunset,Ascent,-,Icebox,Sunset,Ascent,-,-,https://www.vlr.gg/314622/cloud9-vs-leviat-n-champions-tour-2024-americas-stage-1-w1
NRG,NRG,2,Bo3,A,win,"[['Breeze', 10, 7, 3], ['Sunset', 2, 0, 2]]",12,7,5,Champions Tour 2024: Americas Stage 1,Regular Season: Week 1,"['NRG Demon1', 'NRG Marved', 'NRG crashies', 'NRG Victor', 'NRG Ethan']",Icebox,Lotus,Breeze,Ascent,-,Breeze,Sunset,-,-,-,https://www.vlr.gg/314623/nrg-esports-vs-loud-champions-tour-2024-americas-stage-1-w1
LOUD,LOUD,0,Bo3,B,loss,"[['Breeze', 13, 8, 5], ['Sunset', 13, 10, 3]]",26,18,8,Champions Tour 2024: Americas Stage 1,Regular Season: Week 1,"['LOUD Less', 'LOUD tuyz', 'LOUD saadhak', 'LOUD cauanzin', 'LOUD ambitioN']",Split,Bind,Sunset,Ascent,-,Breeze,Sunset,-,-,-,https://www.vlr.gg/314623/nrg-esports-vs-loud-champions-tour-2024-americas-stage-1-w1
G2 Esports,G2,2,Bo3,A,win,"[['Lotus', 8, 6, 2], ['Icebox', 3, 3, 0]]",11,9,2,Champions Tour 2024: Americas Stage 1,Regular Season: Week 1,"['G2 valyn', 'G2 trent', 'G2 JonahP', 'G2 leaf', 'G2 icy']",Sunset,Ascent,Lotus,Breeze,-,Lotus,Icebox,-,-,-,https://www.vlr.gg/314624/g2-esports-vs-evil-geniuses-champions-tour-2024-americas-stage-1-w1
Evil Geniuses,EG,0,Bo3,B,loss,"[['Lotus', 13, 7, 6], ['Icebox', 13, 4, 9]]",26,11,15,Champions Tour 2024: Americas Stage 1,Regular Season: Week 1,"['EG NaturE', 'EG Derrek', 'EG jawgemo', 'EG supamen', 'EG Apoth']",Bind,Split,Icebox,Breeze,-,Lotus,Icebox,-,-,-,https://www.vlr.gg/314624/g2-esports-vs-evil-geniuses-champions-tour-2024-americas-stage-1-w1
Sentinels,SEN,2,Bo3,B,win,"[['Icebox', 13, 8, 5], ['Split', 13, 7, 6]]",26,15,11,Champions Tour 2024: Americas Stage 1,Regular Season: Week 1,"['SEN Sacy', 'SEN Zellsis', 'SEN TenZ', 'SEN johnqt', 'SEN zekken']",Breeze,Bind,Split,Sunset,-,Icebox,Split,-,-,-,https://www.vlr.gg/314625/sentinels-vs-100-thieves-champions-tour-2024-americas-stage-1-w1
100 Thieves,100T,0,Bo3,A,loss,"[['Icebox', 10, 7, 3], ['Split', 6, 1, 5]]",16,8,8,Champions Tour 2024: Americas Stage 1,Regular Season: Week 1,"['100T Cryocells', '100T bang', '100T eeiu', '100T Asuna', '100T Boostio']",Lotus,Ascent,Icebox,Sunset,-,Icebox,Split,-,-,-,https://www.vlr.gg/314625/sentinels-vs-100-thieves-champions-tour-2024-americas-stage-1-w1
KRÜ Esports,KRÜ,2,Bo3,B,win,"[['Lotus', 13, 10, 3], ['Icebox', 11, 7, 4], ['Breeze', 13, 6, 7]]",37,23,14,Champions Tour 2024: Americas Stage 1,Regular Season: Week 1,"['KRÜ heat', 'KRÜ keznit', 'KRÜ Shyy', 'KRÜ Melser', 'KRÜ Klaus']",Bind,Ascent,Icebox,Breeze,-,Lotus,Icebox,Breeze,-,-,https://www.vlr.gg/314626/kr-esports-vs-furia-champions-tour-2024-americas-stage-1-w1
FURIA,FUR,1,Bo3,A,loss,"[['Lotus', 7, 5, 2], ['Icebox', 13, 8, 5], ['Breeze', 7, 5, 2]]",27,18,9,Champions Tour 2024: Americas Stage 1,Regular Season: Week 1,"['FUR nzr', 'FUR Khalil', 'FUR mwzera', 'FUR kon4n', 'FUR havoc']",Split,Sunset,Lotus,Breeze,-,Lotus,Icebox,Breeze,-,-,https://www.vlr.gg/314626/kr-esports-vs-furia-champions-tour-2024-americas-stage-1-w1
G2 Esports,G2,0,Bo3,B,loss,"[['Bind', 9, 5, 4], ['Split', 8, 4, 4]]",17,9,8,Champions Tour 2024: Americas Stage 1,Regular Season: Week 2,"['G2 trent', 'G2 leaf', 'G2 JonahP', 'G2 valyn', 'G2 icy']",Sunset,Ascent,Split,Icebox,-,Bind,Split,-,-,-,https://www.vlr.gg/314628/g2-esports-vs-100-thieves-champions-tour-2024-americas-stage-1-w2
100 Thieves,100T,2,Bo3,A,win,"[['Bind', 13, 8, 5], ['Split', 13, 5, 8]]",26,13,13,Champions Tour 2024: Americas Stage 1,Regular Season: Week 2,"['100T eeiu', '100T Cryocells', '100T bang', '100T Asuna', '100T Boostio']",Lotus,Breeze,Bind,Icebox,-,Bind,Split,-,-,-,https://www.vlr.gg/314628/g2-esports-vs-100-thieves-champions-tour-2024-americas-stage-1-w2
Sentinels,SEN,0,Bo3,A,loss,"[['Lotus', 19, 9, 3], ['Icebox', 13, 7, 6]]",32,16,9,Champions Tour 2024: Americas Stage 1,Regular Season: Week 2,"['SEN johnqt', 'SEN Zellsis', 'SEN TenZ', 'SEN zekken', 'SEN Sacy']",Breeze,Ascent,Lotus,Bind,-,Lotus,Icebox,-,-,-,https://www.vlr.gg/314629/sentinels-vs-leviat-n-champions-tour-2024-americas-stage-1-w2
LEVIATÁN,LEV,2,Bo3,B,win,"[['Lotus', 17, 9, 3], ['Icebox', 11, 6, 5]]",28,15,8,Champions Tour 2024: Americas Stage 1,Regular Season: Week 2,"['LEV aspas', 'LEV kiNgg', 'LEV Mazino', 'LEV C0M', 'LEV tex']",Split,Sunset,Icebox,Bind,-,Lotus,Icebox,-,-,-,https://www.vlr.gg/314629/sentinels-vs-leviat-n-champions-tour-2024-americas-stage-1-w2
KRÜ Esports,KRÜ,2,Bo3,A,win,"[['Icebox', 6, 1, 5], ['Sunset', 8, 5, 3]]",14,6,8,Champions Tour 2024: Americas Stage 1,Regular Season: Week 2,"['KRÜ Klaus', 'KRÜ keznit', 'KRÜ heat', 'KRÜ Melser', 'KRÜ Shyy']",Bind,Breeze,Icebox,Ascent,-,Icebox,Sunset,-,-,-,https://www.vlr.gg/314630/kr-esports-vs-mibr-champions-tour-2024-americas-stage-1-w2
MIBR,MIBR,0,Bo3,B,loss,"[['Icebox', 13, 7, 6], ['Sunset', 13, 6, 7]]",26,13,13,Champions Tour 2024: Americas Stage 1,Regular Season: Week 2,"['MIBR jzz', 'MIBR frz', 'MIBR artzin', 'MIBR RgLMeister', 'MIBR mazin']",Lotus,Split,Sunset,Ascent,-,Icebox,Sunset,-,-,-,https://www.vlr.gg/314630/kr-esports-vs-mibr-champions-tour-2024-americas-stage-1-w2
NRG,NRG,2,Bo3,B,win,"[['Split', 13, 10, 3], ['Breeze', 13, 7, 6]]",26,17,9,Champions Tour 2024: Americas Stage 1,Regular Season: Week 2,"['NRG Victor', 'NRG Demon1', 'NRG Marved', 'NRG crashies', 'NRG Ethan']",Icebox,Lotus,Breeze,Bind,-,Split,Breeze,-,-,-,https://www.vlr.gg/314631/nrg-esports-vs-furia-champions-tour-2024-americas-stage-1-w2
FURIA,FUR,0,Bo3,A,loss,"[['Split', 2, 0, 2], ['Breeze', 8, 6, 2]]",10,6,4,Champions Tour 2024: Americas Stage 1,Regular Season: Week 2,"['FUR nzr', 'FUR mwzera', 'FUR Khalil', 'FUR kon4n', 'FUR havoc']",Sunset,Ascent,Split,Bind,-,Split,Breeze,-,-,-,https://www.vlr.gg/314631/nrg-esports-vs-furia-champions-tour-2024-americas-stage-1-w2
Cloud9,C9,2,Bo3,A,win,"[['Lotus', 13, 5, 8], ['Sunset', 8, 4, 4], ['Split', 4, 2, 2]]",25,11,14,Champions Tour 2024: Americas Stage 1,Regular Season: Week 2,"['C9 OXY', 'C9 runi', 'C9 Xeppaa', 'C9 moose', 'C9 vanity']",Breeze,Icebox,Lotus,Split,-,Lotus,Sunset,Split,-,-,https://www.vlr.gg/314632/cloud9-vs-evil-geniuses-champions-tour-2024-americas-stage-1-w2
Evil Geniuses,EG,1,Bo3,B,loss,"[['Lotus', 9, 2, 7], ['Sunset', 13, 8, 5], ['Split', 13, 3, 10]]",35,13,22,Champions Tour 2024: Americas Stage 1,Regular Season: Week 2,"['EG NaturE', 'EG Apoth', 'EG Derrek', 'EG jawgemo', 'EG supamen']",Bind,Ascent,Sunset,Split,-,Lotus,Sunset,Split,-,-,https://www.vlr.gg/314632/cloud9-vs-evil-geniuses-champions-tour-2024-americas-stage-1-w2
Sentinels,SEN,2,Bo3,A,win,"[['Lotus', 3, 3, 0], ['Bind', 7, 4, 3]]",10,7,3,Champions Tour 2024: Americas Stage 1,Regular Season: Week 3,"['SEN TenZ', 'SEN zekken', 'SEN johnqt', 'SEN Zellsis', 'SEN Sacy']",Breeze,Ascent,Lotus,Sunset,-,Lotus,Bind,-,-,-,https://www.vlr.gg/314634/sentinels-vs-mibr-champions-tour-2024-americas-stage-1-w3
MIBR,MIBR,0,Bo3,B,loss,"[['Lotus', 13, 4, 9], ['Bind', 13, 9, 4]]",26,13,13,Champions Tour 2024: Americas Stage 1,Regular Season: Week 3,"['MIBR mazin', 'MIBR RgLMeister', 'MIBR frz', 'MIBR artzin', 'MIBR jzz']",Split,Icebox,Bind,Sunset,-,Lotus,Bind,-,-,-,https://www.vlr.gg/314634/sentinels-vs-mibr-champions-tour-2024-americas-stage-1-w3
Cloud9,C9,2,Bo3,A,win,"[['Bind', 13, 6, 7], ['Icebox', 4, 1, 3], ['Lotus', 9, 3, 6]]",26,10,16,Champions Tour 2024: Americas Stage 1,Regular Season: Week 3,"['C9 runi', 'C9 OXY', 'C9 Xeppaa', 'C9 moose', 'C9 vanity']",Breeze,Ascent,Bind,Lotus,-,Bind,Icebox,Lotus,-,-,https://www.vlr.gg/314635/cloud9-vs-loud-champions-tour-2024-americas-stage-1-w3
LOUD,LOUD,1,Bo3,B,loss,"[['Bind', 11, 5, 6], ['Icebox', 13, 9, 4], ['Lotus', 13, 6, 7]]",37,20,17,Champions Tour 2024: Americas Stage 1,Regular Season: Week 3,"['LOUD saadhak', 'LOUD Less', 'LOUD cauanzin', 'LOUD tuyz', 'LOUD ambitioN']",Split,Sunset,Icebox,Lotus,-,Bind,Icebox,Lotus,-,-,https://www.vlr.gg/314635/cloud9-vs-loud-champions-tour-2024-americas-stage-1-w3
KRÜ Esports,KRÜ,2,Bo3,B,win,"[['Lotus', 13, 10, 3], ['Breeze', 13, 5, 8]]",26,15,11,Champions Tour 2024: Americas Stage 1,Regular Season: Week 3,"['KRÜ Klaus', 'KRÜ heat', 'KRÜ Melser', 'KRÜ keznit', 'KRÜ Shyy']",Bind,Sunset,Breeze,Icebox,-,Lotus,Breeze,-,-,-,https://www.vlr.gg/314636/kr-esports-vs-evil-geniuses-champions-tour-2024-americas-stage-1-w3
Evil Geniuses,EG,0,Bo3,A,loss,"[['Lotus', 5, 3, 2], ['Breeze', 9, 4, 5]]",14,7,7,Champions Tour 2024: Americas Stage 1,Regular Season: Week 3,"['EG supamen', 'EG Derrek', 'EG NaturE', 'EG Apoth', 'EG jawgemo']",Split,Ascent,Lotus,Icebox,-,Lotus,Breeze,-,-,-,https://www.vlr.gg/314636/kr-esports-vs-evil-geniuses-champions-tour-2024-americas-stage-1-w3
NRG,NRG,0,Bo3,A,loss,"[['Sunset', 13, 3, 10], ['Bind', 13, 2, 11]]",26,5,21,Champions Tour 2024: Americas Stage 1,Regular Season: Week 3,"['NRG Ethan', 'NRG Marved', 'NRG crashies', 'NRG Victor', 'NRG Demon1']",Icebox,Lotus,Sunset,Breeze,-,Sunset,Bind,-,-,-,https://www.vlr.gg/314637/nrg-esports-vs-leviat-n-champions-tour-2024-americas-stage-1-w3
LEVIATÁN,LEV,2,Bo3,B,win,"[['Sunset', 4, 2, 2], ['Bind', 4, 1, 3]]",8,3,5,Champions Tour 2024: Americas Stage 1,Regular Season: Week 3,"['LEV kiNgg', 'LEV aspas', 'LEV Mazino', 'LEV tex', 'LEV C0M']",Ascent,Split,Bind,Breeze,-,Sunset,Bind,-,-,-,https://www.vlr.gg/314637/nrg-esports-vs-leviat-n-champions-tour-2024-americas-stage-1-w3
G2 Esports,G2,2,Bo3,B,win,"[['Lotus', 13, 9, 4], ['Icebox', 13, 4, 9]]",26,13,13,Champions Tour 2024: Americas Stage 1,Regular Season: Week 3,"['G2 trent', 'G2 leaf', 'G2 JonahP', 'G2 icy', 'G2 valyn']",Sunset,Bind,Icebox,Breeze,-,Lotus,Icebox,-,-,-,https://www.vlr.gg/314638/g2-esports-vs-furia-champions-tour-2024-americas-stage-1-w3
FURIA,FUR,0,Bo3,A,loss,"[['Lotus', 3, 0, 3], ['Icebox', 3, 3, 0]]",6,3,3,Champions Tour 2024: Americas Stage 1,Regular Season: Week 3,"['FUR nzr', 'FUR havoc', 'FUR kon4n', 'FUR Khalil', 'FUR mwzera']",Split,Ascent,Lotus,Breeze,-,Lotus,Icebox,-,-,-,https://www.vlr.gg/314638/g2-esports-vs-furia-champions-tour-2024-americas-stage-1-w3
Cloud9,C9,0,Bo3,B,loss,"[['Bind', 7, 4, 3], ['Ascent', 6, 1, 5]]",13,5,8,Champions Tour 2024: Americas Stage 1,Regular Season: Week 3,"['C9 OXY', 'C9 Xeppaa', 'C9 vanity', 'C9 runi', 'C9 moose']",Breeze,Sunset,Ascent,Icebox,-,Bind,Ascent,-,-,-,https://www.vlr.gg/314639/cloud9-vs-100-thieves-champions-tour-2024-americas-stage-1-w3
100 Thieves,100T,2,Bo3,A,win,"[['Bind', 13, 5, 8], ['Ascent', 13, 2, 11]]",26,7,19,Champions Tour 2024: Americas Stage 1,Regular Season: Week 3,"['100T Asuna', '100T eeiu', '100T bang', '100T Cryocells', '100T Boostio']",Lotus,Split,Bind,Icebox,-,Bind,Ascent,-,-,-,https://www.vlr.gg/314639/cloud9-vs-100-thieves-champions-tour-2024-americas-stage-1-w3
Sentinels,SEN,1,Bo3,A,loss,"[['Lotus', 10, 9, 1], ['Bind', 13, 11, 2], ['Sunset', 13, 7, 6]]",36,27,9,Champions Tour 2024: Americas Stage 1,Regular Season: Week 3,"['SEN johnqt', 'SEN TenZ', 'SEN Zellsis', 'SEN zekken', 'SEN Sacy']",Breeze,Ascent,Lotus,Sunset,-,Lotus,Bind,Sunset,-,-,https://www.vlr.gg/314640/sentinels-vs-evil-geniuses-champions-tour-2024-americas-stage-1-w3
Evil Geniuses,EG,2,Bo3,B,win,"[['Lotus', 13, 10, 3], ['Bind', 11, 10, 1], ['Sunset', 10, 6, 4]]",34,26,8,Champions Tour 2024: Americas Stage 1,Regular Season: Week 3,"['EG jawgemo', 'EG Apoth', 'EG NaturE', 'EG supamen', 'EG Derrek']",Split,Icebox,Bind,Sunset,-,Lotus,Bind,Sunset,-,-,https://www.vlr.gg/314640/sentinels-vs-evil-geniuses-champions-tour-2024-americas-stage-1-w3
NRG,NRG,2,Bo3,B,win,"[['Split', 13, 7, 6], ['Breeze', 13, 4, 9]]",26,11,15,Champions Tour 2024: Americas Stage 1,Regular Season: Week 3,"['NRG Victor', 'NRG Ethan', 'NRG crashies', 'NRG Marved', 'NRG Demon1']",Icebox,Bind,Breeze,Sunset,-,Split,Breeze,-,-,-,https://www.vlr.gg/314641/nrg-esports-vs-mibr-champions-tour-2024-americas-stage-1-w3
MIBR,MIBR,0,Bo3,A,loss,"[['Split', 9, 4, 5], ['Breeze', 3, 3, 0]]",12,7,5,Champions Tour 2024: Americas Stage 1,Regular Season: Week 3,"['MIBR artzin', 'MIBR frz', 'MIBR jzz', 'MIBR RgLMeister', 'MIBR mazin']",Ascent,Lotus,Split,Sunset,-,Split,Breeze,-,-,-,https://www.vlr.gg/314641/nrg-esports-vs-mibr-champions-tour-2024-americas-stage-1-w3
G2 Esports,G2,1,Bo3,B,loss,"[['Breeze', 6, 2, 4], ['Icebox', 13, 7, 6], ['Lotus', 9, 4, 5]]",28,13,15,Champions Tour 2024: Americas Stage 1,Regular Season: Week 3,"['G2 leaf', 'G2 JonahP', 'G2 valyn', 'G2 icy', 'G2 trent']",Sunset,Bind,Icebox,Lotus,-,Breeze,Icebox,Lotus,-,-,https://www.vlr.gg/314642/g2-esports-vs-leviat-n-champions-tour-2024-americas-stage-1-w3
LEVIATÁN,LEV,2,Bo3,A,win,"[['Breeze', 13, 3, 10], ['Icebox', 8, 6, 2], ['Lotus', 13, 7, 6]]",34,16,18,Champions Tour 2024: Americas Stage 1,Regular Season: Week 3,"['LEV aspas', 'LEV kiNgg', 'LEV Mazino', 'LEV tex', 'LEV C0M']",Split,Ascent,Breeze,Lotus,-,Breeze,Icebox,Lotus,-,-,https://www.vlr.gg/314642/g2-esports-vs-leviat-n-champions-tour-2024-americas-stage-1-w3
KRÜ Esports,KRÜ,2,Bo3,A,win,"[['Split', 8, 7, 1], ['Ascent', 8, 5, 3]]",16,12,4,Champions Tour 2024: Americas Stage 1,Regular Season: Week 3,"['KRÜ Shyy', 'KRÜ Melser', 'KRÜ heat', 'KRÜ keznit', 'KRÜ Klaus']",Bind,Breeze,Split,Lotus,-,Split,Ascent,-,-,-,https://www.vlr.gg/314643/kr-esports-vs-loud-champions-tour-2024-americas-stage-1-w3
LOUD,LOUD,0,Bo3,B,loss,"[['Split', 13, 8, 5], ['Ascent', 13, 6, 7]]",26,14,12,Champions Tour 2024: Americas Stage 1,Regular Season: Week 3,"['LOUD saadhak', 'LOUD Less', 'LOUD cauanzin', 'LOUD tuyz', 'LOUD ambitioN']",Sunset,Icebox,Ascent,Lotus,-,Split,Ascent,-,-,-,https://www.vlr.gg/314643/kr-esports-vs-loud-champions-tour-2024-americas-stage-1-w3
G2 Esports,G2,2,Bo3,A,win,"[['Icebox', 9, 5, 4], ['Bind', 3, 2, 1]]",12,7,5,Champions Tour 2024: Americas Stage 1,Regular Season: Week 4,"['G2 trent', 'G2 valyn', 'G2 icy', 'G2 JonahP', 'G2 leaf']",Sunset,Breeze,Icebox,Split,-,Icebox,Bind,-,-,-,https://www.vlr.gg/314644/g2-esports-vs-mibr-champions-tour-2024-americas-stage-1-w4
MIBR,MIBR,0,Bo3,B,loss,"[['Icebox', 13, 6, 7], ['Bind', 13, 11, 2]]",26,17,9,Champions Tour 2024: Americas Stage 1,Regular Season: Week 4,"['MIBR RgLMeister', 'MIBR frz', 'MIBR artzin', 'MIBR jzz', 'MIBR mazin']",Lotus,Ascent,Bind,Split,-,Icebox,Bind,-,-,-,https://www.vlr.gg/314644/g2-esports-vs-mibr-champions-tour-2024-americas-stage-1-w4
Sentinels,SEN,0,Bo3,A,loss,"[['Lotus', 13, 10, 3], ['Icebox', 13, 7, 6]]",26,17,9,Champions Tour 2024: Americas Stage 1,Regular Season: Week 4,"['SEN zekken', 'SEN johnqt', 'SEN Sacy', 'SEN TenZ', 'SEN Zellsis']",Breeze,Bind,Lotus,Ascent,-,Lotus,Icebox,-,-,-,https://www.vlr.gg/314645/sentinels-vs-loud-champions-tour-2024-americas-stage-1-w4
LOUD,LOUD,2,Bo3,B,win,"[['Lotus', 7, 5, 2], ['Icebox', 8, 3, 5]]",15,8,7,Champions Tour 2024: Americas Stage 1,Regular Season: Week 4,"['LOUD cauanzin', 'LOUD ambitioN', 'LOUD Less', 'LOUD tuyz', 'LOUD saadhak']",Split,Sunset,Icebox,Ascent,-,Lotus,Icebox,-,-,-,https://www.vlr.gg/314645/sentinels-vs-loud-champions-tour-2024-americas-stage-1-w4
Cloud9,C9,2,Bo3,B,win,"[['Ascent', 2, 2, 0], ['Lotus', 13, 4, 9], ['Bind', 13, 5, 8]]",28,11,17,Champions Tour 2024: Americas Stage 1,Regular Season: Week 4,"['C9 OXY', 'C9 runi', 'C9 moose', 'C9 vanity', 'C9 Xeppaa']",Breeze,Split,Lotus,Bind,-,Ascent,Lotus,Bind,-,-,https://www.vlr.gg/314646/cloud9-vs-furia-champions-tour-2024-americas-stage-1-w4
FURIA,FUR,1,Bo3,A,loss,"[['Ascent', 13, 12, 1], ['Lotus', 3, 3, 0], ['Bind', 8, 4, 4]]",24,19,5,Champions Tour 2024: Americas Stage 1,Regular Season: Week 4,"['FUR nzr', 'FUR Khalil', 'FUR mwzera', 'FUR havoc', 'FUR kon4n']",Sunset,Icebox,Ascent,Bind,-,Ascent,Lotus,Bind,-,-,https://www.vlr.gg/314646/cloud9-vs-furia-champions-tour-2024-americas-stage-1-w4
NRG,NRG,1,Bo3,A,loss,"[['Ascent', 13, 3, 10], ['Lotus', 14, 6, 6], ['Sunset', 13, 7, 6]]",40,16,22,Champions Tour 2024: Americas Stage 1,Regular Season: Week 4,"['NRG crashies', 'NRG Ethan', 'NRG Marved', 'NRG Victor', 'NRG Demon1']",Icebox,Bind,Ascent,Sunset,-,Ascent,Lotus,Sunset,-,-,https://www.vlr.gg/314647/nrg-esports-vs-evil-geniuses-champions-tour-2024-americas-stage-1-w4
Evil Geniuses,EG,2,Bo3,B,win,"[['Ascent', 6, 2, 4], ['Lotus', 16, 6, 6], ['Sunset', 11, 6, 5]]",33,14,15,Champions Tour 2024: Americas Stage 1,Regular Season: Week 4,"['EG Derrek', 'EG jawgemo', 'EG NaturE', 'EG supamen', 'EG Apoth']",Breeze,Split,Lotus,Sunset,-,Ascent,Lotus,Sunset,-,-,https://www.vlr.gg/314647/nrg-esports-vs-evil-geniuses-champions-tour-2024-americas-stage-1-w4
KRÜ Esports,KRÜ,2,Bo3,B,win,"[['Sunset', 13, 7, 6], ['Breeze', 11, 4, 7], ['Split', 13, 6, 7]]",37,17,20,Champions Tour 2024: Americas Stage 1,Regular Season: Week 4,"['KRÜ Shyy', 'KRÜ keznit', 'KRÜ Melser', 'KRÜ heat', 'KRÜ Klaus']",Bind,Ascent,Breeze,Split,-,Sunset,Breeze,Split,-,-,https://www.vlr.gg/314648/kr-esports-vs-100-thieves-champions-tour-2024-americas-stage-1-w4
100 Thieves,100T,1,Bo3,A,loss,"[['Sunset', 7, 2, 5], ['Breeze', 13, 5, 8], ['Split', 8, 2, 6]]",28,9,19,Champions Tour 2024: Americas Stage 1,Regular Season: Week 4,"['100T bang', '100T Cryocells', '100T eeiu', '100T Asuna', '100T Boostio']",Lotus,Icebox,Sunset,Split,-,Sunset,Breeze,Split,-,-,https://www.vlr.gg/314648/kr-esports-vs-100-thieves-champions-tour-2024-americas-stage-1-w4
Sentinels,SEN,2,Bo3,A,win,"[['Split', 5, 4, 1], ['Icebox', 9, 4, 5]]",14,8,6,Champions Tour 2024: Americas Stage 1,Regular Season: Week 5,"['SEN TenZ', 'SEN zekken', 'SEN Zellsis', 'SEN johnqt', 'SEN Sacy']",Breeze,Ascent,Split,Bind,-,Split,Icebox,-,-,-,https://www.vlr.gg/314650/sentinels-vs-furia-champions-tour-2024-americas-stage-1-w5
FURIA,FUR,0,Bo3,B,loss,"[['Split', 13, 5, 8], ['Icebox', 13, 5, 8]]",26,10,16,Champions Tour 2024: Americas Stage 1,Regular Season: Week 5,"['FUR nzr', 'FUR Khalil', 'FUR kon4n', 'FUR mwzera', 'FUR havoc']",Sunset,Lotus,Icebox,Bind,-,Split,Icebox,-,-,-,https://www.vlr.gg/314650/sentinels-vs-furia-champions-tour-2024-americas-stage-1-w5
NRG,NRG,0,Bo3,A,loss,"[['Split', 13, 8, 5], ['Bind', 13, 5, 8]]",26,13,13,Champions Tour 2024: Americas Stage 1,Regular Season: Week 5,"['NRG Ethan', 'NRG Demon1', 'NRG crashies', 'NRG Victor', 'NRG Marved']",Icebox,Sunset,Split,Ascent,-,Split,Bind,-,-,-,https://www.vlr.gg/314651/nrg-esports-vs-100-thieves-champions-tour-2024-americas-stage-1-w5
100 Thieves,100T,2,Bo3,B,win,"[['Split', 8, 7, 1], ['Bind', 7, 4, 3]]",15,11,4,Champions Tour 2024: Americas Stage 1,Regular Season: Week 5,"['100T eeiu', '100T Cryocells', '100T Asuna', '100T Boostio', '100T bang']",Lotus,Breeze,Bind,Ascent,-,Split,Bind,-,-,-,https://www.vlr.gg/314651/nrg-esports-vs-100-thieves-champions-tour-2024-americas-stage-1-w5
KRÜ Esports,KRÜ,1,Bo3,A,loss,"[['Ascent', 13, 4, 9], ['Breeze', 12, 4, 8], ['Lotus', 13, 7, 6]]",38,15,23,Champions Tour 2024: Americas Stage 1,Regular Season: Week 5,"['KRÜ heat', 'KRÜ keznit', 'KRÜ Shyy', 'KRÜ Melser', 'KRÜ Klaus']",Bind,Sunset,Ascent,Lotus,-,Ascent,Breeze,Lotus,-,-,https://www.vlr.gg/314652/kr-esports-vs-leviat-n-champions-tour-2024-americas-stage-1-w5
LEVIATÁN,LEV,2,Bo3,B,win,"[['Ascent', 4, 3, 1], ['Breeze', 14, 4, 8], ['Lotus', 10, 6, 4]]",28,13,13,Champions Tour 2024: Americas Stage 1,Regular Season: Week 5,"['LEV kiNgg', 'LEV aspas', 'LEV tex', 'LEV Mazino', 'LEV C0M']",Split,Icebox,Breeze,Lotus,-,Ascent,Breeze,Lotus,-,-,https://www.vlr.gg/314652/kr-esports-vs-leviat-n-champions-tour-2024-americas-stage-1-w5
Cloud9,C9,2,Bo3,A,win,"[['Icebox', 12, 3, 9], ['Sunset', 9, 5, 4]]",21,8,13,Champions Tour 2024: Americas Stage 1,Regular Season: Week 5,"['C9 OXY', 'C9 moose', 'C9 runi', 'C9 Xeppaa', 'C9 vanity']",Breeze,Ascent,Icebox,Split,-,Icebox,Sunset,-,-,-,https://www.vlr.gg/314653/cloud9-vs-mibr-champions-tour-2024-americas-stage-1-w5
MIBR,MIBR,0,Bo3,B,loss,"[['Icebox', 14, 3, 9], ['Sunset', 13, 8, 5]]",27,11,14,Champions Tour 2024: Americas Stage 1,Regular Season: Week 5,"['MIBR frz', 'MIBR jzz', 'MIBR artzin', 'MIBR RgLMeister', 'MIBR mazin']",Lotus,Bind,Sunset,Split,-,Icebox,Sunset,-,-,-,https://www.vlr.gg/314653/cloud9-vs-mibr-champions-tour-2024-americas-stage-1-w5
G2 Esports,G2,0,Bo3,A,loss,"[['Bind', 13, 7, 6], ['Icebox', 13, 4, 9]]",26,11,15,Champions Tour 2024: Americas Stage 1,Regular Season: Week 5,"['G2 valyn', 'G2 trent', 'G2 leaf', 'G2 icy', 'G2 JonahP']",Sunset,Breeze,Bind,Lotus,-,Bind,Icebox,-,-,-,https://www.vlr.gg/314654/g2-esports-vs-loud-champions-tour-2024-americas-stage-1-w5
LOUD,LOUD,2,Bo3,B,win,"[['Bind', 11, 6, 5], ['Icebox', 4, 3, 1]]",15,9,6,Champions Tour 2024: Americas Stage 1,Regular Season: Week 5,"['LOUD Less', 'LOUD tuyz', 'LOUD cauanzin', 'LOUD ambitioN', 'LOUD saadhak']",Split,Ascent,Icebox,Lotus,-,Bind,Icebox,-,-,-,https://www.vlr.gg/314654/g2-esports-vs-loud-champions-tour-2024-americas-stage-1-w5
Cloud9,C9,0,Bo3,A,loss,"[['Lotus', 13, 7, 6], ['Ascent', 15, 7, 5]]",28,14,11,Champions Tour 2024: Americas Stage 1,Playoffs: Knockout Round,"['C9 Xeppaa', 'C9 moose', 'C9 runi', 'C9 OXY', 'C9 vanity']",Breeze,Split,Lotus,Bind,-,Lotus,Ascent,-,-,-,https://www.vlr.gg/337407/cloud9-vs-g2-esports-champions-tour-2024-americas-stage-1-ko
G2 Esports,G2,2,Bo3,B,win,"[['Lotus', 6, 1, 5], ['Ascent', 13, 7, 5]]",19,8,10,Champions Tour 2024: Americas Stage 1,Playoffs: Knockout Round,"['G2 icy', 'G2 valyn', 'G2 trent', 'G2 leaf', 'G2 JonahP']",Sunset,Icebox,Ascent,Bind,-,Lotus,Ascent,-,-,-,https://www.vlr.gg/337407/cloud9-vs-g2-esports-champions-tour-2024-americas-stage-1-ko
100 Thieves,100T,2,Bo3,A,win,"[['Bind', 6, 4, 2], ['Icebox', 4, 2, 2]]",10,6,4,Champions Tour 2024: Americas Stage 1,Playoffs: Knockout Round,"['100T Cryocells', '100T Asuna', '100T bang', '100T eeiu', '100T Boostio']",Lotus,Breeze,Bind,Ascent,-,Bind,Icebox,-,-,-,https://www.vlr.gg/337408/100-thieves-vs-loud-champions-tour-2024-americas-stage-1-ko
LOUD,LOUD,0,Bo3,B,loss,"[['Bind', 13, 5, 8], ['Icebox', 13, 3, 10]]",26,8,18,Champions Tour 2024: Americas Stage 1,Playoffs: Knockout Round,"['LOUD tuyz', 'LOUD saadhak', 'LOUD Less', 'LOUD cauanzin', 'LOUD ambitioN']",Split,Sunset,Icebox,Ascent,-,Bind,Icebox,-,-,-,https://www.vlr.gg/337408/100-thieves-vs-loud-champions-tour-2024-americas-stage-1-ko
KRÜ Esports,KRÜ,0,Bo3,A,loss,"[['Icebox', 13, 5, 8], ['Ascent', 13, 6, 7]]",26,11,15,Champions Tour 2024: Americas Stage 1,Playoffs: Upper Semifinals,"['KRÜ Melser', 'KRÜ heat', 'KRÜ Shyy', 'KRÜ keznit', 'KRÜ Klaus']",Bind,Split,Icebox,Lotus,-,Icebox,Ascent,-,-,-,https://www.vlr.gg/337409/kr-esports-vs-g2-esports-champions-tour-2024-americas-stage-1-ubsf
G2 Esports,G2,2,Bo3,B,win,"[['Icebox', 5, 4, 1], ['Ascent', 8, 2, 6]]",13,6,7,Champions Tour 2024: Americas Stage 1,Playoffs: Upper Semifinals,"['G2 leaf', 'G2 JonahP', 'G2 trent', 'G2 valyn', 'G2 icy']",Sunset,Breeze,Ascent,Lotus,-,Icebox,Ascent,-,-,-,https://www.vlr.gg/337409/kr-esports-vs-g2-esports-champions-tour-2024-americas-stage-1-ubsf
LEVIATÁN,LEV,1,Bo3,B,loss,"[['Bind', 3, 3, 0], ['Sunset', 14, 8, 4], ['Icebox', 10, 6, 4]]",27,17,8,Champions Tour 2024: Americas Stage 1,Playoffs: Upper Semifinals,"['LEV aspas', 'LEV Mazino', 'LEV kiNgg', 'LEV tex', 'LEV C0M']",Split,Ascent,Sunset,Icebox,-,Bind,Sunset,Icebox,-,-,https://www.vlr.gg/337410/leviat-n-vs-100-thieves-champions-tour-2024-americas-stage-1-ubsf
100 Thieves,100T,2,Bo3,A,win,"[['Bind', 13, 4, 9], ['Sunset', 12, 8, 4], ['Icebox', 13, 7, 6]]",38,19,19,Champions Tour 2024: Americas Stage 1,Playoffs: Upper Semifinals,"['100T Cryocells', '100T eeiu', '100T Asuna', '100T Boostio', '100T bang']",Lotus,Breeze,Bind,Icebox,-,Bind,Sunset,Icebox,-,-,https://www.vlr.gg/337410/leviat-n-vs-100-thieves-champions-tour-2024-americas-stage-1-ubsf
G2 Esports,G2,1,Bo3,A,loss,"[['Ascent', 13, 6, 7], ['Bind', 8, 6, 2], ['Split', 13, 4, 9]]",34,16,18,Champions Tour 2024: Americas Stage 1,Playoffs: Upper Final,"['G2 valyn', 'G2 leaf', 'G2 trent', 'G2 icy', 'G2 JonahP']",Sunset,Breeze,Ascent,Split,-,Ascent,Bind,Split,-,-,https://www.vlr.gg/337411/g2-esports-vs-100-thieves-champions-tour-2024-americas-stage-1-ubf
100 Thieves,100T,2,Bo3,B,win,"[['Ascent', 5, 5, 0], ['Bind', 13, 7, 6], ['Split', 11, 3, 8]]",29,15,14,Champions Tour 2024: Americas Stage 1,Playoffs: Upper Final,"['100T eeiu', '100T bang', '100T Cryocells', '100T Asuna', '100T Boostio']",Lotus,Icebox,Bind,Split,-,Ascent,Bind,Split,-,-,https://www.vlr.gg/337411/g2-esports-vs-100-thieves-champions-tour-2024-americas-stage-1-ubf
KRÜ Esports,KRÜ,1,Bo3,B,loss,"[['Lotus', 13, 7, 6], ['Icebox', 11, 4, 7], ['Sunset', 8, 7, 1]]",32,18,14,Champions Tour 2024: Americas Stage 1,Playoffs: Lower Round 1,"['KRÜ keznit', 'KRÜ Shyy', 'KRÜ heat', 'KRÜ Klaus', 'KRÜ Melser']",Bind,Breeze,Icebox,Sunset,-,Lotus,Icebox,Sunset,-,-,https://www.vlr.gg/337413/kr-esports-vs-leviat-n-champions-tour-2024-americas-stage-1-lr1
LEVIATÁN,LEV,2,Bo3,A,win,"[['Lotus', 6, 1, 5], ['Icebox', 13, 5, 8], ['Sunset', 13, 8, 5]]",32,14,18,Champions Tour 2024: Americas Stage 1,Playoffs: Lower Round 1,"['LEV aspas', 'LEV tex', 'LEV Mazino', 'LEV C0M', 'LEV kiNgg']",Split,Ascent,Lotus,Sunset,-,Lotus,Icebox,Sunset,-,-,https://www.vlr.gg/337413/kr-esports-vs-leviat-n-champions-tour-2024-americas-stage-1-lr1
G2 Esports,G2,3,Bo5,A,win,"[['Bind', 14, 6, 6], ['Breeze', 7, 3, 4], ['Icebox', 14, 6, 6], ['Lotus', 10, 6, 4], ['Ascent', 11, 4, 7]]",56,25,27,Champions Tour 2024: Americas Stage 1,Playoffs: Lower Final,"['G2 valyn', 'G2 trent', 'G2 leaf', 'G2 JonahP', 'G2 icy']",Sunset,-,Bind,Icebox,Ascent,Bind,Breeze,Icebox,Lotus,Ascent,https://www.vlr.gg/337414/g2-esports-vs-leviat-n-champions-tour-2024-americas-stage-1-lbf
LEVIATÁN,LEV,2,Bo5,B,loss,"[['Bind', 12, 6, 6], ['Breeze', 13, 4, 9], ['Icebox', 12, 6, 6], ['Lotus', 13, 8, 5], ['Ascent', 13, 5, 8]]",63,29,34,Champions Tour 2024: Americas Stage 1,Playoffs: Lower Final,"['LEV aspas', 'LEV kiNgg', 'LEV C0M', 'LEV Mazino', 'LEV tex']",Split,-,Breeze,Lotus,Ascent,Bind,Breeze,Icebox,Lotus,Ascent,https://www.vlr.gg/337414/g2-esports-vs-leviat-n-champions-tour-2024-americas-stage-1-lbf
100 Thieves,100T,3,Bo5,A,win,"[['Bind', 9, 1, 8], ['Breeze', 7, 6, 1], ['Sunset', 8, 4, 4]]",24,11,13,Champions Tour 2024: Americas Stage 1,Playoffs: Grand Final,"['100T bang', '100T Boostio', '100T eeiu', '100T Asuna', '100T Cryocells']",Lotus,Icebox,Bind,Sunset,Split,Bind,Breeze,Sunset,-,-,https://www.vlr.gg/337412/100-thieves-vs-g2-esports-champions-tour-2024-americas-stage-1-gf
G2 Esports,G2,0,Bo5,B,loss,"[['Bind', 13, 4, 9], ['Breeze', 13, 7, 6], ['Sunset', 13, 5, 8]]",39,16,23,Champions Tour 2024: Americas Stage 1,Playoffs: Grand Final,"['G2 valyn', 'G2 icy', 'G2 leaf', 'G2 JonahP', 'G2 trent']",-,-,Breeze,Ascent,Split,Bind,Breeze,Sunset,-,-,https://www.vlr.gg/337412/100-thieves-vs-g2-esports-champions-tour-2024-americas-stage-1-gf
Karmine Corp,KC,2,Bo3,B,win,"[['Breeze', 13, 4, 9], ['Sunset', 13, 6, 7]]",26,10,16,Champions Tour 2024: EMEA Stage 1,Regular Season: Week 1,"['KC tomaszy', 'KC sh1n', 'KC N4RRATE', 'KC MAGNUM', 'KC marteen']",Ascent,Icebox,Sunset,Bind,-,Breeze,Sunset,-,-,-,https://www.vlr.gg/318911/karmine-corp-vs-giantx-champions-tour-2024-emea-stage-1-w1
GIANTX,GX,0,Bo3,A,loss,"[['Breeze', 4, 3, 1], ['Sunset', 9, 3, 6]]",13,6,7,Champions Tour 2024: EMEA Stage 1,Regular Season: Week 1,"['GX Cloud', 'GX Fit1nho', 'GX purp0', 'GX hoody', 'GX Redgar']",Lotus,Split,Breeze,Bind,-,Breeze,Sunset,-,-,-,https://www.vlr.gg/318911/karmine-corp-vs-giantx-champions-tour-2024-emea-stage-1-w1
KOI,MKOI,0,Bo3,A,loss,"[['Split', 13, 9, 4], ['Ascent', 13, 8, 5]]",26,17,9,Champions Tour 2024: EMEA Stage 1,Regular Season: Week 1,"['MKOI sheydos', 'MKOI grubinho', 'MKOI ShadoW', 'MKOI kamo', 'MKOI starxo']",Lotus,Bind,Split,Icebox,-,Split,Ascent,-,-,-,https://www.vlr.gg/318913/koi-vs-team-liquid-champions-tour-2024-emea-stage-1-w1
Team Liquid,TL,2,Bo3,B,win,"[['Split', 9, 8, 1], ['Ascent', 7, 3, 4]]",16,11,5,Champions Tour 2024: EMEA Stage 1,Regular Season: Week 1,"['TL Mistic', 'TL nAts', 'TL Enzo', 'TL Jamppi', 'TL keiko']",Breeze,Sunset,Ascent,Icebox,-,Split,Ascent,-,-,-,https://www.vlr.gg/318913/koi-vs-team-liquid-champions-tour-2024-emea-stage-1-w1
Team Vitality,VIT,0,Bo3,B,loss,"[['Bind', 9, 4, 5], ['Lotus', 4, 1, 3]]",13,5,8,Champions Tour 2024: EMEA Stage 1,Regular Season: Week 1,"['VIT runneR', 'VIT Sayf', 'VIT trexx', 'VIT Kicks', 'VIT ceNder']",Ascent,Split,Lotus,Icebox,-,Bind,Lotus,-,-,-,https://www.vlr.gg/318914/team-vitality-vs-natus-vincere-champions-tour-2024-emea-stage-1-w1
Natus Vincere,NAVI,2,Bo3,A,win,"[['Bind', 13, 7, 6], ['Lotus', 13, 9, 4]]",26,16,10,Champions Tour 2024: EMEA Stage 1,Regular Season: Week 1,"['NAVI Shao', 'NAVI ANGE1', 'NAVI SUYGETSU', 'NAVI Zyppan', 'NAVI ardiis']",Sunset,Breeze,Bind,Icebox,-,Bind,Lotus,-,-,-,https://www.vlr.gg/318914/team-vitality-vs-natus-vincere-champions-tour-2024-emea-stage-1-w1
FNATIC,FNC,0,Bo3,A,loss,"[['Icebox', 13, 9, 4], ['Lotus', 17, 7, 5]]",30,16,9,Champions Tour 2024: EMEA Stage 1,Regular Season: Week 1,"['FNC Leo', 'FNC Chronicle', 'FNC Alfajer', 'FNC Derke', 'FNC Boaster']",Sunset,Split,Icebox,Bind,-,Icebox,Lotus,-,-,-,https://www.vlr.gg/318915/fnatic-vs-team-heretics-champions-tour-2024-emea-stage-1-w1
Team Heretics,TH,2,Bo3,B,win,"[['Icebox', 4, 1, 3], ['Lotus', 15, 7, 5]]",19,8,8,Champions Tour 2024: EMEA Stage 1,Regular Season: Week 1,"['TH benjyfishy', 'TH Boo', 'TH RieNs', 'TH MiniBoo', 'TH paTiTek']",Ascent,Breeze,Lotus,Bind,-,Icebox,Lotus,-,-,-,https://www.vlr.gg/318915/fnatic-vs-team-heretics-champions-tour-2024-emea-stage-1-w1
Team Liquid,TL,0,Bo3,B,loss,"[['Split', 5, 3, 2], ['Icebox', 8, 4, 4]]",13,7,6,Champions Tour 2024: EMEA Stage 1,Regular Season: Week 1,"['TL keiko', 'TL Jamppi', 'TL Enzo', 'TL nAts', 'TL Mistic']",Bind,Sunset,Icebox,Lotus,-,Split,Icebox,-,-,-,https://www.vlr.gg/318916/team-liquid-vs-fut-esports-champions-tour-2024-emea-stage-1-w1
FUT Esports,FUT,2,Bo3,A,win,"[['Split', 13, 10, 3], ['Icebox', 13, 5, 8]]",26,15,11,Champions Tour 2024: EMEA Stage 1,Regular Season: Week 1,"['FUT qRaxs', 'FUT MrFaliN', 'FUT yetujey', 'FUT cNed', 'FUT AtaKaptan']",Breeze,Ascent,Split,Lotus,-,Split,Icebox,-,-,-,https://www.vlr.gg/318916/team-liquid-vs-fut-esports-champions-tour-2024-emea-stage-1-w1
BBL Esports,BBL,0,Bo3,A,loss,"[['Ascent', 13, 8, 5], ['Sunset', 13, 6, 7]]",26,14,12,Champions Tour 2024: EMEA Stage 1,Regular Season: Week 1,"['BBL Elite', 'BBL pAura', 'BBL QutionerX', 'BBL reazy', 'BBL Brave']",Lotus,Breeze,Ascent,Icebox,-,Ascent,Sunset,-,-,-,https://www.vlr.gg/318917/bbl-esports-vs-gentle-mates-champions-tour-2024-emea-stage-1-w1
Gentle Mates,M8,2,Bo3,B,win,"[['Ascent', 7, 3, 4], ['Sunset', 11, 5, 6]]",18,8,10,Champions Tour 2024: EMEA Stage 1,Regular Season: Week 1,"['M8 beyAz', 'M8 nataNk', 'M8 TakaS', 'M8 Wailers', 'M8 logaN']",Bind,Split,Sunset,Icebox,-,Ascent,Sunset,-,-,-,https://www.vlr.gg/318917/bbl-esports-vs-gentle-mates-champions-tour-2024-emea-stage-1-w1
Karmine Corp,KC,1,Bo3,B,loss,"[['Bind', 13, 7, 6], ['Lotus', 8, 5, 3], ['Breeze', 7, 1, 6]]",28,13,15,Champions Tour 2024: EMEA Stage 1,Regular Season: Week 2,"['KC sh1n', 'KC marteen', 'KC N4RRATE', 'KC MAGNUM', 'KC tomaszy']",Ascent,Icebox,Lotus,Breeze,-,Bind,Lotus,Breeze,-,-,https://www.vlr.gg/318918/karmine-corp-vs-fut-esports-champions-tour-2024-emea-stage-1-w2
FUT Esports,FUT,2,Bo3,A,win,"[['Bind', 11, 6, 5], ['Lotus', 13, 9, 4], ['Breeze', 13, 6, 7]]",37,21,16,Champions Tour 2024: EMEA Stage 1,Regular Season: Week 2,"['FUT cNed', 'FUT yetujey', 'FUT MrFaliN', 'FUT qRaxs', 'FUT AtaKaptan']",Sunset,Split,Bind,Breeze,-,Bind,Lotus,Breeze,-,-,https://www.vlr.gg/318918/karmine-corp-vs-fut-esports-champions-tour-2024-emea-stage-1-w2
Team Vitality,VIT,2,Bo3,A,win,"[['Breeze', 9, 6, 3], ['Sunset', 13, 6, 7], ['Icebox', 9, 5, 4]]",31,17,14,Champions Tour 2024: EMEA Stage 1,Regular Season: Week 2,"['VIT Kicks', 'VIT ceNder', 'VIT runneR', 'VIT trexx', 'VIT Sayf']",Lotus,Bind,Breeze,Icebox,-,Breeze,Sunset,Icebox,-,-,https://www.vlr.gg/318919/team-vitality-vs-team-heretics-champions-tour-2024-emea-stage-1-w2
Team Heretics,TH,1,Bo3,B,loss,"[['Breeze', 13, 7, 6], ['Sunset', 11, 5, 6], ['Icebox', 13, 8, 5]]",37,20,17,Champions Tour 2024: EMEA Stage 1,Regular Season: Week 2,"['TH MiniBoo', 'TH RieNs', 'TH benjyfishy', 'TH paTiTek', 'TH Boo']",Ascent,Split,Sunset,Icebox,-,Breeze,Sunset,Icebox,-,-,https://www.vlr.gg/318919/team-vitality-vs-team-heretics-champions-tour-2024-emea-stage-1-w2
Team Liquid,TL,1,Bo3,A,loss,"[['Lotus', 10, 4, 6], ['Split', 13, 11, 2], ['Ascent', 13, 9, 4]]",36,24,12,Champions Tour 2024: EMEA Stage 1,Regular Season: Week 2,"['TL nAts', 'TL keiko', 'TL Enzo', 'TL Jamppi', 'TL Mistic']",Breeze,Bind,Lotus,Ascent,-,Lotus,Split,Ascent,-,-,https://www.vlr.gg/318920/team-liquid-vs-natus-vincere-champions-tour-2024-emea-stage-1-w2
Natus Vincere,NAVI,2,Bo3,B,win,"[['Lotus', 13, 5, 8], ['Split', 11, 10, 1], ['Ascent', 5, 2, 3]]",29,17,12,Champions Tour 2024: EMEA Stage 1,Regular Season: Week 2,"['NAVI Shao', 'NAVI SUYGETSU', 'NAVI Zyppan', 'NAVI ardiis', 'NAVI ANGE1']",Sunset,Icebox,Split,Ascent,-,Lotus,Split,Ascent,-,-,https://www.vlr.gg/318920/team-liquid-vs-natus-vincere-champions-tour-2024-emea-stage-1-w2
BBL Esports,BBL,2,Bo3,B,win,"[['Breeze', 13, 4, 9], ['Icebox', 13, 4, 9]]",26,8,18,Champions Tour 2024: EMEA Stage 1,Regular Season: Week 2,"['BBL Elite', 'BBL reazy', 'BBL Brave', 'BBL pAura', 'BBL QutionerX']",Bind,Sunset,Icebox,Ascent,-,Breeze,Icebox,-,-,-,https://www.vlr.gg/318921/bbl-esports-vs-koi-champions-tour-2024-emea-stage-1-w2
KOI,MKOI,0,Bo3,A,loss,"[['Breeze', 4, 3, 1], ['Icebox', 3, 3, 0]]",7,6,1,Champions Tour 2024: EMEA Stage 1,Regular Season: Week 2,"['MKOI sheydos', 'MKOI grubinho', 'MKOI starxo', 'MKOI ShadoW', 'MKOI kamo']",Split,Lotus,Breeze,Ascent,-,Breeze,Icebox,-,-,-,https://www.vlr.gg/318921/bbl-esports-vs-koi-champions-tour-2024-emea-stage-1-w2
FNATIC,FNC,2,Bo3,B,win,"[['Bind', 13, 7, 6], ['Breeze', 5, 4, 1], ['Split', 13, 9, 4]]",31,20,11,Champions Tour 2024: EMEA Stage 1,Regular Season: Week 2,"['FNC Alfajer', 'FNC Leo', 'FNC Chronicle', 'FNC Boaster', 'FNC Derke']",Sunset,Icebox,Breeze,Split,-,Bind,Breeze,Split,-,-,https://www.vlr.gg/318922/fnatic-vs-giantx-champions-tour-2024-emea-stage-1-w2
GIANTX,GX,1,Bo3,A,loss,"[['Bind', 5, 0, 5], ['Breeze', 13, 5, 8], ['Split', 7, 4, 3]]",25,9,16,Champions Tour 2024: EMEA Stage 1,Regular Season: Week 2,"['GX purp0', 'GX hoody', 'GX Fit1nho', 'GX Redgar', 'GX Cloud']",Lotus,Ascent,Bind,Split,-,Bind,Breeze,Split,-,-,https://www.vlr.gg/318922/fnatic-vs-giantx-champions-tour-2024-emea-stage-1-w2
Karmine Corp,KC,2,Bo3,A,win,"[['Split', 6, 3, 3], ['Icebox', 6, 2, 4]]",12,5,7,Champions Tour 2024: EMEA Stage 1,Regular Season: Week 2,"['KC N4RRATE', 'KC tomaszy', 'KC MAGNUM', 'KC marteen', 'KC sh1n']",Ascent,Breeze,Split,Sunset,-,Split,Icebox,-,-,-,https://www.vlr.gg/318923/karmine-corp-vs-gentle-mates-champions-tour-2024-emea-stage-1-w2
Gentle Mates,M8,0,Bo3,B,loss,"[['Split', 13, 4, 9], ['Icebox', 13, 3, 10]]",26,7,19,Champions Tour 2024: EMEA Stage 1,Regular Season: Week 2,"['M8 logaN', 'M8 nataNk', 'M8 TakaS', 'M8 Wailers', 'M8 beyAz']",Bind,Lotus,Icebox,Sunset,-,Split,Icebox,-,-,-,https://www.vlr.gg/318923/karmine-corp-vs-gentle-mates-champions-tour-2024-emea-stage-1-w2
Gentle Mates,M8,0,Bo3,A,loss,"[['Breeze', 13, 4, 9], ['Lotus', 13, 5, 8]]",26,9,17,Champions Tour 2024: EMEA Stage 1,Regular Season: Week 3,"['M8 nataNk', 'M8 logaN', 'M8 beyAz', 'M8 Wailers', 'M8 TakaS']",Bind,Icebox,Breeze,Split,-,Breeze,Lotus,-,-,-,https://www.vlr.gg/318924/gentle-mates-vs-fnatic-champions-tour-2024-emea-stage-1-w3
FNATIC,FNC,2,Bo3,B,win,"[['Breeze', 6, 3, 3], ['Lotus', 4, 4, 0]]",10,7,3,Champions Tour 2024: EMEA Stage 1,Regular Season: Week 3,"['FNC Chronicle', 'FNC Derke', 'FNC Leo', 'FNC Boaster', 'FNC Alfajer']",Sunset,Ascent,Lotus,Split,-,Breeze,Lotus,-,-,-,https://www.vlr.gg/318924/gentle-mates-vs-fnatic-champions-tour-2024-emea-stage-1-w3
Karmine Corp,KC,1,Bo3,B,loss,"[['Bind', 13, 8, 5], ['Sunset', 7, 2, 5], ['Split', 6, 3, 3]]",26,13,13,Champions Tour 2024: EMEA Stage 1,Regular Season: Week 3,"['KC tomaszy', 'KC marteen', 'KC N4RRATE', 'KC MAGNUM', 'KC sh1n']",Ascent,Icebox,Sunset,Split,-,Bind,Sunset,Split,-,-,https://www.vlr.gg/318925/karmine-corp-vs-natus-vincere-champions-tour-2024-emea-stage-1-w3
Natus Vincere,NAVI,2,Bo3,A,win,"[['Bind', 7, 3, 4], ['Sunset', 13, 7, 6], ['Split', 13, 4, 9]]",33,14,19,Champions Tour 2024: EMEA Stage 1,Regular Season: Week 3,"['NAVI ardiis', 'NAVI SUYGETSU', 'NAVI Shao', 'NAVI ANGE1', 'NAVI Zyppan']",Breeze,Lotus,Bind,Split,-,Bind,Sunset,Split,-,-,https://www.vlr.gg/318925/karmine-corp-vs-natus-vincere-champions-tour-2024-emea-stage-1-w3
BBL Esports,BBL,2,Bo3,A,win,"[['Split', 7, 2, 5], ['Sunset', 10, 6, 4]]",17,8,9,Champions Tour 2024: EMEA Stage 1,Regular Season: Week 3,"['BBL QutionerX', 'BBL Elite', 'BBL reazy', 'BBL Brave', 'BBL pAura']",Lotus,Bind,Split,Icebox,-,Split,Sunset,-,-,-,https://www.vlr.gg/318926/bbl-esports-vs-team-heretics-champions-tour-2024-emea-stage-1-w3
Team Heretics,TH,0,Bo3,B,loss,"[['Split', 13, 7, 6], ['Sunset', 13, 7, 6]]",26,14,12,Champions Tour 2024: EMEA Stage 1,Regular Season: Week 3,"['TH benjyfishy', 'TH paTiTek', 'TH Boo', 'TH RieNs', 'TH MiniBoo']",Ascent,Breeze,Sunset,Icebox,-,Split,Sunset,-,-,-,https://www.vlr.gg/318926/bbl-esports-vs-team-heretics-champions-tour-2024-emea-stage-1-w3
Team Vitality,VIT,2,Bo3,B,win,"[['Ascent', 7, 3, 4], ['Icebox', 13, 7, 6], ['Sunset', 13, 6, 7]]",33,16,17,Champions Tour 2024: EMEA Stage 1,Regular Season: Week 3,"['VIT trexx', 'VIT Sayf', 'VIT ceNder', 'VIT runneR', 'VIT Kicks']",Bind,Split,Icebox,Sunset,-,Ascent,Icebox,Sunset,-,-,https://www.vlr.gg/318927/team-vitality-vs-fut-esports-champions-tour-2024-emea-stage-1-w3
FUT Esports,FUT,1,Bo3,A,loss,"[['Ascent', 13, 8, 5], ['Icebox', 9, 6, 3], ['Sunset', 9, 3, 6]]",31,17,14,Champions Tour 2024: EMEA Stage 1,Regular Season: Week 3,"['FUT cNed', 'FUT qRaxs', 'FUT MrFaliN', 'FUT yetujey', 'FUT AtaKaptan']",Breeze,Lotus,Ascent,Sunset,-,Ascent,Icebox,Sunset,-,-,https://www.vlr.gg/318927/team-vitality-vs-fut-esports-champions-tour-2024-emea-stage-1-w3
Team Liquid,TL,2,Bo3,B,win,"[['Lotus', 14, 7, 5], ['Icebox', 13, 9, 4], ['Ascent', 13, 4, 9]]",40,20,18,Champions Tour 2024: EMEA Stage 1,Regular Season: Week 3,"['TL Enzo', 'TL keiko', 'TL Mistic', 'TL Jamppi', 'TL nAts']",Breeze,Bind,Icebox,Ascent,-,Lotus,Icebox,Ascent,-,-,https://www.vlr.gg/318928/team-liquid-vs-giantx-champions-tour-2024-emea-stage-1-w3
GIANTX,GX,1,Bo3,A,loss,"[['Lotus', 16, 7, 5], ['Icebox', 7, 4, 3], ['Ascent', 11, 3, 8]]",34,14,16,Champions Tour 2024: EMEA Stage 1,Regular Season: Week 3,"['GX Fit1nho', 'GX hoody', 'GX Cloud', 'GX Redgar', 'GX purp0']",Split,Sunset,Lotus,Ascent,-,Lotus,Icebox,Ascent,-,-,https://www.vlr.gg/318928/team-liquid-vs-giantx-champions-tour-2024-emea-stage-1-w3
FNATIC,FNC,2,Bo3,A,win,"[['Bind', 11, 9, 2], ['Icebox', 4, 0, 4]]",15,9,6,Champions Tour 2024: EMEA Stage 1,Regular Season: Week 3,"['FNC Leo', 'FNC Derke', 'FNC Chronicle', 'FNC Alfajer', 'FNC Boaster']",Sunset,Split,Bind,Breeze,-,Bind,Icebox,-,-,-,https://www.vlr.gg/318929/fnatic-vs-koi-champions-tour-2024-emea-stage-1-w3
KOI,MKOI,0,Bo3,B,loss,"[['Bind', 13, 10, 3], ['Icebox', 13, 8, 5]]",26,18,8,Champions Tour 2024: EMEA Stage 1,Regular Season: Week 3,"['MKOI grubinho', 'MKOI starxo', 'MKOI sheydos', 'MKOI ShadoW', 'MKOI kamo']",Lotus,Ascent,Icebox,Breeze,-,Bind,Icebox,-,-,-,https://www.vlr.gg/318929/fnatic-vs-koi-champions-tour-2024-emea-stage-1-w3
Team Liquid,TL,0,Bo3,B,loss,"[['Sunset', 2, 0, 2], ['Bind', 7, 5, 2]]",9,5,4,Champions Tour 2024: EMEA Stage 1,Regular Season: Week 4,"['TL nAts', 'TL keiko', 'TL Mistic', 'TL Jamppi', 'TL Enzo']",Breeze,Icebox,Bind,Lotus,-,Sunset,Bind,-,-,-,https://www.vlr.gg/318930/team-liquid-vs-team-heretics-champions-tour-2024-emea-stage-1-w4
Team Heretics,TH,2,Bo3,A,win,"[['Sunset', 13, 10, 3], ['Bind', 13, 6, 7]]",26,16,10,Champions Tour 2024: EMEA Stage 1,Regular Season: Week 4,"['TH Wo0t', 'TH MiniBoo', 'TH benjyfishy', 'TH Boo', 'TH RieNs']",Split,Ascent,Sunset,Lotus,-,Sunset,Bind,-,-,-,https://www.vlr.gg/318930/team-liquid-vs-team-heretics-champions-tour-2024-emea-stage-1-w4
Team Vitality,VIT,0,Bo3,A,loss,"[['Icebox', 13, 5, 8], ['Sunset', 13, 3, 10]]",26,8,18,Champions Tour 2024: EMEA Stage 1,Regular Season: Week 4,"['VIT Sayf', 'VIT trexx', 'VIT ceNder', 'VIT runneR', 'VIT Kicks']",Ascent,Lotus,Icebox,Breeze,-,Icebox,Sunset,-,-,-,https://www.vlr.gg/318931/team-vitality-vs-gentle-mates-champions-tour-2024-emea-stage-1-w4
Gentle Mates,M8,2,Bo3,B,win,"[['Icebox', 5, 4, 1], ['Sunset', 5, 2, 3]]",10,6,4,Champions Tour 2024: EMEA Stage 1,Regular Season: Week 4,"['M8 logaN', 'M8 nataNk', 'M8 Wailers', 'M8 TakaS', 'M8 beyAz']",Bind,Split,Sunset,Breeze,-,Icebox,Sunset,-,-,-,https://www.vlr.gg/318931/team-vitality-vs-gentle-mates-champions-tour-2024-emea-stage-1-w4
FNATIC,FNC,0,Bo3,B,loss,"[['Split', 7, 5, 2], ['Lotus', 13, 6, 6]]",20,11,8,Champions Tour 2024: EMEA Stage 1,Regular Season: Week 4,"['FNC Chronicle', 'FNC Derke', 'FNC Leo', 'FNC Alfajer', 'FNC Boaster']",Sunset,Ascent,Lotus,Bind,-,Split,Lotus,-,-,-,https://www.vlr.gg/318932/fnatic-vs-fut-esports-champions-tour-2024-emea-stage-1-w4
FUT Esports,FUT,2,Bo3,A,win,"[['Split', 13, 6, 7], ['Lotus', 15, 6, 6]]",28,12,13,Champions Tour 2024: EMEA Stage 1,Regular Season: Week 4,"['FUT cNed', 'FUT qRaxs', 'FUT AtaKaptan', 'FUT MrFaliN', 'FUT yetujey']",Breeze,Icebox,Split,Bind,-,Split,Lotus,-,-,-,https://www.vlr.gg/318932/fnatic-vs-fut-esports-champions-tour-2024-emea-stage-1-w4
BBL Esports,BBL,2,Bo3,B,win,"[['Ascent', 8, 3, 5], ['Sunset', 13, 5, 8], ['Split', 13, 6, 7]]",34,14,20,Champions Tour 2024: EMEA Stage 1,Regular Season: Week 4,"['BBL Brave', 'BBL Elite', 'BBL pAura', 'BBL QutionerX', 'BBL reazy']",Breeze,Bind,Sunset,Split,-,Ascent,Sunset,Split,-,-,https://www.vlr.gg/318933/bbl-esports-vs-natus-vincere-champions-tour-2024-emea-stage-1-w4
Natus Vincere,NAVI,1,Bo3,A,loss,"[['Ascent', 13, 7, 6], ['Sunset', 8, 4, 4], ['Split', 9, 3, 6]]",30,14,16,Champions Tour 2024: EMEA Stage 1,Regular Season: Week 4,"['NAVI Shao', 'NAVI Zyppan', 'NAVI ANGE1', 'NAVI SUYGETSU', 'NAVI ardiis']",Icebox,Lotus,Ascent,Split,-,Ascent,Sunset,Split,-,-,https://www.vlr.gg/318933/bbl-esports-vs-natus-vincere-champions-tour-2024-emea-stage-1-w4
Team Vitality,VIT,2,Bo3,B,win,"[['Lotus', 14, 7, 5], ['Breeze', 13, 9, 4], ['Sunset', 13, 7, 6]]",40,23,15,Champions Tour 2024: EMEA Stage 1,Regular Season: Week 4,"['VIT Sayf', 'VIT runneR', 'VIT trexx', 'VIT Kicks', 'VIT ceNder']",Ascent,Split,Breeze,Sunset,-,Lotus,Breeze,Sunset,-,-,https://www.vlr.gg/318934/team-vitality-vs-giantx-champions-tour-2024-emea-stage-1-w4
GIANTX,GX,1,Bo3,A,loss,"[['Lotus', 16, 7, 5], ['Breeze', 7, 4, 3], ['Sunset', 6, 1, 5]]",29,12,13,Champions Tour 2024: EMEA Stage 1,Regular Season: Week 4,"['GX Cloud', 'GX purp0', 'GX Redgar', 'GX Fit1nho', 'GX hoody']",Bind,Icebox,Lotus,Sunset,-,Lotus,Breeze,Sunset,-,-,https://www.vlr.gg/318934/team-vitality-vs-giantx-champions-tour-2024-emea-stage-1-w4
Karmine Corp,KC,2,Bo3,B,win,"[['Sunset', 13, 8, 5], ['Icebox', 7, 4, 3], ['Bind', 15, 4, 8]]",35,16,16,Champions Tour 2024: EMEA Stage 1,Regular Season: Week 4,"['KC N4RRATE', 'KC tomaszy', 'KC marteen', 'KC MAGNUM', 'KC sh1n']",Ascent,Breeze,Icebox,Bind,-,Sunset,Icebox,Bind,-,-,https://www.vlr.gg/318935/karmine-corp-vs-koi-champions-tour-2024-emea-stage-1-w4
KOI,MKOI,1,Bo3,A,loss,"[['Sunset', 7, 3, 4], ['Icebox', 13, 9, 4], ['Bind', 13, 4, 8]]",33,16,16,Champions Tour 2024: EMEA Stage 1,Regular Season: Week 4,"['MKOI starxo', 'MKOI kamo', 'MKOI sheydos', 'MKOI grubinho', 'MKOI ShadoW']",Lotus,Split,Sunset,Bind,-,Sunset,Icebox,Bind,-,-,https://www.vlr.gg/318935/karmine-corp-vs-koi-champions-tour-2024-emea-stage-1-w4
BBL Esports,BBL,0,Bo3,B,loss,"[['Bind', 6, 1, 5], ['Sunset', 11, 5, 6]]",17,6,11,Champions Tour 2024: EMEA Stage 1,Regular Season: Week 5,"['BBL Elite', 'BBL Brave', 'BBL QutionerX', 'BBL pAura', 'BBL reazy']",Lotus,Breeze,Sunset,Split,-,Bind,Sunset,-,-,-,https://www.vlr.gg/318936/bbl-esports-vs-giantx-champions-tour-2024-emea-stage-1-w5
GIANTX,GX,2,Bo3,A,win,"[['Bind', 13, 7, 6], ['Sunset', 13, 6, 7]]",26,13,13,Champions Tour 2024: EMEA Stage 1,Regular Season: Week 5,"['GX hoody', 'GX purp0', 'GX Redgar', 'GX Cloud', 'GX Fit1nho']",Icebox,Ascent,Bind,Split,-,Bind,Sunset,-,-,-,https://www.vlr.gg/318936/bbl-esports-vs-giantx-champions-tour-2024-emea-stage-1-w5
Karmine Corp,KC,1,Bo3,A,loss,"[['Icebox', 14, 6, 6], ['Lotus', 5, 3, 2], ['Bind', 13, 9, 4]]",32,18,12,Champions Tour 2024: EMEA Stage 1,Regular Season: Week 5,"['KC tomaszy', 'KC marteen', 'KC N4RRATE', 'KC MAGNUM', 'KC sh1n']",Sunset,Ascent,Icebox,Bind,-,Icebox,Lotus,Bind,-,-,https://www.vlr.gg/318937/karmine-corp-vs-team-heretics-champions-tour-2024-emea-stage-1-w5
Team Heretics,TH,2,Bo3,B,win,"[['Icebox', 12, 6, 6], ['Lotus', 13, 10, 3], ['Bind', 9, 8, 1]]",34,24,10,Champions Tour 2024: EMEA Stage 1,Regular Season: Week 5,"['TH benjyfishy', 'TH Wo0t', 'TH Boo', 'TH MiniBoo', 'TH RieNs']",Split,Breeze,Lotus,Bind,-,Icebox,Lotus,Bind,-,-,https://www.vlr.gg/318937/karmine-corp-vs-team-heretics-champions-tour-2024-emea-stage-1-w5
Team Vitality,VIT,1,Bo3,B,loss,"[['Split', 5, 5, 0], ['Breeze', 13, 6, 7], ['Icebox', 4, 3, 1]]",22,14,8,Champions Tour 2024: EMEA Stage 1,Regular Season: Week 5,"['VIT trexx', 'VIT Sayf', 'VIT Kicks', 'VIT ceNder', 'VIT runneR']",Bind,Ascent,Breeze,Icebox,-,Split,Breeze,Icebox,-,-,https://www.vlr.gg/318938/team-vitality-vs-koi-champions-tour-2024-emea-stage-1-w5
KOI,MKOI,2,Bo3,A,win,"[['Split', 13, 6, 7], ['Breeze', 7, 1, 6], ['Icebox', 13, 4, 9]]",33,11,22,Champions Tour 2024: EMEA Stage 1,Regular Season: Week 5,"['MKOI ShadoW', 'MKOI grubinho', 'MKOI sheydos', 'MKOI kamo', 'MKOI starxo']",Lotus,Sunset,Split,Icebox,-,Split,Breeze,Icebox,-,-,https://www.vlr.gg/318938/team-vitality-vs-koi-champions-tour-2024-emea-stage-1-w5
Natus Vincere,NAVI,2,Bo3,B,win,"[['Breeze', 6, 5, 1], ['Ascent', 13, 9, 4], ['Bind', 13, 4, 9]]",32,18,14,Champions Tour 2024: EMEA Stage 1,Regular Season: Week 5,"['NAVI ardiis', 'NAVI SUYGETSU', 'NAVI Shao', 'NAVI Zyppan', 'NAVI ANGE1']",Icebox,Lotus,Ascent,Bind,-,Breeze,Ascent,Bind,-,-,https://www.vlr.gg/318939/natus-vincere-vs-fnatic-champions-tour-2024-emea-stage-1-w5
FNATIC,FNC,1,Bo3,A,loss,"[['Breeze', 13, 6, 7], ['Ascent', 8, 5, 3], ['Bind', 3, 3, 0]]",24,14,10,Champions Tour 2024: EMEA Stage 1,Regular Season: Week 5,"['FNC Alfajer', 'FNC Derke', 'FNC Chronicle', 'FNC Leo', 'FNC Boaster']",Sunset,Split,Breeze,Bind,-,Breeze,Ascent,Bind,-,-,https://www.vlr.gg/318939/natus-vincere-vs-fnatic-champions-tour-2024-emea-stage-1-w5
Team Liquid,TL,2,Bo3,A,win,"[['Lotus', 4, 0, 4], ['Icebox', 2, 0, 2]]",6,0,6,Champions Tour 2024: EMEA Stage 1,Regular Season: Week 5,"['TL nAts', 'TL Enzo', 'TL keiko', 'TL Jamppi', 'TL Mistic']",Breeze,Split,Lotus,Sunset,-,Lotus,Icebox,-,-,-,https://www.vlr.gg/318940/team-liquid-vs-gentle-mates-champions-tour-2024-emea-stage-1-w5
Gentle Mates,M8,0,Bo3,B,loss,"[['Lotus', 13, 8, 5], ['Icebox', 13, 10, 3]]",26,18,8,Champions Tour 2024: EMEA Stage 1,Regular Season: Week 5,"['M8 TakaS', 'M8 beyAz', 'M8 logaN', 'M8 nataNk', 'M8 Wailers']",Bind,Ascent,Icebox,Sunset,-,Lotus,Icebox,-,-,-,https://www.vlr.gg/318940/team-liquid-vs-gentle-mates-champions-tour-2024-emea-stage-1-w5
BBL Esports,BBL,0,Bo3,B,loss,"[['Bind', 9, 4, 5], ['Icebox', 6, 3, 3]]",15,7,8,Champions Tour 2024: EMEA Stage 1,Regular Season: Week 5,"['BBL QutionerX', 'BBL Elite', 'BBL reazy', 'BBL Brave', 'BBL pAura']",Lotus,Split,Icebox,Ascent,-,Bind,Icebox,-,-,-,https://www.vlr.gg/318941/bbl-esports-vs-fut-esports-champions-tour-2024-emea-stage-1-w5
FUT Esports,FUT,2,Bo3,A,win,"[['Bind', 13, 5, 8], ['Icebox', 13, 9, 4]]",26,14,12,Champions Tour 2024: EMEA Stage 1,Regular Season: Week 5,"['FUT qRaxs', 'FUT cNed', 'FUT yetujey', 'FUT AtaKaptan', 'FUT MrFaliN']",Sunset,Breeze,Bind,Ascent,-,Bind,Icebox,-,-,-,https://www.vlr.gg/318941/bbl-esports-vs-fut-esports-champions-tour-2024-emea-stage-1-w5
FNATIC,FNC,2,Bo3,B,win,"[['Ascent', 13, 3, 10], ['Icebox', 12, 5, 7], ['Lotus', 13, 2, 11]]",38,10,28,Champions Tour 2024: EMEA Stage 1,Playoffs: Knockout Round,"['FNC Leo', 'FNC Alfajer', 'FNC Chronicle', 'FNC Derke', 'FNC Boaster']",Sunset,Bind,Icebox,Lotus,-,Ascent,Icebox,Lotus,-,-,https://www.vlr.gg/341816/fnatic-vs-team-liquid-champions-tour-2024-emea-stage-1-knockout
Team Liquid,TL,1,Bo3,A,loss,"[['Ascent', 11, 2, 9], ['Icebox', 14, 5, 7], ['Lotus', 5, 1, 4]]",30,8,20,Champions Tour 2024: EMEA Stage 1,Playoffs: Knockout Round,"['TL keiko', 'TL Mistic', 'TL nAts', 'TL Jamppi', 'TL Enzo']",Breeze,Split,Ascent,Lotus,-,Ascent,Icebox,Lotus,-,-,https://www.vlr.gg/341816/fnatic-vs-team-liquid-champions-tour-2024-emea-stage-1-knockout
Natus Vincere,NAVI,0,Bo3,B,loss,"[['Lotus', 11, 7, 4], ['Split', 9, 6, 3]]",20,13,7,Champions Tour 2024: EMEA Stage 1,Playoffs: Knockout Round,"['NAVI Shao', 'NAVI ardiis', 'NAVI Zyppan', 'NAVI SUYGETSU', 'NAVI ANGE1']",Breeze,Sunset,Split,Bind,-,Lotus,Split,-,-,-,https://www.vlr.gg/341817/natus-vincere-vs-team-heretics-champions-tour-2024-emea-stage-1-knockout
Team Heretics,TH,2,Bo3,A,win,"[['Lotus', 13, 8, 5], ['Split', 13, 7, 6]]",26,15,11,Champions Tour 2024: EMEA Stage 1,Playoffs: Knockout Round,"['TH benjyfishy', 'TH MiniBoo', 'TH Boo', 'TH RieNs', 'TH Wo0t']",Ascent,Icebox,Lotus,Bind,-,Lotus,Split,-,-,-,https://www.vlr.gg/341817/natus-vincere-vs-team-heretics-champions-tour-2024-emea-stage-1-knockout
Karmine Corp,KC,0,Bo3,B,loss,"[['Breeze', 11, 9, 2], ['Bind', 9, 8, 1]]",20,17,3,Champions Tour 2024: EMEA Stage 1,Playoffs: Upper Semifinals,"['KC N4RRATE', 'KC marteen', 'KC MAGNUM', 'KC tomaszy', 'KC sh1n']",Ascent,Icebox,Bind,Lotus,-,Breeze,Bind,-,-,-,https://www.vlr.gg/341818/karmine-corp-vs-fnatic-champions-tour-2024-emea-stage-1-ubsf
FNATIC,FNC,2,Bo3,A,win,"[['Breeze', 13, 10, 3], ['Bind', 13, 9, 4]]",26,19,7,Champions Tour 2024: EMEA Stage 1,Playoffs: Upper Semifinals,"['FNC Leo', 'FNC Derke', 'FNC Alfajer', 'FNC Chronicle', 'FNC Boaster']",Sunset,Split,Breeze,Lotus,-,Breeze,Bind,-,-,-,https://www.vlr.gg/341818/karmine-corp-vs-fnatic-champions-tour-2024-emea-stage-1-ubsf
FUT Esports,FUT,0,Bo3,B,loss,"[['Lotus', 10, 6, 4], ['Split', 13, 5, 7]]",23,11,11,Champions Tour 2024: EMEA Stage 1,Playoffs: Upper Semifinals,"['FUT MrFaliN', 'FUT qRaxs', 'FUT AtaKaptan', 'FUT cNed', 'FUT yetujey']",Breeze,Bind,Split,Sunset,-,Lotus,Split,-,-,-,https://www.vlr.gg/341819/fut-esports-vs-team-heretics-champions-tour-2024-emea-stage-1-ubsf
Team Heretics,TH,2,Bo3,A,win,"[['Lotus', 13, 7, 6], ['Split', 15, 5, 7]]",28,12,13,Champions Tour 2024: EMEA Stage 1,Playoffs: Upper Semifinals,"['TH RieNs', 'TH Wo0t', 'TH MiniBoo', 'TH benjyfishy', 'TH Boo']",Ascent,Icebox,Lotus,Sunset,-,Lotus,Split,-,-,-,https://www.vlr.gg/341819/fut-esports-vs-team-heretics-champions-tour-2024-emea-stage-1-ubsf
FNATIC,FNC,0,Bo3,B,loss,"[['Lotus', 13, 6, 6], ['Breeze', 4, 4, 0]]",17,10,6,Champions Tour 2024: EMEA Stage 1,Playoffs: Upper Final,"['FNC Chronicle', 'FNC Leo', 'FNC Derke', 'FNC Alfajer', 'FNC Boaster']",Sunset,Bind,Breeze,Split,-,Lotus,Breeze,-,-,-,https://www.vlr.gg/341820/fnatic-vs-team-heretics-champions-tour-2024-emea-stage-1-ubf
Team Heretics,TH,2,Bo3,A,win,"[['Lotus', 15, 6, 6], ['Breeze', 13, 5, 8]]",28,11,14,Champions Tour 2024: EMEA Stage 1,Playoffs: Upper Final,"['TH benjyfishy', 'TH Wo0t', 'TH RieNs', 'TH MiniBoo', 'TH Boo']",Ascent,Icebox,Lotus,Split,-,Lotus,Breeze,-,-,-,https://www.vlr.gg/341820/fnatic-vs-team-heretics-champions-tour-2024-emea-stage-1-ubf
Karmine Corp,KC,0,Bo3,A,loss,"[['Icebox', 13, 10, 3], ['Sunset', 13, 5, 8]]",26,15,11,Champions Tour 2024: EMEA Stage 1,Playoffs: Lower Round 1,"['KC marteen', 'KC sh1n', 'KC MAGNUM', 'KC tomaszy', 'KC N4RRATE']",Ascent,Split,Icebox,Lotus,-,Icebox,Sunset,-,-,-,https://www.vlr.gg/341822/karmine-corp-vs-fut-esports-champions-tour-2024-emea-stage-1-lr1
FUT Esports,FUT,2,Bo3,B,win,"[['Icebox', 3, 1, 2], ['Sunset', 10, 4, 6]]",13,5,8,Champions Tour 2024: EMEA Stage 1,Playoffs: Lower Round 1,"['FUT MrFaliN', 'FUT yetujey', 'FUT cNed', 'FUT qRaxs', 'FUT AtaKaptan']",Breeze,Bind,Sunset,Lotus,-,Icebox,Sunset,-,-,-,https://www.vlr.gg/341822/karmine-corp-vs-fut-esports-champions-tour-2024-emea-stage-1-lr1
FNATIC,FNC,3,Bo5,A,win,"[['Icebox', 13, 9, 4], ['Bind', 6, 6, 0], ['Breeze', 11, 6, 5], ['Split', 12, 4, 8]]",42,25,17,Champions Tour 2024: EMEA Stage 1,Playoffs: Lower Final,"['FNC Alfajer', 'FNC Leo', 'FNC Derke', 'FNC Chronicle', 'FNC Boaster']",Sunset,-,Icebox,Breeze,Ascent,Icebox,Bind,Breeze,Split,-,https://www.vlr.gg/341823/fnatic-vs-fut-esports-champions-tour-2024-emea-stage-1-lbf
FUT Esports,FUT,1,Bo5,B,loss,"[['Icebox', 11, 8, 3], ['Bind', 13, 7, 6], ['Breeze', 13, 7, 6], ['Split', 14, 4, 8]]",51,26,23,Champions Tour 2024: EMEA Stage 1,Playoffs: Lower Final,"['FUT cNed', 'FUT qRaxs', 'FUT MrFaliN', 'FUT yetujey', 'FUT AtaKaptan']",Lotus,-,Bind,Split,Ascent,Icebox,Bind,Breeze,Split,-,https://www.vlr.gg/341823/fnatic-vs-fut-esports-champions-tour-2024-emea-stage-1-lbf
Team Heretics,TH,2,Bo5,A,loss,"[['Sunset', 7, 4, 3], ['Bind', 13, 6, 6], ['Lotus', 13, 8, 5], ['Split', 13, 7, 6], ['Breeze', 13, 5, 8]]",59,30,28,Champions Tour 2024: EMEA Stage 1,Playoffs: Grand Final,"['TH RieNs', 'TH benjyfishy', 'TH MiniBoo', 'TH Wo0t', 'TH Boo']",Ascent,Icebox,Sunset,Lotus,Breeze,Sunset,Bind,Lotus,Split,Breeze,https://www.vlr.gg/341821/team-heretics-vs-fnatic-champions-tour-2024-emea-stage-1-gf
FNATIC,FNC,3,Bo5,B,win,"[['Sunset', 13, 5, 8], ['Bind', 15, 6, 6], ['Lotus', 8, 7, 1], ['Split', 5, 0, 5], ['Breeze', 8, 4, 4]]",49,22,24,Champions Tour 2024: EMEA Stage 1,Playoffs: Grand Final,"['FNC Leo', 'FNC Chronicle', 'FNC Alfajer', 'FNC Derke', 'FNC Boaster']",-,-,Bind,Split,Breeze,Sunset,Bind,Lotus,Split,Breeze,https://www.vlr.gg/341821/team-heretics-vs-fnatic-champions-tour-2024-emea-stage-1-gf
Global Esports,GE,1,Bo3,B,loss,"[['Sunset', 1, 1, 0], ['Icebox', 13, 5, 8], ['Ascent', 8, 6, 2]]",22,12,10,Champions Tour 2024: Pacific Stage 1,Regular Season: Week 1,"['GE Lightningfast', 'GE Russ', 'GE Benkai', 'GE blaZek1ng', 'GE Polvi']",Bind,Lotus,Icebox,Ascent,-,Sunset,Icebox,Ascent,-,-,https://www.vlr.gg/314301/global-esports-vs-zeta-division-champions-tour-2024-pacific-stage-1-w1
ZETA DIVISION,ZETA,2,Bo3,A,win,"[['Sunset', 13, 2, 11], ['Icebox', 10, 4, 6], ['Ascent', 13, 7, 6]]",36,13,23,Champions Tour 2024: Pacific Stage 1,Regular Season: Week 1,"['ZETA Laz', 'ZETA Dep', 'ZETA yuran', 'ZETA SugarZ3ro', 'ZETA hiroronn']",Breeze,Split,Sunset,Ascent,-,Sunset,Icebox,Ascent,-,-,https://www.vlr.gg/314301/global-esports-vs-zeta-division-champions-tour-2024-pacific-stage-1-w1
Team Secret,TS,0,Bo3,A,loss,"[['Sunset', 13, 9, 4], ['Lotus', 13, 6, 7]]",26,15,11,Champions Tour 2024: Pacific Stage 1,Regular Season: Week 1,"['TS invy', 'TS JessieVash', 'TS BORKUM', 'TS Jremy', 'TS NDG']",Bind,Split,Sunset,Breeze,-,Sunset,Lotus,-,-,-,https://www.vlr.gg/314302/team-secret-vs-drx-champions-tour-2024-pacific-stage-1-w1
DRX,DRX,2,Bo3,B,win,"[['Sunset', 8, 5, 3], ['Lotus', 8, 5, 3]]",16,10,6,Champions Tour 2024: Pacific Stage 1,Regular Season: Week 1,"['DRX MaKo', 'DRX BeYN', 'DRX Foxy9', 'DRX stax', 'DRX BuZz']",Icebox,Ascent,Lotus,Breeze,-,Sunset,Lotus,-,-,-,https://www.vlr.gg/314302/team-secret-vs-drx-champions-tour-2024-pacific-stage-1-w1
BLEED,BLD,1,Bo3,B,loss,"[['Lotus', 13, 7, 6], ['Bind', 7, 2, 5], ['Icebox', 6, 4, 2]]",26,13,13,Champions Tour 2024: Pacific Stage 1,Regular Season: Week 1,"['BLD sScary', 'BLD yay', 'BLD Deryeon', 'BLD Retla', 'BLD Zest']",Ascent,Sunset,Bind,Icebox,-,Lotus,Bind,Icebox,-,-,https://www.vlr.gg/314303/bleed-vs-talon-esports-champions-tour-2024-pacific-stage-1-w1
TALON,TLN,2,Bo3,A,win,"[['Lotus', 9, 4, 5], ['Bind', 13, 7, 6], ['Icebox', 13, 10, 3]]",35,21,14,Champions Tour 2024: Pacific Stage 1,Regular Season: Week 1,"['TLN JitBoyS', 'TLN Surf', 'TLN ban', 'TLN Crws', 'TLN Governor']",Breeze,Split,Lotus,Icebox,-,Lotus,Bind,Icebox,-,-,https://www.vlr.gg/314303/bleed-vs-talon-esports-champions-tour-2024-pacific-stage-1-w1
T1,T1,0,Bo3,A,loss,"[['Lotus', 13, 4, 9], ['Bind', 14, 6, 6]]",27,10,15,Champions Tour 2024: Pacific Stage 1,Regular Season: Week 1,"['T1 xccurate', 'T1 Rossy', 'T1 Sayaplayer', 'T1 carpe', 'T1 iZu']",Icebox,Split,Lotus,Sunset,-,Lotus,Bind,-,-,-,https://www.vlr.gg/314304/t1-vs-paper-rex-champions-tour-2024-pacific-stage-1-w1
Paper Rex,PRX,2,Bo3,B,win,"[['Lotus', 10, 2, 8], ['Bind', 12, 6, 6]]",22,8,14,Champions Tour 2024: Pacific Stage 1,Regular Season: Week 1,"['PRX Jinggg', 'PRX d4v41', 'PRX something', 'PRX f0rsakeN', 'PRX mindfreak']",Breeze,Ascent,Bind,Sunset,-,Lotus,Bind,-,-,-,https://www.vlr.gg/314304/t1-vs-paper-rex-champions-tour-2024-pacific-stage-1-w1
Team Secret,TS,1,Bo3,A,loss,"[['Breeze', 13, 9, 4], ['Split', 6, 0, 6], ['Icebox', 14, 5, 7]]",33,14,17,Champions Tour 2024: Pacific Stage 1,Regular Season: Week 1,"['TS Jremy', 'TS BORKUM', 'TS invy', 'TS NDG', 'TS JessieVash']",Bind,Lotus,Breeze,Icebox,-,Breeze,Split,Icebox,-,-,https://www.vlr.gg/314305/team-secret-vs-rex-regum-qeon-champions-tour-2024-pacific-stage-1-w1
Rex Regum Qeon,RRQ,2,Bo3,B,win,"[['Breeze', 10, 7, 3], ['Split', 13, 6, 7], ['Icebox', 12, 5, 7]]",35,18,17,Champions Tour 2024: Pacific Stage 1,Regular Season: Week 1,"['RRQ Jemkin', 'RRQ xffero', 'RRQ Lmemore', 'RRQ fl1pzjder', 'RRQ Estrella']",Sunset,Ascent,Split,Icebox,-,Breeze,Split,Icebox,-,-,https://www.vlr.gg/314305/team-secret-vs-rex-regum-qeon-champions-tour-2024-pacific-stage-1-w1
Global Esports,GE,0,Bo3,A,loss,"[['Ascent', 13, 9, 4], ['Lotus', 13, 4, 9]]",26,13,13,Champions Tour 2024: Pacific Stage 1,Regular Season: Week 1,"['GE Russ', 'GE Benkai', 'GE Lightningfast', 'GE Polvi', 'GE blaZek1ng']",Bind,Sunset,Ascent,Breeze,-,Ascent,Lotus,-,-,-,https://www.vlr.gg/314306/global-esports-vs-drx-champions-tour-2024-pacific-stage-1-w1
DRX,DRX,2,Bo3,B,win,"[['Ascent', 8, 5, 3], ['Lotus', 6, 3, 3]]",14,8,6,Champions Tour 2024: Pacific Stage 1,Regular Season: Week 1,"['DRX Foxy9', 'DRX MaKo', 'DRX BuZz', 'DRX BeYN', 'DRX stax']",Icebox,Split,Lotus,Breeze,-,Ascent,Lotus,-,-,-,https://www.vlr.gg/314306/global-esports-vs-drx-champions-tour-2024-pacific-stage-1-w1
Gen.G,GEN,2,Bo3,A,win,"[['Lotus', 9, 3, 6], ['Ascent', 8, 2, 6]]",17,5,12,Champions Tour 2024: Pacific Stage 1,Regular Season: Week 1,"['GEN t3xture', 'GEN Karon', 'GEN Lakia', 'GEN Munchkin', 'GEN Meteor']",Sunset,Icebox,Lotus,Bind,-,Lotus,Ascent,-,-,-,https://www.vlr.gg/314307/gen-g-vs-talon-esports-champions-tour-2024-pacific-stage-1-w1
TALON,TLN,0,Bo3,B,loss,"[['Lotus', 13, 4, 9], ['Ascent', 13, 3, 10]]",26,7,19,Champions Tour 2024: Pacific Stage 1,Regular Season: Week 1,"['TLN lenne', 'TLN ban', 'TLN Crws', 'TLN Governor', 'TLN JitBoyS', 'TLN Surf']",Breeze,Split,Ascent,Bind,-,Lotus,Ascent,-,-,-,https://www.vlr.gg/314307/gen-g-vs-talon-esports-champions-tour-2024-pacific-stage-1-w1
T1,T1,1,Bo3,B,loss,"[['Ascent', 10, 3, 7], ['Lotus', 13, 4, 9], ['Sunset', 11, 6, 5]]",34,13,21,Champions Tour 2024: Pacific Stage 1,Regular Season: Week 1,"['T1 Rossy', 'T1 carpe', 'T1 Sayaplayer', 'T1 iZu', 'T1 xccurate']",Icebox,Split,Lotus,Sunset,-,Ascent,Lotus,Sunset,-,-,https://www.vlr.gg/314308/t1-vs-detonation-focusme-champions-tour-2024-pacific-stage-1-w1
DetonatioN FocusMe,DFM,2,Bo3,A,win,"[['Ascent', 13, 5, 8], ['Lotus', 5, 3, 2], ['Sunset', 13, 7, 6]]",31,15,16,Champions Tour 2024: Pacific Stage 1,Regular Season: Week 1,"['DFM Meiy', 'DFM Medusa', 'DFM neth', 'DFM SSeeS', 'DFM Anthem']",Bind,Breeze,Ascent,Sunset,-,Ascent,Lotus,Sunset,-,-,https://www.vlr.gg/314308/t1-vs-detonation-focusme-champions-tour-2024-pacific-stage-1-w1
Gen.G,GEN,1,Bo3,A,loss,"[['Lotus', 11, 8, 3], ['Icebox', 13, 4, 9], ['Bind', 13, 3, 10]]",37,15,22,Champions Tour 2024: Pacific Stage 1,Regular Season: Week 2,"['GEN Lakia', 'GEN Munchkin', 'GEN t3xture', 'GEN Meteor', 'GEN Karon']",Sunset,Split,Lotus,Bind,-,Lotus,Icebox,Bind,-,-,https://www.vlr.gg/314309/gen-g-vs-paper-rex-champions-tour-2024-pacific-stage-1-w2
Paper Rex,PRX,2,Bo3,B,win,"[['Lotus', 13, 9, 4], ['Icebox', 11, 3, 8], ['Bind', 6, 2, 4]]",30,14,16,Champions Tour 2024: Pacific Stage 1,Regular Season: Week 2,"['PRX something', 'PRX mindfreak', 'PRX f0rsakeN', 'PRX Jinggg', 'PRX d4v41']",Breeze,Ascent,Icebox,Bind,-,Lotus,Icebox,Bind,-,-,https://www.vlr.gg/314309/gen-g-vs-paper-rex-champions-tour-2024-pacific-stage-1-w2
T1,T1,1,Bo3,A,loss,"[['Breeze', 9, 7, 2], ['Split', 13, 3, 10], ['Bind', 13, 4, 9]]",35,14,21,Champions Tour 2024: Pacific Stage 1,Regular Season: Week 2,"['T1 iZu', 'T1 Rossy', 'T1 Sayaplayer', 'T1 xccurate', 'T1 carpe']",Icebox,Sunset,Breeze,Bind,-,Breeze,Split,Bind,-,-,https://www.vlr.gg/314310/t1-vs-drx-champions-tour-2024-pacific-stage-1-w2
DRX,DRX,2,Bo3,B,win,"[['Breeze', 13, 8, 5], ['Split', 5, 2, 3], ['Bind', 6, 3, 3]]",24,13,11,Champions Tour 2024: Pacific Stage 1,Regular Season: Week 2,"['DRX MaKo', 'DRX BuZz', 'DRX stax', 'DRX BeYN', 'DRX Foxy9']",Lotus,Ascent,Split,Bind,-,Breeze,Split,Bind,-,-,https://www.vlr.gg/314310/t1-vs-drx-champions-tour-2024-pacific-stage-1-w2
Team Secret,TS,2,Bo3,A,win,"[['Icebox', 8, 5, 3], ['Lotus', 13, 6, 7], ['Sunset', 7, 4, 3]]",28,15,13,Champions Tour 2024: Pacific Stage 1,Regular Season: Week 2,"['TS BORKUM', 'TS invy', 'TS Jremy', 'TS NDG', 'TS JessieVash']",Bind,Ascent,Icebox,Sunset,-,Icebox,Lotus,Sunset,-,-,https://www.vlr.gg/314311/team-secret-vs-zeta-division-champions-tour-2024-pacific-stage-1-w2
ZETA DIVISION,ZETA,1,Bo3,B,loss,"[['Icebox', 13, 6, 7], ['Lotus', 6, 5, 1], ['Sunset', 13, 9, 4]]",32,20,12,Champions Tour 2024: Pacific Stage 1,Regular Season: Week 2,"['ZETA Dep', 'ZETA Laz', 'ZETA SugarZ3ro', 'ZETA yuran', 'ZETA hiroronn']",Breeze,Split,Lotus,Sunset,-,Icebox,Lotus,Sunset,-,-,https://www.vlr.gg/314311/team-secret-vs-zeta-division-champions-tour-2024-pacific-stage-1-w2
BLEED,BLD,0,Bo3,A,loss,"[['Lotus', 13, 10, 3], ['Icebox', 13, 5, 8]]",26,15,11,Champions Tour 2024: Pacific Stage 1,Regular Season: Week 2,"['BLD sScary', 'BLD Deryeon', 'BLD yay', 'BLD Retla', 'BLD Zest']",Ascent,Split,Lotus,Breeze,-,Lotus,Icebox,-,-,-,https://www.vlr.gg/314312/bleed-vs-rex-regum-qeon-champions-tour-2024-pacific-stage-1-w2
Rex Regum Qeon,RRQ,2,Bo3,B,win,"[['Lotus', 2, 0, 2], ['Icebox', 5, 4, 1]]",7,4,3,Champions Tour 2024: Pacific Stage 1,Regular Season: Week 2,"['RRQ Lmemore', 'RRQ xffero', 'RRQ Jemkin', 'RRQ Estrella', 'RRQ fl1pzjder']",Sunset,Bind,Icebox,Breeze,-,Lotus,Icebox,-,-,-,https://www.vlr.gg/314312/bleed-vs-rex-regum-qeon-champions-tour-2024-pacific-stage-1-w2
Gen.G,GEN,2,Bo3,B,win,"[['Split', 13, 7, 6], ['Lotus', 13, 7, 6]]",26,14,12,Champions Tour 2024: Pacific Stage 1,Regular Season: Week 2,"['GEN t3xture', 'GEN Munchkin', 'GEN Karon', 'GEN Lakia', 'GEN Meteor']",Sunset,Ascent,Lotus,Breeze,-,Split,Lotus,-,-,-,https://www.vlr.gg/314313/gen-g-vs-detonation-focusme-champions-tour-2024-pacific-stage-1-w2
DetonatioN FocusMe,DFM,0,Bo3,A,loss,"[['Split', 8, 6, 2], ['Lotus', 7, 6, 1]]",15,12,3,Champions Tour 2024: Pacific Stage 1,Regular Season: Week 2,"['DFM Meiy', 'DFM Medusa', 'DFM Anthem', 'DFM neth', 'DFM SSeeS']",Bind,Icebox,Split,Breeze,-,Split,Lotus,-,-,-,https://www.vlr.gg/314313/gen-g-vs-detonation-focusme-champions-tour-2024-pacific-stage-1-w2
Global Esports,GE,1,Bo3,B,loss,"[['Icebox', 13, 9, 4], ['Breeze', 12, 6, 6], ['Lotus', 6, 1, 5]]",31,16,15,Champions Tour 2024: Pacific Stage 1,Regular Season: Week 2,"['GE Lightningfast', 'GE Benkai', 'GE Russ', 'GE blaZek1ng', 'GE Polvi']",Bind,Sunset,Breeze,Lotus,-,Icebox,Breeze,Lotus,-,-,https://www.vlr.gg/314314/global-esports-vs-talon-esports-champions-tour-2024-pacific-stage-1-w2
TALON,TLN,2,Bo3,A,win,"[['Icebox', 4, 1, 3], ['Breeze', 14, 6, 6], ['Lotus', 13, 7, 6]]",31,14,15,Champions Tour 2024: Pacific Stage 1,Regular Season: Week 2,"['TLN JitBoyS', 'TLN Governor', 'TLN ban', 'TLN Crws', 'TLN Surf']",Split,Ascent,Icebox,Lotus,-,Icebox,Breeze,Lotus,-,-,https://www.vlr.gg/314314/global-esports-vs-talon-esports-champions-tour-2024-pacific-stage-1-w2
T1,T1,2,Bo3,B,win,"[['Ascent', 13, 7, 6], ['Lotus', 13, 7, 6]]",26,14,12,Champions Tour 2024: Pacific Stage 1,Regular Season: Week 2,"['T1 iZu', 'T1 xccurate', 'T1 Rossy', 'T1 Sayaplayer', 'T1 carpe']",Icebox,Bind,Lotus,Breeze,-,Ascent,Lotus,-,-,-,https://www.vlr.gg/314315/t1-vs-rex-regum-qeon-champions-tour-2024-pacific-stage-1-w2
Rex Regum Qeon,RRQ,0,Bo3,A,loss,"[['Ascent', 6, 6, 0], ['Lotus', 8, 6, 2]]",14,12,2,Champions Tour 2024: Pacific Stage 1,Regular Season: Week 2,"['RRQ Lmemore', 'RRQ Jemkin', 'RRQ xffero', 'RRQ Estrella', 'RRQ fl1pzjder']",Sunset,Split,Ascent,Breeze,-,Ascent,Lotus,-,-,-,https://www.vlr.gg/314315/t1-vs-rex-regum-qeon-champions-tour-2024-pacific-stage-1-w2
BLEED,BLD,1,Bo3,A,loss,"[['Sunset', 13, 6, 7], ['Ascent', 9, 5, 4], ['Lotus', 13, 4, 9]]",35,15,20,Champions Tour 2024: Pacific Stage 1,Regular Season: Week 2,"['BLD Zest', 'BLD sScary', 'BLD Deryeon', 'BLD Retla', 'BLD yay']",Icebox,Split,Sunset,Lotus,-,Sunset,Ascent,Lotus,-,-,https://www.vlr.gg/314316/bleed-vs-zeta-division-champions-tour-2024-pacific-stage-1-w2
ZETA DIVISION,ZETA,2,Bo3,B,win,"[['Sunset', 9, 3, 6], ['Ascent', 13, 6, 7], ['Lotus', 8, 3, 5]]",30,12,18,Champions Tour 2024: Pacific Stage 1,Regular Season: Week 2,"['ZETA Laz', 'ZETA SugarZ3ro', 'ZETA yuran', 'ZETA Dep', 'ZETA hiroronn']",Breeze,Bind,Ascent,Lotus,-,Sunset,Ascent,Lotus,-,-,https://www.vlr.gg/314316/bleed-vs-zeta-division-champions-tour-2024-pacific-stage-1-w2
Gen.G,GEN,1,Bo3,B,loss,"[['Bind', 10, 6, 4], ['Ascent', 13, 8, 5], ['Split', 7, 6, 1]]",30,20,10,Champions Tour 2024: Pacific Stage 1,Regular Season: Week 3,"['GEN Munchkin', 'GEN Meteor', 'GEN t3xture', 'GEN Karon', 'GEN Lakia']",Sunset,Icebox,Ascent,Split,-,Bind,Ascent,Split,-,-,https://www.vlr.gg/314317/gen-g-vs-drx-champions-tour-2024-pacific-stage-1-w3
DRX,DRX,2,Bo3,A,win,"[['Bind', 13, 8, 5], ['Ascent', 9, 7, 2], ['Split', 13, 7, 6]]",35,22,13,Champions Tour 2024: Pacific Stage 1,Regular Season: Week 3,"['DRX BeYN', 'DRX Foxy9', 'DRX stax', 'DRX BuZz', 'DRX MaKo']",Lotus,Breeze,Bind,Split,-,Bind,Ascent,Split,-,-,https://www.vlr.gg/314317/gen-g-vs-drx-champions-tour-2024-pacific-stage-1-w3
BLEED,BLD,2,Bo3,A,win,"[['Lotus', 13, 5, 8], ['Split', 7, 5, 2], ['Ascent', 4, 2, 2]]",24,12,12,Champions Tour 2024: Pacific Stage 1,Regular Season: Week 3,"['BLD Zest', 'BLD sScary', 'BLD Deryeon', 'BLD yay', 'BLD Retla']",Icebox,Sunset,Lotus,Ascent,-,Lotus,Split,Ascent,-,-,https://www.vlr.gg/314318/bleed-vs-detonation-focusme-champions-tour-2024-pacific-stage-1-w3
DetonatioN FocusMe,DFM,1,Bo3,B,loss,"[['Lotus', 9, 2, 7], ['Split', 13, 10, 3], ['Ascent', 13, 3, 10]]",35,15,20,Champions Tour 2024: Pacific Stage 1,Regular Season: Week 3,"['DFM SSeeS', 'DFM Anthem', 'DFM Meiy', 'DFM Medusa', 'DFM neth']",Bind,Breeze,Split,Ascent,-,Lotus,Split,Ascent,-,-,https://www.vlr.gg/314318/bleed-vs-detonation-focusme-champions-tour-2024-pacific-stage-1-w3
Global Esports,GE,2,Bo3,B,win,"[['Lotus', 13, 7, 6], ['Icebox', 13, 8, 5]]",26,15,11,Champions Tour 2024: Pacific Stage 1,Regular Season: Week 3,"['GE Polvi', 'GE blaZek1ng', 'GE Benkai', 'GE Lightningfast', 'GE Russ']",Bind,Breeze,Icebox,Ascent,-,Lotus,Icebox,-,-,-,https://www.vlr.gg/314319/global-esports-vs-rex-regum-qeon-champions-tour-2024-pacific-stage-1-w3
Rex Regum Qeon,RRQ,0,Bo3,A,loss,"[['Lotus', 10, 5, 5], ['Icebox', 4, 0, 4]]",14,5,9,Champions Tour 2024: Pacific Stage 1,Regular Season: Week 3,"['RRQ Jemkin', 'RRQ Lmemore', 'RRQ xffero', 'RRQ 2GE', 'RRQ fl1pzjder']",Sunset,Split,Lotus,Ascent,-,Lotus,Icebox,-,-,-,https://www.vlr.gg/314319/global-esports-vs-rex-regum-qeon-champions-tour-2024-pacific-stage-1-w3
Team Secret,TS,2,Bo3,A,win,"[['Icebox', 9, 4, 5], ['Sunset', 8, 3, 5]]",17,7,10,Champions Tour 2024: Pacific Stage 1,Regular Season: Week 3,"['TS Jremy', 'TS invy', 'TS JessieVash', 'TS BORKUM', 'TS NDG']",Bind,Lotus,Icebox,Split,-,Icebox,Sunset,-,-,-,https://www.vlr.gg/314320/team-secret-vs-paper-rex-champions-tour-2024-pacific-stage-1-w3
Paper Rex,PRX,0,Bo3,B,loss,"[['Icebox', 13, 5, 8], ['Sunset', 13, 7, 6]]",26,12,14,Champions Tour 2024: Pacific Stage 1,Regular Season: Week 3,"['PRX f0rsakeN', 'PRX mindfreak', 'PRX d4v41', 'PRX something', 'PRX Jinggg']",Breeze,Ascent,Sunset,Split,-,Icebox,Sunset,-,-,-,https://www.vlr.gg/314320/team-secret-vs-paper-rex-champions-tour-2024-pacific-stage-1-w3
T1,T1,0,Bo3,A,loss,"[['Lotus', 13, 7, 6], ['Bind', 13, 6, 7]]",26,13,13,Champions Tour 2024: Pacific Stage 1,Regular Season: Week 3,"['T1 Rossy', 'T1 Sayaplayer', 'T1 xccurate', 'T1 carpe', 'T1 iZu']",Icebox,Split,Lotus,Ascent,-,Lotus,Bind,-,-,-,https://www.vlr.gg/314321/t1-vs-talon-esports-champions-tour-2024-pacific-stage-1-w3
TALON,TLN,2,Bo3,B,win,"[['Lotus', 11, 6, 5], ['Bind', 10, 5, 5]]",21,11,10,Champions Tour 2024: Pacific Stage 1,Regular Season: Week 3,"['TLN Surf', 'TLN JitBoyS', 'TLN Governor', 'TLN lenne', 'TLN ban', 'TLN Crws']",Breeze,Sunset,Bind,Ascent,-,Lotus,Bind,-,-,-,https://www.vlr.gg/314321/t1-vs-talon-esports-champions-tour-2024-pacific-stage-1-w3
Gen.G,GEN,2,Bo3,B,win,"[['Split', 13, 6, 7], ['Ascent', 14, 7, 5]]",27,13,12,Champions Tour 2024: Pacific Stage 1,Regular Season: Week 3,"['GEN Karon', 'GEN Meteor', 'GEN Lakia', 'GEN t3xture', 'GEN Munchkin']",Sunset,Bind,Ascent,Lotus,-,Split,Ascent,-,-,-,https://www.vlr.gg/314322/gen-g-vs-zeta-division-champions-tour-2024-pacific-stage-1-w3
ZETA DIVISION,ZETA,0,Bo3,A,loss,"[['Split', 8, 5, 3], ['Ascent', 12, 7, 5]]",20,12,8,Champions Tour 2024: Pacific Stage 1,Regular Season: Week 3,"['ZETA Dep', 'ZETA yuran', 'ZETA Laz', 'ZETA SugarZ3ro', 'ZETA hiroronn']",Breeze,Icebox,Split,Lotus,-,Split,Ascent,-,-,-,https://www.vlr.gg/314322/gen-g-vs-zeta-division-champions-tour-2024-pacific-stage-1-w3
Team Secret,TS,2,Bo3,B,win,"[['Lotus', 13, 10, 3], ['Breeze', 9, 1, 8], ['Sunset', 13, 1, 12]]",35,12,23,Champions Tour 2024: Pacific Stage 1,Regular Season: Week 3,"['TS Jremy', 'TS JessieVash', 'TS BORKUM', 'TS NDG', 'TS invy']",Bind,Split,Breeze,Sunset,-,Lotus,Breeze,Sunset,-,-,https://www.vlr.gg/314323/team-secret-vs-detonation-focusme-champions-tour-2024-pacific-stage-1-w3
DetonatioN FocusMe,DFM,1,Bo3,A,loss,"[['Lotus', 4, 2, 2], ['Breeze', 13, 4, 9], ['Sunset', 2, 0, 2]]",19,6,13,Champions Tour 2024: Pacific Stage 1,Regular Season: Week 3,"['DFM Medusa', 'DFM SSeeS', 'DFM Anthem', 'DFM neth', 'DFM Meiy']",Icebox,Ascent,Lotus,Sunset,-,Lotus,Breeze,Sunset,-,-,https://www.vlr.gg/314323/team-secret-vs-detonation-focusme-champions-tour-2024-pacific-stage-1-w3
Global Esports,GE,0,Bo3,B,loss,"[['Sunset', 4, 2, 2], ['Icebox', 7, 2, 5]]",11,4,7,Champions Tour 2024: Pacific Stage 1,Regular Season: Week 3,"['GE blaZek1ng', 'GE Polvi', 'GE Benkai', 'GE Russ', 'GE Lightningfast']",Bind,Lotus,Icebox,Split,-,Sunset,Icebox,-,-,-,https://www.vlr.gg/314324/global-esports-vs-paper-rex-champions-tour-2024-pacific-stage-1-w3
Paper Rex,PRX,2,Bo3,A,win,"[['Sunset', 13, 10, 3], ['Icebox', 13, 7, 6]]",26,17,9,Champions Tour 2024: Pacific Stage 1,Regular Season: Week 3,"['PRX Jinggg', 'PRX d4v41', 'PRX mindfreak', 'PRX f0rsakeN', 'PRX something']",Breeze,Ascent,Sunset,Split,-,Sunset,Icebox,-,-,-,https://www.vlr.gg/314324/global-esports-vs-paper-rex-champions-tour-2024-pacific-stage-1-w3
BLEED,BLD,0,Bo3,A,loss,"[['Ascent', 13, 4, 9], ['Bind', 13, 6, 7]]",26,10,16,Champions Tour 2024: Pacific Stage 1,Regular Season: Week 4,"['BLD sScary', 'BLD Retla', 'BLD yay', 'BLD Zest', 'BLD Deryeon']",Sunset,Split,Ascent,Lotus,-,Ascent,Bind,-,-,-,https://www.vlr.gg/314325/bleed-vs-paper-rex-champions-tour-2024-pacific-stage-1-w4
Paper Rex,PRX,2,Bo3,B,win,"[['Ascent', 5, 3, 2], ['Bind', 6, 5, 1]]",11,8,3,Champions Tour 2024: Pacific Stage 1,Regular Season: Week 4,"['PRX d4v41', 'PRX mindfreak', 'PRX something', 'PRX f0rsakeN', 'PRX Jinggg']",Breeze,Icebox,Bind,Lotus,-,Ascent,Bind,-,-,-,https://www.vlr.gg/314325/bleed-vs-paper-rex-champions-tour-2024-pacific-stage-1-w4
Global Esports,GE,2,Bo3,A,win,"[['Split', 13, 7, 6], ['Lotus', 5, 4, 1], ['Ascent', 11, 6, 5]]",29,17,12,Champions Tour 2024: Pacific Stage 1,Regular Season: Week 4,"['GE Polvi', 'GE Lightningfast', 'GE Russ', 'GE blaZek1ng', 'GE Benkai']",Bind,Sunset,Split,Ascent,-,Split,Lotus,Ascent,-,-,https://www.vlr.gg/314326/global-esports-vs-detonation-focusme-champions-tour-2024-pacific-stage-1-w4
DetonatioN FocusMe,DFM,1,Bo3,B,loss,"[['Split', 10, 6, 4], ['Lotus', 13, 11, 2], ['Ascent', 13, 7, 6]]",36,24,12,Champions Tour 2024: Pacific Stage 1,Regular Season: Week 4,"['DFM Anthem', 'DFM Meiy', 'DFM neth', 'DFM Medusa', 'DFM SSeeS']",Icebox,Breeze,Lotus,Ascent,-,Split,Lotus,Ascent,-,-,https://www.vlr.gg/314326/global-esports-vs-detonation-focusme-champions-tour-2024-pacific-stage-1-w4
T1,T1,2,Bo3,B,win,"[['Bind', 11, 6, 5], ['Lotus', 13, 8, 5], ['Sunset', 13, 6, 7]]",37,20,17,Champions Tour 2024: Pacific Stage 1,Regular Season: Week 4,"['T1 Rossy', 'T1 Sayaplayer', 'T1 xccurate', 'T1 iZu', 'T1 carpe']",Icebox,Ascent,Lotus,Sunset,-,Bind,Lotus,Sunset,-,-,https://www.vlr.gg/314327/t1-vs-zeta-division-champions-tour-2024-pacific-stage-1-w4
ZETA DIVISION,ZETA,1,Bo3,A,loss,"[['Bind', 13, 7, 6], ['Lotus', 9, 5, 4], ['Sunset', 10, 4, 6]]",32,16,16,Champions Tour 2024: Pacific Stage 1,Regular Season: Week 4,"['ZETA yuran', 'ZETA Laz', 'ZETA Dep', 'ZETA SugarZ3ro', 'ZETA hiroronn']",Breeze,Split,Bind,Sunset,-,Bind,Lotus,Sunset,-,-,https://www.vlr.gg/314327/t1-vs-zeta-division-champions-tour-2024-pacific-stage-1-w4
Team Secret,TS,1,Bo3,A,loss,"[['Sunset', 11, 2, 9], ['Lotus', 13, 6, 7], ['Breeze', 13, 8, 5]]",37,16,21,Champions Tour 2024: Pacific Stage 1,Regular Season: Week 4,"['TS JessieVash', 'TS NDG', 'TS invy', 'TS Jremy', 'TS BORKUM']",Bind,Split,Sunset,Breeze,-,Sunset,Lotus,Breeze,-,-,https://www.vlr.gg/314328/team-secret-vs-talon-esports-champions-tour-2024-pacific-stage-1-w4
TALON,TLN,2,Bo3,B,win,"[['Sunset', 13, 3, 10], ['Lotus', 11, 5, 6], ['Breeze', 10, 7, 3]]",34,15,19,Champions Tour 2024: Pacific Stage 1,Regular Season: Week 4,"['TLN ban', 'TLN JitBoyS', 'TLN Governor', 'TLN Surf', 'TLN Crws', 'TLN lenne']",Icebox,Ascent,Lotus,Breeze,-,Sunset,Lotus,Breeze,-,-,https://www.vlr.gg/314328/team-secret-vs-talon-esports-champions-tour-2024-pacific-stage-1-w4
BLEED,BLD,0,Bo3,B,loss,"[['Bind', 9, 5, 4], ['Breeze', 4, 2, 2]]",13,7,6,Champions Tour 2024: Pacific Stage 1,Regular Season: Week 4,"['BLD Retla', 'BLD Zest', 'BLD Deryeon', 'BLD sScary', 'BLD yay']",Sunset,Lotus,Breeze,Split,-,Bind,Breeze,-,-,-,https://www.vlr.gg/314329/bleed-vs-drx-champions-tour-2024-pacific-stage-1-w4
DRX,DRX,2,Bo3,A,win,"[['Bind', 13, 6, 7], ['Breeze', 13, 10, 3]]",26,16,10,Champions Tour 2024: Pacific Stage 1,Regular Season: Week 4,"['DRX BeYN', 'DRX MaKo', 'DRX BuZz', 'DRX Foxy9', 'DRX stax']",Ascent,Icebox,Bind,Split,-,Bind,Breeze,-,-,-,https://www.vlr.gg/314329/bleed-vs-drx-champions-tour-2024-pacific-stage-1-w4
Gen.G,GEN,1,Bo3,B,loss,"[['Breeze', 13, 2, 11], ['Ascent', 11, 5, 6], ['Split', 10, 5, 5]]",34,12,22,Champions Tour 2024: Pacific Stage 1,Regular Season: Week 4,"['GEN t3xture', 'GEN Munchkin', 'GEN Karon', 'GEN Meteor', 'GEN Lakia']",Icebox,Bind,Ascent,Split,-,Breeze,Ascent,Split,-,-,https://www.vlr.gg/314330/gen-g-vs-rex-regum-qeon-champions-tour-2024-pacific-stage-1-w4
Rex Regum Qeon,RRQ,2,Bo3,A,win,"[['Breeze', 3, 1, 2], ['Ascent', 13, 6, 7], ['Split', 13, 6, 7]]",29,13,16,Champions Tour 2024: Pacific Stage 1,Regular Season: Week 4,"['RRQ Jemkin', 'RRQ fl1pzjder', 'RRQ Estrella', 'RRQ xffero', 'RRQ Lmemore']",Sunset,Lotus,Breeze,Split,-,Breeze,Ascent,Split,-,-,https://www.vlr.gg/314330/gen-g-vs-rex-regum-qeon-champions-tour-2024-pacific-stage-1-w4
Team Secret,TS,0,Bo3,B,loss,"[['Lotus', 7, 5, 2], ['Sunset', 11, 2, 9]]",18,7,11,Champions Tour 2024: Pacific Stage 1,Playoffs: Knockout Round,"['TS invy', 'TS Jremy', 'TS JessieVash', 'TS BORKUM', 'TS NDG']",Bind,Split,Sunset,Breeze,-,Lotus,Sunset,-,-,-,https://www.vlr.gg/329907/team-secret-vs-t1-champions-tour-2024-pacific-stage-1-ko
T1,T1,2,Bo3,A,win,"[['Lotus', 13, 6, 7], ['Sunset', 13, 3, 10]]",26,9,17,Champions Tour 2024: Pacific Stage 1,Playoffs: Knockout Round,"['T1 Rossy', 'T1 xccurate', 'T1 iZu', 'T1 Sayaplayer', 'T1 carpe']",Icebox,Ascent,Lotus,Breeze,-,Lotus,Sunset,-,-,-,https://www.vlr.gg/329907/team-secret-vs-t1-champions-tour-2024-pacific-stage-1-ko
Paper Rex,PRX,2,Bo3,B,win,"[['Lotus', 13, 12, 1], ['Sunset', 13, 3, 10], ['Bind', 7, 4, 3]]",33,19,14,Champions Tour 2024: Pacific Stage 1,Playoffs: Knockout Round,"['PRX something', 'PRX Jinggg', 'PRX d4v41', 'PRX mindfreak', 'PRX f0rsakeN']",Breeze,Icebox,Bind,Sunset,-,Lotus,Bind,Sunset,-,-,https://www.vlr.gg/329908/paper-rex-vs-talon-esports-champions-tour-2024-pacific-stage-1-ko
TALON,TLN,1,Bo3,A,loss,"[['Lotus', 0, 0, 0], ['Sunset', 9, 2, 7], ['Bind', 13, 9, 4]]",22,11,11,Champions Tour 2024: Pacific Stage 1,Playoffs: Knockout Round,"['TLN Crws', 'TLN Surf', 'TLN lenne', 'TLN JitBoyS', 'TLN ban', 'TLN Governor']",Split,Ascent,Lotus,Sunset,-,Lotus,Bind,Sunset,-,-,https://www.vlr.gg/329908/paper-rex-vs-talon-esports-champions-tour-2024-pacific-stage-1-ko
Gen.G,GEN,1,Bo3,A,loss,"[['Ascent', 13, 4, 9], ['Sunset', 8, 6, 2], ['Breeze', 13, 8, 5]]",34,18,16,Champions Tour 2024: Pacific Stage 1,Playoffs: Upper Semifinals,"['GEN Munchkin', 'GEN t3xture', 'GEN Lakia', 'GEN Karon', 'GEN Meteor']",Lotus,Bind,Ascent,Breeze,-,Ascent,Sunset,Breeze,-,-,https://www.vlr.gg/329909/gen-g-vs-t1-champions-tour-2024-pacific-stage-1-ubsf
T1,T1,2,Bo3,B,win,"[['Ascent', 9, 3, 6], ['Sunset', 13, 7, 6], ['Breeze', 7, 3, 4]]",29,13,16,Champions Tour 2024: Pacific Stage 1,Playoffs: Upper Semifinals,"['T1 carpe', 'T1 Rossy', 'T1 Sayaplayer', 'T1 xccurate', 'T1 iZu']",Icebox,Split,Sunset,Breeze,-,Ascent,Sunset,Breeze,-,-,https://www.vlr.gg/329909/gen-g-vs-t1-champions-tour-2024-pacific-stage-1-ubsf
DRX,DRX,1,Bo3,B,loss,"[['Lotus', 6, 4, 2], ['Ascent', 13, 5, 8], ['Bind', 6, 2, 4]]",25,11,14,Champions Tour 2024: Pacific Stage 1,Playoffs: Upper Semifinals,"['DRX Foxy9', 'DRX MaKo', 'DRX BeYN', 'DRX BuZz', 'DRX stax']",Sunset,Split,Ascent,Bind,-,Lotus,Ascent,Bind,-,-,https://www.vlr.gg/329910/drx-vs-paper-rex-champions-tour-2024-pacific-stage-1-ubsf
Paper Rex,PRX,2,Bo3,A,win,"[['Lotus', 13, 5, 8], ['Ascent', 10, 3, 7], ['Bind', 13, 8, 5]]",36,16,20,Champions Tour 2024: Pacific Stage 1,Playoffs: Upper Semifinals,"['PRX something', 'PRX d4v41', 'PRX mindfreak', 'PRX Jinggg', 'PRX f0rsakeN']",Breeze,Icebox,Lotus,Bind,-,Lotus,Ascent,Bind,-,-,https://www.vlr.gg/329910/drx-vs-paper-rex-champions-tour-2024-pacific-stage-1-ubsf
T1,T1,0,Bo3,A,loss,"[['Lotus', 13, 11, 2], ['Sunset', 13, 3, 10]]",26,14,12,Champions Tour 2024: Pacific Stage 1,Playoffs: Upper Final,"['T1 xccurate', 'T1 Sayaplayer', 'T1 carpe', 'T1 Rossy', 'T1 iZu']",Icebox,Bind,Lotus,Split,-,Lotus,Sunset,-,-,-,https://www.vlr.gg/329912/t1-vs-paper-rex-champions-tour-2024-pacific-stage-1-ubf
Paper Rex,PRX,2,Bo3,B,win,"[['Lotus', 3, 2, 1], ['Sunset', 5, 2, 3]]",8,4,4,Champions Tour 2024: Pacific Stage 1,Playoffs: Upper Final,"['PRX Jinggg', 'PRX mindfreak', 'PRX d4v41', 'PRX f0rsakeN', 'PRX something']",Breeze,Ascent,Sunset,Split,-,Lotus,Sunset,-,-,-,https://www.vlr.gg/329912/t1-vs-paper-rex-champions-tour-2024-pacific-stage-1-ubf
Gen.G,GEN,2,Bo3,B,win,"[['Bind', 8, 2, 6], ['Sunset', 13, 9, 4], ['Ascent', 13, 8, 5]]",34,19,15,Champions Tour 2024: Pacific Stage 1,Playoffs: Lower Round 1,"['GEN Karon', 'GEN t3xture', 'GEN Meteor', 'GEN Munchkin', 'GEN Lakia']",Icebox,Split,Sunset,Ascent,-,Bind,Sunset,Ascent,-,-,https://www.vlr.gg/329911/gen-g-vs-drx-champions-tour-2024-pacific-stage-1-lr1
DRX,DRX,1,Bo3,A,loss,"[['Bind', 13, 6, 7], ['Sunset', 11, 8, 3], ['Ascent', 8, 4, 4]]",32,18,14,Champions Tour 2024: Pacific Stage 1,Playoffs: Lower Round 1,"['DRX BeYN', 'DRX stax', 'DRX Foxy9', 'DRX MaKo', 'DRX BuZz']",Lotus,Breeze,Bind,Ascent,-,Bind,Sunset,Ascent,-,-,https://www.vlr.gg/329911/gen-g-vs-drx-champions-tour-2024-pacific-stage-1-lr1
T1,T1,0,Bo5,A,loss,"[['Lotus', 13, 3, 10], ['Icebox', 13, 5, 8], ['Bind', 13, 6, 7]]",39,14,25,Champions Tour 2024: Pacific Stage 1,Playoffs: Lower Final,"['T1 carpe', 'T1 iZu', 'T1 xccurate', 'T1 Rossy', 'T1 Sayaplayer']",Sunset,-,Lotus,Bind,Ascent,Lotus,Icebox,Bind,-,-,https://www.vlr.gg/329913/t1-vs-gen-g-champions-tour-2024-pacific-stage-1-lf
Gen.G,GEN,3,Bo5,B,win,"[['Lotus', 2, 2, 0], ['Icebox', 11, 4, 7], ['Bind', 9, 5, 4]]",22,11,11,Champions Tour 2024: Pacific Stage 1,Playoffs: Lower Final,"['GEN Karon', 'GEN Munchkin', 'GEN t3xture', 'GEN Meteor', 'GEN Lakia']",Breeze,-,Icebox,Split,Ascent,Lotus,Icebox,Bind,-,-,https://www.vlr.gg/329913/t1-vs-gen-g-champions-tour-2024-pacific-stage-1-lf
Paper Rex,PRX,3,Bo5,A,win,"[['Lotus', 13, 7, 6], ['Sunset', 9, 5, 4], ['Icebox', 11, 6, 5], ['Bind', 13, 7, 6], ['Split', 8, 1, 7]]",54,26,28,Champions Tour 2024: Pacific Stage 1,Playoffs: Grand Final,"['PRX Jinggg', 'PRX f0rsakeN', 'PRX something', 'PRX d4v41', 'PRX mindfreak']",Breeze,Ascent,Lotus,Icebox,Split,Lotus,Sunset,Icebox,Bind,Split,https://www.vlr.gg/329914/paper-rex-vs-gen-g-champions-tour-2024-pacific-stage-1-gf
Gen.G,GEN,2,Bo5,B,loss,"[['Lotus', 9, 6, 3], ['Sunset', 13, 6, 7], ['Icebox', 13, 7, 6], ['Bind', 9, 6, 3], ['Split', 13, 5, 8]]",57,30,27,Champions Tour 2024: Pacific Stage 1,Playoffs: Grand Final,"['GEN t3xture', 'GEN Munchkin', 'GEN Meteor', 'GEN Lakia', 'GEN Karon']",-,-,Sunset,Bind,Split,Lotus,Sunset,Icebox,Bind,Split,https://www.vlr.gg/329914/paper-rex-vs-gen-g-champions-tour-2024-pacific-stage-1-gf
Karmine Corp,KC,2,Bo3,B,win,"[['Icebox', 13, 6, 7], ['Lotus', 13, 9, 4]]",26,15,11,Champions Tour 2024: Masters Madrid,Swiss Stage: Round 1,"['KC N4RRATE', 'KC MAGNUM', 'KC sh1n', 'KC marteen', 'KC tomaszy']",Breeze,Ascent,Lotus,Sunset,-,Icebox,Lotus,-,-,-,https://www.vlr.gg/312765/karmine-corp-vs-funplus-phoenix-champions-tour-2024-masters-madrid-swiss-stage-r1
FunPlus Phoenix,FPX,0,Bo3,A,loss,"[['Icebox', 8, 5, 3], ['Lotus', 10, 8, 2]]",18,13,5,Champions Tour 2024: Masters Madrid,Swiss Stage: Round 1,"['FPX Life', 'FPX AAAAY', 'FPX Autumn', 'FPX BerLIN', 'FPX Lysoar']",Split,Bind,Icebox,Sunset,-,Icebox,Lotus,-,-,-,https://www.vlr.gg/312765/karmine-corp-vs-funplus-phoenix-champions-tour-2024-masters-madrid-swiss-stage-r1
Gen.G,GEN,2,Bo3,B,win,"[['Icebox', 13, 6, 7], ['Breeze', 8, 5, 3], ['Ascent', 13, 9, 4]]",34,20,14,Champions Tour 2024: Masters Madrid,Swiss Stage: Round 1,"['GEN t3xture', 'GEN Karon', 'GEN Munchkin', 'GEN Meteor', 'GEN Lakia']",Sunset,Bind,Breeze,Ascent,-,Icebox,Breeze,Ascent,-,-,https://www.vlr.gg/312766/gen-g-vs-loud-champions-tour-2024-masters-madrid-swiss-stage-r1
LOUD,LOUD,1,Bo3,A,loss,"[['Icebox', 11, 5, 6], ['Breeze', 13, 9, 4], ['Ascent', 5, 2, 3]]",29,16,13,Champions Tour 2024: Masters Madrid,Swiss Stage: Round 1,"['LOUD Less', 'LOUD tuyz', 'LOUD saadhak', 'LOUD ambitioN', 'LOUD cauanzin']",Lotus,Split,Icebox,Ascent,-,Icebox,Breeze,Ascent,-,-,https://www.vlr.gg/312766/gen-g-vs-loud-champions-tour-2024-masters-madrid-swiss-stage-r1
EDward Gaming,EDG,2,Bo3,B,win,"[['Sunset', 8, 5, 3], ['Bind', 13, 5, 8], ['Split', 13, 5, 8]]",34,15,19,Champions Tour 2024: Masters Madrid,Swiss Stage: Round 1,"['EDG Smoggy', 'EDG CHICHOO', 'EDG Haodong', 'EDG ZmjjKK', 'EDG nobody']",Lotus,Ascent,Bind,Split,-,Sunset,Bind,Split,-,-,https://www.vlr.gg/312767/edward-gaming-vs-paper-rex-champions-tour-2024-masters-madrid-swiss-stage-r1
Paper Rex,PRX,1,Bo3,A,loss,"[['Sunset', 13, 9, 4], ['Bind', 9, 4, 5], ['Split', 9, 4, 5]]",31,17,14,Champions Tour 2024: Masters Madrid,Swiss Stage: Round 1,"['PRX f0rsakeN', 'PRX mindfreak', 'PRX d4v41', 'PRX something', 'PRX Monyet']",Breeze,Icebox,Sunset,Split,-,Sunset,Bind,Split,-,-,https://www.vlr.gg/312767/edward-gaming-vs-paper-rex-champions-tour-2024-masters-madrid-swiss-stage-r1
Sentinels,SEN,2,Bo3,A,win,"[['Lotus', 9, 8, 1], ['Sunset', 13, 5, 8], ['Bind', 11, 5, 6]]",33,18,15,Champions Tour 2024: Masters Madrid,Swiss Stage: Round 1,"['SEN zekken', 'SEN Zellsis', 'SEN TenZ', 'SEN johnqt', 'SEN Sacy']",Breeze,Icebox,Lotus,Bind,-,Lotus,Sunset,Bind,-,-,https://www.vlr.gg/312768/sentinels-vs-team-heretics-champions-tour-2024-masters-madrid-swiss-stage-r1
Team Heretics,TH,1,Bo3,B,loss,"[['Lotus', 13, 9, 4], ['Sunset', 5, 4, 1], ['Bind', 13, 6, 7]]",31,19,12,Champions Tour 2024: Masters Madrid,Swiss Stage: Round 1,"['TH MiniBoo', 'TH RieNs', 'TH paTiTek', 'TH benjyfishy', 'TH Boo']",Ascent,Split,Sunset,Bind,-,Lotus,Sunset,Bind,-,-,https://www.vlr.gg/312768/sentinels-vs-team-heretics-champions-tour-2024-masters-madrid-swiss-stage-r1
Sentinels,SEN,2,Bo3,A,win,"[['Split', 8, 2, 6], ['Lotus', 11, 6, 5]]",19,8,11,Champions Tour 2024: Masters Madrid,Swiss Stage: Round 2,"['SEN TenZ', 'SEN johnqt', 'SEN zekken', 'SEN Zellsis', 'SEN Sacy']",Icebox,Ascent,Split,Bind,-,Split,Lotus,-,-,-,https://www.vlr.gg/312798/sentinels-vs-karmine-corp-champions-tour-2024-masters-madrid-swiss-stage-r2
Karmine Corp,KC,0,Bo3,B,loss,"[['Split', 13, 6, 7], ['Lotus', 13, 7, 6]]",26,13,13,Champions Tour 2024: Masters Madrid,Swiss Stage: Round 2,"['KC sh1n', 'KC N4RRATE', 'KC marteen', 'KC MAGNUM', 'KC tomaszy']",Sunset,Breeze,Lotus,Bind,-,Split,Lotus,-,-,-,https://www.vlr.gg/312798/sentinels-vs-karmine-corp-champions-tour-2024-masters-madrid-swiss-stage-r2
EDward Gaming,EDG,1,Bo3,B,loss,"[['Icebox', 13, 8, 5], ['Split', 5, 0, 5], ['Breeze', 6, 5, 1]]",24,13,11,Champions Tour 2024: Masters Madrid,Swiss Stage: Round 2,"['EDG ZmjjKK', 'EDG nobody', 'EDG Smoggy', 'EDG CHICHOO', 'EDG Haodong']",Lotus,Ascent,Split,Breeze,-,Icebox,Split,Breeze,-,-,https://www.vlr.gg/312797/edward-gaming-vs-gen-g-champions-tour-2024-masters-madrid-swiss-stage-r2
Gen.G,GEN,2,Bo3,A,win,"[['Icebox', 8, 4, 4], ['Split', 13, 7, 6], ['Breeze', 13, 11, 2]]",34,22,12,Champions Tour 2024: Masters Madrid,Swiss Stage: Round 2,"['GEN Meteor', 'GEN Karon', 'GEN Munchkin', 'GEN t3xture', 'GEN Lakia']",Bind,Sunset,Icebox,Breeze,-,Icebox,Split,Breeze,-,-,https://www.vlr.gg/312797/edward-gaming-vs-gen-g-champions-tour-2024-masters-madrid-swiss-stage-r2
FunPlus Phoenix,FPX,0,Bo3,B,loss,"[['Sunset', 5, 4, 1], ['Breeze', 11, 4, 7]]",16,8,8,Champions Tour 2024: Masters Madrid,Swiss Stage: Round 2,"['FPX Autumn', 'FPX Lysoar', 'FPX Life', 'FPX BerLIN', 'FPX AAAAY']",Split,Ascent,Breeze,Icebox,-,Sunset,Breeze,-,-,-,https://www.vlr.gg/312800/funplus-phoenix-vs-loud-champions-tour-2024-masters-madrid-swiss-stage-r2
LOUD,LOUD,2,Bo3,A,win,"[['Sunset', 13, 5, 8], ['Breeze', 13, 5, 8]]",26,10,16,Champions Tour 2024: Masters Madrid,Swiss Stage: Round 2,"['LOUD Less', 'LOUD saadhak', 'LOUD tuyz', 'LOUD cauanzin', 'LOUD ambitioN']",Lotus,Bind,Sunset,Icebox,-,Sunset,Breeze,-,-,-,https://www.vlr.gg/312800/funplus-phoenix-vs-loud-champions-tour-2024-masters-madrid-swiss-stage-r2
Team Heretics,TH,1,Bo3,B,loss,"[['Sunset', 10, 4, 6], ['Lotus', 13, 6, 7], ['Split', 7, 1, 6]]",30,11,19,Champions Tour 2024: Masters Madrid,Swiss Stage: Round 2,"['TH benjyfishy', 'TH RieNs', 'TH MiniBoo', 'TH Boo', 'TH paTiTek']",Ascent,Bind,Lotus,Split,-,Sunset,Lotus,Split,-,-,https://www.vlr.gg/312799/team-heretics-vs-paper-rex-champions-tour-2024-masters-madrid-swiss-stage-r2
Paper Rex,PRX,2,Bo3,A,win,"[['Sunset', 13, 6, 7], ['Lotus', 10, 5, 5], ['Split', 13, 6, 7]]",36,17,19,Champions Tour 2024: Masters Madrid,Swiss Stage: Round 2,"['PRX something', 'PRX f0rsakeN', 'PRX d4v41', 'PRX Monyet', 'PRX mindfreak']",Breeze,Icebox,Sunset,Split,-,Sunset,Lotus,Split,-,-,https://www.vlr.gg/312799/team-heretics-vs-paper-rex-champions-tour-2024-masters-madrid-swiss-stage-r2
LOUD,LOUD,2,Bo3,B,win,"[['Icebox', 13, 11, 2], ['Sunset', 13, 4, 9]]",26,15,11,Champions Tour 2024: Masters Madrid,Swiss Stage: Round 3,"['LOUD ambitioN', 'LOUD cauanzin', 'LOUD Less', 'LOUD tuyz', 'LOUD saadhak']",Split,Bind,Sunset,Breeze,-,Icebox,Sunset,-,-,-,https://www.vlr.gg/312803/loud-vs-edward-gaming-champions-tour-2024-masters-madrid-swiss-stage-r3
EDward Gaming,EDG,0,Bo3,A,loss,"[['Icebox', 2, 1, 1], ['Sunset', 3, 3, 0]]",5,4,1,Champions Tour 2024: Masters Madrid,Swiss Stage: Round 3,"['EDG Smoggy', 'EDG nobody', 'EDG CHICHOO', 'EDG ZmjjKK', 'EDG Haodong']",Ascent,Lotus,Icebox,Breeze,-,Icebox,Sunset,-,-,-,https://www.vlr.gg/312803/loud-vs-edward-gaming-champions-tour-2024-masters-madrid-swiss-stage-r3
Karmine Corp,KC,1,Bo3,B,loss,"[['Bind', 10, 6, 4], ['Lotus', 13, 5, 8], ['Ascent', 12, 5, 7]]",35,16,19,Champions Tour 2024: Masters Madrid,Swiss Stage: Round 3,"['KC N4RRATE', 'KC marteen', 'KC MAGNUM', 'KC sh1n', 'KC tomaszy']",Sunset,Breeze,Lotus,Ascent,-,Bind,Lotus,Ascent,-,-,https://www.vlr.gg/312802/karmine-corp-vs-paper-rex-champions-tour-2024-masters-madrid-swiss-stage-r3
Paper Rex,PRX,2,Bo3,A,win,"[['Bind', 13, 8, 5], ['Lotus', 6, 4, 2], ['Ascent', 14, 5, 7]]",33,17,14,Champions Tour 2024: Masters Madrid,Swiss Stage: Round 3,"['PRX d4v41', 'PRX f0rsakeN', 'PRX something', 'PRX Monyet', 'PRX mindfreak']",Icebox,Split,Bind,Ascent,-,Bind,Lotus,Ascent,-,-,https://www.vlr.gg/312802/karmine-corp-vs-paper-rex-champions-tour-2024-masters-madrid-swiss-stage-r3
Gen.G,GEN,2,Bo3,B,win,"[['Split', 13, 8, 5], ['Lotus', 13, 5, 8]]",26,13,13,Champions Tour 2024: Masters Madrid,Playoffs: Upper Semifinals,"['GEN Munchkin', 'GEN t3xture', 'GEN Meteor', 'GEN Lakia', 'GEN Karon']",Sunset,Bind,Lotus,Ascent,-,Split,Lotus,-,-,-,https://www.vlr.gg/312777/gen-g-vs-paper-rex-champions-tour-2024-masters-madrid-ubsf
Paper Rex,PRX,0,Bo3,A,loss,"[['Split', 8, 4, 4], ['Lotus', 9, 4, 5]]",17,8,9,Champions Tour 2024: Masters Madrid,Playoffs: Upper Semifinals,"['PRX d4v41', 'PRX f0rsakeN', 'PRX something', 'PRX Monyet', 'PRX mindfreak']",Icebox,Breeze,Split,Ascent,-,Split,Lotus,-,-,-,https://www.vlr.gg/312777/gen-g-vs-paper-rex-champions-tour-2024-masters-madrid-ubsf
Sentinels,SEN,2,Bo3,A,win,"[['Split', 4, 1, 3], ['Icebox', 14, 5, 7], ['Sunset', 12, 7, 5]]",30,13,15,Champions Tour 2024: Masters Madrid,Playoffs: Upper Semifinals,"['SEN johnqt', 'SEN TenZ', 'SEN Zellsis', 'SEN zekken', 'SEN Sacy']",Breeze,Ascent,Split,Sunset,-,Split,Icebox,Sunset,-,-,https://www.vlr.gg/312776/sentinels-vs-loud-champions-tour-2024-masters-madrid-ubsf
LOUD,LOUD,1,Bo3,B,loss,"[['Split', 13, 9, 4], ['Icebox', 12, 5, 7], ['Sunset', 14, 7, 5]]",39,21,16,Champions Tour 2024: Masters Madrid,Playoffs: Upper Semifinals,"['LOUD tuyz', 'LOUD ambitioN', 'LOUD saadhak', 'LOUD cauanzin', 'LOUD Less']",Lotus,Bind,Icebox,Sunset,-,Split,Icebox,Sunset,-,-,https://www.vlr.gg/312776/sentinels-vs-loud-champions-tour-2024-masters-madrid-ubsf
Gen.G,GEN,2,Bo3,B,win,"[['Split', 13, 8, 5], ['Lotus', 7, 2, 5], ['Breeze', 13, 4, 9]]",33,14,19,Champions Tour 2024: Masters Madrid,Playoffs: Upper Final,"['GEN Meteor', 'GEN Munchkin', 'GEN Karon', 'GEN t3xture', 'GEN Lakia']",Sunset,Bind,Lotus,Breeze,-,Split,Lotus,Breeze,-,-,https://www.vlr.gg/312778/gen-g-vs-sentinels-champions-tour-2024-masters-madrid-ubf
Sentinels,SEN,1,Bo3,A,loss,"[['Split', 5, 1, 4], ['Lotus', 13, 7, 6], ['Breeze', 3, 3, 0]]",21,11,10,Champions Tour 2024: Masters Madrid,Playoffs: Upper Final,"['SEN johnqt', 'SEN Zellsis', 'SEN zekken', 'SEN Sacy', 'SEN TenZ']",Icebox,Ascent,Split,Breeze,-,Split,Lotus,Breeze,-,-,https://www.vlr.gg/312778/gen-g-vs-sentinels-champions-tour-2024-masters-madrid-ubf
Paper Rex,PRX,2,Bo3,B,win,"[['Ascent', 13, 6, 7], ['Sunset', 13, 6, 7]]",26,12,14,Champions Tour 2024: Masters Madrid,Playoffs: Lower Round 1,"['PRX something', 'PRX f0rsakeN', 'PRX mindfreak', 'PRX d4v41', 'PRX Monyet']",Icebox,Breeze,Sunset,Bind,-,Ascent,Sunset,-,-,-,https://www.vlr.gg/312780/paper-rex-vs-loud-champions-tour-2024-masters-madrid-lr1
LOUD,LOUD,0,Bo3,A,loss,"[['Ascent', 11, 5, 6], ['Sunset', 8, 5, 3]]",19,10,9,Champions Tour 2024: Masters Madrid,Playoffs: Lower Round 1,"['LOUD tuyz', 'LOUD cauanzin', 'LOUD Less', 'LOUD saadhak', 'LOUD ambitioN']",Split,Lotus,Ascent,Bind,-,Ascent,Sunset,-,-,-,https://www.vlr.gg/312780/paper-rex-vs-loud-champions-tour-2024-masters-madrid-lr1
Sentinels,SEN,3,Bo5,A,win,"[['Lotus', 12, 6, 6], ['Ascent', 6, 6, 0], ['Split', 13, 5, 8], ['Sunset', 3, 3, 0]]",34,20,14,Champions Tour 2024: Masters Madrid,Playoffs: Lower Final,"['SEN zekken', 'SEN TenZ', 'SEN johnqt', 'SEN Sacy', 'SEN Zellsis']",Breeze,-,Lotus,Split,Bind,Lotus,Ascent,Split,Sunset,-,https://www.vlr.gg/312781/sentinels-vs-paper-rex-champions-tour-2024-masters-madrid-lbf
Paper Rex,PRX,1,Bo5,B,loss,"[['Lotus', 14, 6, 6], ['Ascent', 13, 7, 6], ['Split', 5, 4, 1], ['Sunset', 13, 4, 9]]",45,21,22,Champions Tour 2024: Masters Madrid,Playoffs: Lower Final,"['PRX something', 'PRX f0rsakeN', 'PRX mindfreak', 'PRX Monyet', 'PRX d4v41']",Icebox,-,Ascent,Sunset,Bind,Lotus,Ascent,Split,Sunset,-,https://www.vlr.gg/312781/sentinels-vs-paper-rex-champions-tour-2024-masters-madrid-lbf
Gen.G,GEN,2,Bo5,A,loss,"[['Breeze', 8, 3, 5], ['Bind', 14, 6, 6], ['Ascent', 8, 2, 6], ['Split', 13, 5, 8], ['Icebox', 13, 6, 7]]",56,22,32,Champions Tour 2024: Masters Madrid,Playoffs: Grand Final,"['GEN Karon', 'GEN Munchkin', 'GEN Lakia', 'GEN t3xture', 'GEN Meteor']",Lotus,Sunset,Breeze,Ascent,Icebox,Breeze,Bind,Ascent,Split,Icebox,https://www.vlr.gg/312779/gen-g-vs-sentinels-champions-tour-2024-masters-madrid-gf
Sentinels,SEN,3,Bo5,B,win,"[['Breeze', 13, 7, 6], ['Bind', 12, 6, 6], ['Ascent', 13, 6, 7], ['Split', 10, 4, 6], ['Icebox', 6, 5, 1]]",54,28,26,Champions Tour 2024: Masters Madrid,Playoffs: Grand Final,"['SEN zekken', 'SEN TenZ', 'SEN Sacy', 'SEN johnqt', 'SEN Zellsis']",-,-,Bind,Split,Icebox,Breeze,Bind,Ascent,Split,Icebox,https://www.vlr.gg/312779/gen-g-vs-sentinels-champions-tour-2024-masters-madrid-gf
NRG,NRG,2,Bo3,B,win,"[['Breeze', 13, 5, 8], ['Ascent', 13, 6, 7]]",26,11,15,Champions Tour 2024: Americas Kickoff,Group Stage: Opening (A),"['NRG Ethan', 'NRG Demon1', 'NRG Victor', 'NRG crashies', 'NRG Marved']",Bind,Icebox,Ascent,Split,-,Breeze,Ascent,-,-,-,https://www.vlr.gg/295605/nrg-esports-vs-furia-champions-tour-2024-americas-kickoff-opening-a
FURIA,FUR,0,Bo3,A,loss,"[['Breeze', 10, 4, 6], ['Ascent', 8, 2, 6]]",18,6,12,Champions Tour 2024: Americas Kickoff,Group Stage: Opening (A),"['FUR mwzera', 'FUR Khalil', 'FUR liazzi', 'FUR kon4n', 'FUR havoc']",Sunset,Lotus,Breeze,Split,-,Breeze,Ascent,-,-,-,https://www.vlr.gg/295605/nrg-esports-vs-furia-champions-tour-2024-americas-kickoff-opening-a
Cloud9,C9,2,Bo3,A,win,"[['Bind', 11, 7, 4], ['Split', 13, 6, 7], ['Lotus', 10, 3, 7]]",34,16,18,Champions Tour 2024: Americas Kickoff,Group Stage: Opening (A),"['C9 wippie', 'C9 OXY', 'C9 vanity', 'C9 Xeppaa', 'C9 jakee']",Ascent,Breeze,Bind,Lotus,-,Bind,Split,Lotus,-,-,https://www.vlr.gg/295606/cloud9-vs-mibr-champions-tour-2024-americas-kickoff-opening-a
MIBR,MIBR,1,Bo3,B,loss,"[['Bind', 13, 8, 5], ['Split', 8, 2, 6], ['Lotus', 13, 5, 8]]",34,15,19,Champions Tour 2024: Americas Kickoff,Group Stage: Opening (A),"['MIBR RgLMeister', 'MIBR jzz', 'MIBR mazin', 'MIBR artzin', 'MIBR frz']",Icebox,Sunset,Split,Lotus,-,Bind,Split,Lotus,-,-,https://www.vlr.gg/295606/cloud9-vs-mibr-champions-tour-2024-americas-kickoff-opening-a
LOUD,LOUD,2,Bo3,B,win,"[['Split', 13, 4, 9], ['Ascent', 13, 5, 8]]",26,9,17,Champions Tour 2024: Americas Kickoff,Group Stage: Opening (B),"['LOUD cauanzin', 'LOUD ambitioN', 'LOUD Less', 'LOUD saadhak', 'LOUD tuyz']",Breeze,Bind,Ascent,Sunset,-,Split,Ascent,-,-,-,https://www.vlr.gg/295610/loud-vs-sentinels-champions-tour-2024-americas-kickoff-opening-b
Sentinels,SEN,0,Bo3,A,loss,"[['Split', 11, 3, 8], ['Ascent', 9, 2, 7]]",20,5,15,Champions Tour 2024: Americas Kickoff,Group Stage: Opening (B),"['SEN zekken', 'SEN johnqt', 'SEN Sacy', 'SEN TenZ', 'SEN Zellsis']",Icebox,Lotus,Split,Sunset,-,Split,Ascent,-,-,-,https://www.vlr.gg/295610/loud-vs-sentinels-champions-tour-2024-americas-kickoff-opening-b
LEVIATÁN,LEV,2,Bo3,B,win,"[['Bind', 13, 7, 6], ['Split', 3, 3, 0], ['Icebox', 13, 6, 7]]",29,16,13,Champions Tour 2024: Americas Kickoff,Group Stage: Opening (B),"['LEV aspas', 'LEV C0M', 'LEV Mazino', 'LEV tex', 'LEV kiNgg']",Lotus,Ascent,Split,Icebox,-,Bind,Split,Icebox,-,-,https://www.vlr.gg/295611/leviat-n-vs-100-thieves-champions-tour-2024-americas-kickoff-opening-b
100 Thieves,100T,1,Bo3,A,loss,"[['Bind', 9, 4, 5], ['Split', 13, 4, 9], ['Icebox', 11, 5, 6]]",33,13,20,Champions Tour 2024: Americas Kickoff,Group Stage: Opening (B),"['100T Cryocells', '100T Boostio', '100T eeiu', '100T bang', '100T Asuna']",Breeze,Sunset,Bind,Icebox,-,Bind,Split,Icebox,-,-,https://www.vlr.gg/295611/leviat-n-vs-100-thieves-champions-tour-2024-americas-kickoff-opening-b
KRÜ Esports,KRÜ,1,Bo3,B,loss,"[['Icebox', 13, 7, 6], ['Sunset', 9, 6, 3], ['Ascent', 11, 7, 4]]",33,20,13,Champions Tour 2024: Americas Kickoff,Group Stage: Opening (C),"['KRÜ keznit', 'KRÜ Klaus', 'KRÜ Shyy', 'KRÜ mta', 'KRÜ Melser']",Bind,Breeze,Sunset,Ascent,-,Icebox,Sunset,Ascent,-,-,https://www.vlr.gg/295615/kr-esports-vs-g2-esports-champions-tour-2024-americas-kickoff-opening-c
G2 Esports,G2,2,Bo3,A,win,"[['Icebox', 9, 6, 3], ['Sunset', 13, 7, 6], ['Ascent', 13, 8, 5]]",35,21,14,Champions Tour 2024: Americas Kickoff,Group Stage: Opening (C),"['G2 valyn', 'G2 JonahP', 'G2 trent', 'G2 leaf', 'G2 neT']",Lotus,Split,Icebox,Ascent,-,Icebox,Sunset,Ascent,-,-,https://www.vlr.gg/295615/kr-esports-vs-g2-esports-champions-tour-2024-americas-kickoff-opening-c
FURIA,FUR,0,Bo3,B,loss,"[['Split', 9, 7, 2], ['Breeze', 11, 3, 8]]",20,10,10,Champions Tour 2024: Americas Kickoff,Group Stage: Elimination (A),"['FUR mwzera', 'FUR havoc', 'FUR kon4n', 'FUR Khalil', 'FUR liazzi']",Ascent,Sunset,Breeze,Lotus,-,Split,Breeze,-,-,-,https://www.vlr.gg/295608/furia-vs-mibr-champions-tour-2024-americas-kickoff-elim-a
MIBR,MIBR,2,Bo3,A,win,"[['Split', 13, 8, 5], ['Breeze', 13, 4, 9]]",26,12,14,Champions Tour 2024: Americas Kickoff,Group Stage: Elimination (A),"['MIBR frz', 'MIBR artzin', 'MIBR RgLMeister', 'MIBR jzz', 'MIBR mazin']",Icebox,Bind,Split,Lotus,-,Split,Breeze,-,-,-,https://www.vlr.gg/295608/furia-vs-mibr-champions-tour-2024-americas-kickoff-elim-a
Sentinels,SEN,2,Bo3,B,win,"[['Lotus', 13, 9, 4], ['Bind', 6, 2, 4], ['Split', 13, 7, 6]]",32,18,14,Champions Tour 2024: Americas Kickoff,Group Stage: Elimination (B),"['SEN zekken', 'SEN johnqt', 'SEN Sacy', 'SEN TenZ', 'SEN Zellsis']",Icebox,Ascent,Bind,Split,-,Lotus,Bind,Split,-,-,https://www.vlr.gg/295613/sentinels-vs-100-thieves-champions-tour-2024-americas-kickoff-elim-b
100 Thieves,100T,1,Bo3,A,loss,"[['Lotus', 5, 2, 3], ['Bind', 13, 8, 5], ['Split', 8, 3, 5]]",26,13,13,Champions Tour 2024: Americas Kickoff,Group Stage: Elimination (B),"['100T bang', '100T Cryocells', '100T eeiu', '100T Asuna', '100T Boostio']",Sunset,Breeze,Lotus,Split,-,Lotus,Bind,Split,-,-,https://www.vlr.gg/295613/sentinels-vs-100-thieves-champions-tour-2024-americas-kickoff-elim-b
NRG,NRG,2,Bo3,B,win,"[['Sunset', 13, 5, 8], ['Ascent', 14, 5, 7]]",27,10,15,Champions Tour 2024: Americas Kickoff,Group Stage: Winner's (A),"['NRG Victor', 'NRG Demon1', 'NRG crashies', 'NRG Marved', 'NRG Ethan']",Bind,Icebox,Ascent,Lotus,-,Sunset,Ascent,-,-,-,https://www.vlr.gg/295607/nrg-esports-vs-cloud9-champions-tour-2024-americas-kickoff-winners-a
Cloud9,C9,0,Bo3,A,loss,"[['Sunset', 7, 4, 3], ['Ascent', 12, 5, 7]]",19,9,10,Champions Tour 2024: Americas Kickoff,Group Stage: Winner's (A),"['C9 vanity', 'C9 wippie', 'C9 Xeppaa', 'C9 OXY', 'C9 jakee']",Split,Breeze,Sunset,Lotus,-,Sunset,Ascent,-,-,-,https://www.vlr.gg/295607/nrg-esports-vs-cloud9-champions-tour-2024-americas-kickoff-winners-a
LOUD,LOUD,2,Bo3,B,win,"[['Bind', 11, 8, 3], ['Split', 13, 7, 6], ['Ascent', 13, 9, 4]]",37,24,13,Champions Tour 2024: Americas Kickoff,Group Stage: Winner's (B),"['LOUD Less', 'LOUD tuyz', 'LOUD cauanzin', 'LOUD ambitioN', 'LOUD saadhak']",Breeze,Icebox,Split,Ascent,-,Bind,Split,Ascent,-,-,https://www.vlr.gg/295612/loud-vs-leviat-n-champions-tour-2024-americas-kickoff-winners-b
LEVIATÁN,LEV,1,Bo3,A,loss,"[['Bind', 13, 9, 4], ['Split', 10, 6, 4], ['Ascent', 7, 4, 3]]",30,19,11,Champions Tour 2024: Americas Kickoff,Group Stage: Winner's (B),"['LEV kiNgg', 'LEV C0M', 'LEV aspas', 'LEV Mazino', 'LEV tex']",Sunset,Lotus,Bind,Ascent,-,Bind,Split,Ascent,-,-,https://www.vlr.gg/295612/loud-vs-leviat-n-champions-tour-2024-americas-kickoff-winners-b
G2 Esports,G2,0,Bo3,A,loss,"[['Sunset', 15, 8, 4], ['Icebox', 13, 6, 7]]",28,14,11,Champions Tour 2024: Americas Kickoff,Group Stage: Winner's (C),"['G2 leaf', 'G2 JonahP', 'G2 trent', 'G2 valyn', 'G2 neT']",Lotus,Breeze,Sunset,Split,-,Sunset,Icebox,-,-,-,https://www.vlr.gg/295617/g2-esports-vs-evil-geniuses-champions-tour-2024-americas-kickoff-winners-c
Evil Geniuses,EG,2,Bo3,B,win,"[['Sunset', 13, 8, 4], ['Icebox', 11, 5, 6]]",24,13,10,Champions Tour 2024: Americas Kickoff,Group Stage: Winner's (C),"['EG supamen', 'EG Apoth', 'EG Derrek', 'EG jawgemo', 'EG NaturE']",Bind,Ascent,Icebox,Split,-,Sunset,Icebox,-,-,-,https://www.vlr.gg/295617/g2-esports-vs-evil-geniuses-champions-tour-2024-americas-kickoff-winners-c
Cloud9,C9,0,Bo3,A,loss,"[['Bind', 14, 7, 5], ['Ascent', 13, 7, 6]]",27,14,11,Champions Tour 2024: Americas Kickoff,Group Stage: Decider (A),"['C9 jakee', 'C9 Xeppaa', 'C9 vanity', 'C9 wippie', 'C9 OXY']",Split,Breeze,Bind,Sunset,-,Bind,Ascent,-,-,-,https://www.vlr.gg/295609/cloud9-vs-mibr-champions-tour-2024-americas-kickoff-decider-a
MIBR,MIBR,2,Bo3,B,win,"[['Bind', 12, 7, 5], ['Ascent', 9, 4, 5]]",21,11,10,Champions Tour 2024: Americas Kickoff,Group Stage: Decider (A),"['MIBR RgLMeister', 'MIBR frz', 'MIBR jzz', 'MIBR mazin', 'MIBR artzin']",Icebox,Lotus,Ascent,Sunset,-,Bind,Ascent,-,-,-,https://www.vlr.gg/295609/cloud9-vs-mibr-champions-tour-2024-americas-kickoff-decider-a
LEVIATÁN,LEV,1,Bo3,B,loss,"[['Split', 3, 3, 0], ['Breeze', 13, 9, 4], ['Bind', 9, 3, 6]]",25,15,10,Champions Tour 2024: Americas Kickoff,Group Stage: Decider (B),"['LEV aspas', 'LEV kiNgg', 'LEV C0M', 'LEV Mazino', 'LEV tex']",Sunset,Lotus,Breeze,Bind,-,Split,Breeze,Bind,-,-,https://www.vlr.gg/295614/leviat-n-vs-sentinels-champions-tour-2024-americas-kickoff-decider-b
Sentinels,SEN,2,Bo3,A,win,"[['Split', 13, 4, 9], ['Breeze', 6, 3, 3], ['Bind', 13, 6, 7]]",32,13,19,Champions Tour 2024: Americas Kickoff,Group Stage: Decider (B),"['SEN zekken', 'SEN Zellsis', 'SEN Sacy', 'SEN johnqt', 'SEN TenZ']",Icebox,Ascent,Split,Bind,-,Split,Breeze,Bind,-,-,https://www.vlr.gg/295614/leviat-n-vs-sentinels-champions-tour-2024-americas-kickoff-decider-b
G2 Esports,G2,2,Bo3,B,win,"[['Split', 13, 6, 7], ['Sunset', 13, 8, 5]]",26,14,12,Champions Tour 2024: Americas Kickoff,Group Stage: Decider (C),"['G2 leaf', 'G2 trent', 'G2 neT', 'G2 valyn', 'G2 JonahP']",Lotus,Ascent,Sunset,Icebox,-,Split,Sunset,-,-,-,https://www.vlr.gg/295619/g2-esports-vs-kr-esports-champions-tour-2024-americas-kickoff-decider-c
KRÜ Esports,KRÜ,0,Bo3,A,loss,"[['Split', 8, 5, 3], ['Sunset', 8, 7, 1]]",16,12,4,Champions Tour 2024: Americas Kickoff,Group Stage: Decider (C),"['KRÜ Shyy', 'KRÜ keznit', 'KRÜ mta', 'KRÜ Klaus', 'KRÜ Melser']",Bind,Breeze,Split,Icebox,-,Split,Sunset,-,-,-,https://www.vlr.gg/295619/g2-esports-vs-kr-esports-champions-tour-2024-americas-kickoff-decider-c
MIBR,MIBR,0,Bo3,B,loss,"[['Split', 7, 2, 5], ['Ascent', 6, 5, 1]]",13,7,6,Champions Tour 2024: Americas Kickoff,Play-Ins: Play-ins,"['MIBR artzin', 'MIBR frz', 'MIBR RgLMeister', 'MIBR mazin', 'MIBR jzz']",Bind,Lotus,Ascent,Sunset,-,Split,Ascent,-,-,-,https://www.vlr.gg/307572/mibr-vs-sentinels-champions-tour-2024-americas-kickoff-play-ins
Sentinels,SEN,2,Bo3,A,win,"[['Split', 13, 3, 10], ['Ascent', 13, 6, 7]]",26,9,17,Champions Tour 2024: Americas Kickoff,Play-Ins: Play-ins,"['SEN zekken', 'SEN TenZ', 'SEN Zellsis', 'SEN Sacy', 'SEN johnqt']",Breeze,Icebox,Split,Sunset,-,Split,Ascent,-,-,-,https://www.vlr.gg/307572/mibr-vs-sentinels-champions-tour-2024-americas-kickoff-play-ins
G2 Esports,G2,1,Bo3,A,loss,"[['Sunset', 13, 6, 7], ['Split', 13, 7, 5], ['Breeze', 13, 6, 7]]",39,19,19,Champions Tour 2024: Americas Kickoff,Play-Ins: Play-ins,"['G2 leaf', 'G2 trent', 'G2 neT', 'G2 JonahP', 'G2 valyn']",Lotus,Bind,Sunset,Breeze,-,Sunset,Split,Breeze,-,-,https://www.vlr.gg/307573/g2-esports-vs-mibr-champions-tour-2024-americas-kickoff-play-ins
MIBR,MIBR,2,Bo3,B,win,"[['Sunset', 9, 3, 6], ['Split', 15, 7, 5], ['Breeze', 10, 4, 6]]",34,14,17,Champions Tour 2024: Americas Kickoff,Play-Ins: Play-ins,"['MIBR jzz', 'MIBR artzin', 'MIBR frz', 'MIBR RgLMeister', 'MIBR mazin']",Icebox,Ascent,Split,Breeze,-,Sunset,Split,Breeze,-,-,https://www.vlr.gg/307573/g2-esports-vs-mibr-champions-tour-2024-americas-kickoff-play-ins
Sentinels,SEN,1,Bo3,A,loss,"[['Sunset', 8, 0, 8], ['Breeze', 13, 9, 4], ['Split', 13, 5, 8]]",34,14,20,Champions Tour 2024: Americas Kickoff,Play-Ins: Play-ins,"['SEN Zellsis', 'SEN Sacy', 'SEN TenZ', 'SEN johnqt', 'SEN zekken']",Icebox,Ascent,Sunset,Split,-,Sunset,Breeze,Split,-,-,https://www.vlr.gg/307574/sentinels-vs-g2-esports-champions-tour-2024-americas-kickoff-play-ins
G2 Esports,G2,2,Bo3,B,win,"[['Sunset', 13, 4, 9], ['Breeze', 9, 6, 3], ['Split', 9, 2, 7]]",31,12,19,Champions Tour 2024: Americas Kickoff,Play-Ins: Play-ins,"['G2 neT', 'G2 leaf', 'G2 trent', 'G2 valyn', 'G2 JonahP']",Lotus,Bind,Breeze,Split,-,Sunset,Breeze,Split,-,-,https://www.vlr.gg/307574/sentinels-vs-g2-esports-champions-tour-2024-americas-kickoff-play-ins
Evil Geniuses,EG,1,Bo3,B,loss,"[['Ascent', 13, 4, 9], ['Icebox', 7, 3, 4], ['Sunset', 5, 4, 1]]",25,11,14,Champions Tour 2024: Americas Kickoff,Playoffs: Semifinals,"['EG Derrek', 'EG Apoth', 'EG supamen', 'EG jawgemo', 'EG NaturE']",Bind,Split,Icebox,Sunset,-,Ascent,Icebox,Sunset,-,-,https://www.vlr.gg/303087/evil-geniuses-vs-loud-champions-tour-2024-americas-kickoff-sf
LOUD,LOUD,2,Bo3,A,win,"[['Ascent', 7, 3, 4], ['Icebox', 13, 8, 5], ['Sunset', 13, 5, 8]]",33,16,17,Champions Tour 2024: Americas Kickoff,Playoffs: Semifinals,"['LOUD tuyz', 'LOUD Less', 'LOUD cauanzin', 'LOUD saadhak', 'LOUD ambitioN']",Breeze,Lotus,Ascent,Sunset,-,Ascent,Icebox,Sunset,-,-,https://www.vlr.gg/303087/evil-geniuses-vs-loud-champions-tour-2024-americas-kickoff-sf
NRG,NRG,1,Bo3,B,loss,"[['Sunset', 14, 5, 7], ['Ascent', 13, 8, 5], ['Split', 3, 1, 2]]",30,14,14,Champions Tour 2024: Americas Kickoff,Playoffs: Semifinals,"['NRG Victor', 'NRG Marved', 'NRG Ethan', 'NRG crashies', 'NRG Demon1']",Bind,Lotus,Ascent,Split,-,Sunset,Ascent,Split,-,-,https://www.vlr.gg/303088/nrg-esports-vs-sentinels-champions-tour-2024-americas-kickoff-sf
Sentinels,SEN,2,Bo3,A,win,"[['Sunset', 16, 5, 7], ['Ascent', 8, 4, 4], ['Split', 13, 2, 11]]",37,11,22,Champions Tour 2024: Americas Kickoff,Playoffs: Semifinals,"['SEN TenZ', 'SEN Zellsis', 'SEN zekken', 'SEN johnqt', 'SEN Sacy']",Breeze,Icebox,Sunset,Split,-,Sunset,Ascent,Split,-,-,https://www.vlr.gg/303088/nrg-esports-vs-sentinels-champions-tour-2024-americas-kickoff-sf
LOUD,LOUD,2,Bo5,A,loss,"[['Sunset', 13, 8, 5], ['Split', 13, 4, 9], ['Icebox', 11, 7, 4], ['Bind', 8, 5, 3], ['Lotus', 13, 10, 3]]",58,34,24,Champions Tour 2024: Americas Kickoff,Playoffs: Grand Final,"['LOUD tuyz', 'LOUD Less', 'LOUD ambitioN', 'LOUD cauanzin', 'LOUD saadhak']",Breeze,-,Sunset,Icebox,Lotus,Sunset,Split,Icebox,Bind,Lotus,https://www.vlr.gg/303086/loud-vs-sentinels-champions-tour-2024-americas-kickoff-gf
Sentinels,SEN,3,Bo5,B,win,"[['Sunset', 9, 5, 4], ['Split', 3, 3, 0], ['Icebox', 13, 8, 5], ['Bind', 13, 9, 4], ['Lotus', 4, 2, 2]]",42,27,15,Champions Tour 2024: Americas Kickoff,Playoffs: Grand Final,"['SEN TenZ', 'SEN zekken', 'SEN johnqt', 'SEN Sacy', 'SEN Zellsis']",Ascent,-,Split,Bind,Lotus,Sunset,Split,Icebox,Bind,Lotus,https://www.vlr.gg/303086/loud-vs-sentinels-champions-tour-2024-americas-kickoff-gf
Trace Esports,TE,2,Bo3,B,win,"[['Ascent', 13, 5, 8], ['Sunset', 13, 2, 11]]",26,7,19,Champions Tour 2024: China Kickoff,Group Stage: Opening (A),"['TE Flex1n', 'TE FengF', 'TE heybay', 'TE YOU', 'TE Kai']",Icebox,Bind,Sunset,Split,-,Ascent,Sunset,-,-,-,https://www.vlr.gg/298687/trace-esports-vs-tyloo-champions-tour-2024-china-kickoff-opening-a
TYLOO,TYL,0,Bo3,A,loss,"[['Ascent', 4, 4, 0], ['Sunset', 3, 1, 2]]",7,5,2,Champions Tour 2024: China Kickoff,Group Stage: Opening (A),"['TYL Ninebody', 'TYL LuoK1ng', 'TYL ICEKING', 'TYL zjc', 'TYL AAK']",Lotus,Breeze,Ascent,Split,-,Ascent,Sunset,-,-,-,https://www.vlr.gg/298687/trace-esports-vs-tyloo-champions-tour-2024-china-kickoff-opening-a
FunPlus Phoenix,FPX,2,Bo3,B,win,"[['Lotus', 13, 6, 7], ['Sunset', 13, 7, 6]]",26,13,13,Champions Tour 2024: China Kickoff,Group Stage: Opening (A),"['FPX Lysoar', 'FPX AAAAY', 'FPX Life', 'FPX Autumn', 'FPX BerLIN']",Ascent,Split,Lotus,Bind,-,Sunset,Lotus,-,-,-,https://www.vlr.gg/298688/funplus-phoenix-vs-nova-esports-champions-tour-2024-china-kickoff-opening-a
Nova Esports,NOVA,0,Bo3,A,loss,"[['Lotus', 5, 5, 0], ['Sunset', 10, 5, 5]]",15,10,5,Champions Tour 2024: China Kickoff,Group Stage: Opening (A),"['NOVA GuanG', 'NOVA o0o0o', 'NOVA OBONE', 'NOVA cb', 'NOVA PangH']",Breeze,Icebox,Sunset,Bind,-,Sunset,Lotus,-,-,-,https://www.vlr.gg/298688/funplus-phoenix-vs-nova-esports-champions-tour-2024-china-kickoff-opening-a
JDG Esports,JDG,0,Bo3,A,loss,"[['Lotus', 13, 7, 6], ['Bind', 16, 4, 8]]",29,11,14,Champions Tour 2024: China Kickoff,Group Stage: Opening (B),"['JDG stew', 'JDG Viva', 'JDG MarT1n', 'JDG YiHao', 'JDG jkuro']",Breeze,Ascent,Lotus,Split,-,Lotus,Bind,-,-,-,https://www.vlr.gg/298692/jd-gaming-vs-titan-esports-club-champions-tour-2024-china-kickoff-opening-b
Titan Esports Club,TEC,2,Bo3,B,win,"[['Lotus', 8, 6, 2], ['Bind', 14, 4, 8]]",22,10,10,Champions Tour 2024: China Kickoff,Group Stage: Opening (B),"['TEC kawaii', 'TEC Rb', 'TEC QiuYe', 'TEC Abo', 'TEC LockM']",Sunset,Icebox,Bind,Split,-,Lotus,Bind,-,-,-,https://www.vlr.gg/298692/jd-gaming-vs-titan-esports-club-champions-tour-2024-china-kickoff-opening-b
Dragon Ranger Gaming,DRG,2,Bo3,B,win,"[['Sunset', 13, 8, 5], ['Ascent', 13, 4, 9]]",26,12,14,Champions Tour 2024: China Kickoff,Group Stage: Opening (B),"['DRG vo0kashu', 'DRG TvirusLuke', 'DRG Nicc', 'DRG nizhaoTZH', 'DRG Dingwei']",Breeze,Split,Ascent,Icebox,-,Sunset,Ascent,-,-,-,https://www.vlr.gg/298693/dragon-ranger-gaming-vs-all-gamers-champions-tour-2024-china-kickoff-opening-b
All Gamers,AG,0,Bo3,A,loss,"[['Sunset', 11, 7, 4], ['Ascent', 4, 3, 1]]",15,10,5,Champions Tour 2024: China Kickoff,Group Stage: Opening (B),"['AG bunt', 'AG monk', 'AG sword9', 'AG Spitfires', 'AG deLb']",Lotus,Bind,Sunset,Icebox,-,Sunset,Ascent,-,-,-,https://www.vlr.gg/298693/dragon-ranger-gaming-vs-all-gamers-champions-tour-2024-china-kickoff-opening-b
Bilibili Gaming,BLG,0,Bo3,A,loss,"[['Ascent', 13, 4, 9], ['Icebox', 13, 7, 6]]",26,11,15,Champions Tour 2024: China Kickoff,Group Stage: Opening (C),"['BLG Knight', 'BLG whzy', 'BLG Biank', 'BLG yosemite', 'BLG B3ar']",Breeze,Bind,Ascent,Split,-,Ascent,Icebox,-,-,-,https://www.vlr.gg/298697/bilibili-gaming-vs-wolves-esports-champions-tour-2024-china-kickoff-opening-c
Wolves Esports,WOL,2,Bo3,B,win,"[['Ascent', 9, 3, 6], ['Icebox', 7, 2, 5]]",16,5,11,Champions Tour 2024: China Kickoff,Group Stage: Opening (C),"['WOL pl1xx', 'WOL Yuicaw', 'WOL balua', 'WOL coldfish', 'WOL Spring']",Lotus,Sunset,Icebox,Split,-,Ascent,Icebox,-,-,-,https://www.vlr.gg/298697/bilibili-gaming-vs-wolves-esports-champions-tour-2024-china-kickoff-opening-c
TYLOO,TYL,0,Bo3,A,loss,"[['Ascent', 13, 7, 6], ['Split', 13, 7, 6]]",26,14,12,Champions Tour 2024: China Kickoff,Group Stage: Elimination (A),"['TYL Ninebody', 'TYL ICEKING', 'TYL LuoK1ng', 'TYL AAK', 'TYL zjc']",Sunset,Lotus,Ascent,Bind,-,Ascent,Split,-,-,-,https://www.vlr.gg/298690/tyloo-vs-nova-esports-champions-tour-2024-china-kickoff-elim-a
Nova Esports,NOVA,2,Bo3,B,win,"[['Ascent', 11, 6, 5], ['Split', 11, 6, 5]]",22,12,10,Champions Tour 2024: China Kickoff,Group Stage: Elimination (A),"['NOVA PangH', 'NOVA GuanG', 'NOVA o0o0o', 'NOVA cb', 'NOVA OBONE']",Breeze,Icebox,Split,Bind,-,Ascent,Split,-,-,-,https://www.vlr.gg/298690/tyloo-vs-nova-esports-champions-tour-2024-china-kickoff-elim-a
JDG Esports,JDG,2,Bo3,B,win,"[['Icebox', 13, 6, 7], ['Sunset', 13, 6, 7]]",26,12,14,Champions Tour 2024: China Kickoff,Group Stage: Elimination (B),"['JDG jkuro', 'JDG MarT1n', 'JDG Viva', 'JDG stew', 'JDG YiHao']",Breeze,Bind,Sunset,Split,-,Icebox,Sunset,-,-,-,https://www.vlr.gg/298695/jd-gaming-vs-all-gamers-champions-tour-2024-china-kickoff-elim-b
All Gamers,AG,0,Bo3,A,loss,"[['Icebox', 11, 5, 6], ['Sunset', 8, 2, 6]]",19,7,12,Champions Tour 2024: China Kickoff,Group Stage: Elimination (B),"['AG deLb', 'AG bunt', 'AG Spitfires', 'AG sword9', 'AG monk']",Lotus,Ascent,Icebox,Split,-,Icebox,Sunset,-,-,-,https://www.vlr.gg/298695/jd-gaming-vs-all-gamers-champions-tour-2024-china-kickoff-elim-b
Trace Esports,TE,1,Bo3,B,loss,"[['Sunset', 11, 7, 4], ['Bind', 13, 8, 5], ['Lotus', 10, 5, 5]]",34,20,14,Champions Tour 2024: China Kickoff,Group Stage: Winner's (A),"['TE FengF', 'TE YOU', 'TE heybay', 'TE Kai', 'TE Flex1n']",Icebox,Breeze,Bind,Lotus,-,Sunset,Bind,Lotus,-,-,https://www.vlr.gg/298689/trace-esports-vs-funplus-phoenix-champions-tour-2024-china-kickoff-winners-a
FunPlus Phoenix,FPX,2,Bo3,A,win,"[['Sunset', 13, 8, 5], ['Bind', 11, 7, 4], ['Lotus', 13, 7, 6]]",37,22,15,Champions Tour 2024: China Kickoff,Group Stage: Winner's (A),"['FPX Life', 'FPX Autumn', 'FPX AAAAY', 'FPX BerLIN', 'FPX Lysoar']",Ascent,Split,Sunset,Lotus,-,Sunset,Bind,Lotus,-,-,https://www.vlr.gg/298689/trace-esports-vs-funplus-phoenix-champions-tour-2024-china-kickoff-winners-a
Titan Esports Club,TEC,1,Bo3,B,loss,"[['Icebox', 11, 1, 10], ['Split', 13, 7, 6], ['Bind', 10, 4, 6]]",34,12,22,Champions Tour 2024: China Kickoff,Group Stage: Winner's (B),"['TEC Abo', 'TEC Rb', 'TEC kawaii', 'TEC LockM', 'TEC QiuYe']",Ascent,Sunset,Split,Bind,-,Icebox,Split,Bind,-,-,https://www.vlr.gg/298694/titan-esports-club-vs-dragon-ranger-gaming-champions-tour-2024-china-kickoff-winners-b
Dragon Ranger Gaming,DRG,2,Bo3,A,win,"[['Icebox', 13, 2, 11], ['Split', 8, 6, 2], ['Bind', 13, 6, 7]]",34,14,20,Champions Tour 2024: China Kickoff,Group Stage: Winner's (B),"['DRG vo0kashu', 'DRG Dingwei', 'DRG TvirusLuke', 'DRG nizhaoTZH', 'DRG Nicc']",Lotus,Breeze,Icebox,Bind,-,Icebox,Split,Bind,-,-,https://www.vlr.gg/298694/titan-esports-club-vs-dragon-ranger-gaming-champions-tour-2024-china-kickoff-winners-b
Wolves Esports,WOL,1,Bo3,B,loss,"[['Bind', 10, 5, 5], ['Ascent', 13, 6, 7], ['Breeze', 11, 4, 7]]",34,15,19,Champions Tour 2024: China Kickoff,Group Stage: Winner's (C),"['WOL Spring', 'WOL Yuicaw', 'WOL balua', 'WOL pl1xx', 'WOL coldfish']",Sunset,Split,Ascent,Breeze,-,Bind,Ascent,Breeze,-,-,https://www.vlr.gg/298698/wolves-esports-vs-edward-gaming-champions-tour-2024-china-kickoff-winners-c
EDward Gaming,EDG,2,Bo3,A,win,"[['Bind', 13, 6, 7], ['Ascent', 10, 4, 6], ['Breeze', 13, 5, 8]]",36,15,21,Champions Tour 2024: China Kickoff,Group Stage: Winner's (C),"['EDG ZmjjKK', 'EDG nobody', 'EDG CHICHOO', 'EDG Smoggy', 'EDG Haodong']",Icebox,Lotus,Bind,Breeze,-,Bind,Ascent,Breeze,-,-,https://www.vlr.gg/298698/wolves-esports-vs-edward-gaming-champions-tour-2024-china-kickoff-winners-c
Trace Esports,TE,2,Bo3,B,win,"[['Split', 13, 6, 7], ['Lotus', 13, 5, 8]]",26,11,15,Champions Tour 2024: China Kickoff,Group Stage: Decider (A),"['TE FengF', 'TE Kai', 'TE heybay', 'TE Flex1n', 'TE YOU']",Icebox,Ascent,Lotus,Sunset,-,Split,Lotus,-,-,-,https://www.vlr.gg/298691/trace-esports-vs-nova-esports-champions-tour-2024-china-kickoff-decider-a
Nova Esports,NOVA,0,Bo3,A,loss,"[['Split', 5, 5, 0], ['Lotus', 4, 4, 0]]",9,9,0,Champions Tour 2024: China Kickoff,Group Stage: Decider (A),"['NOVA cb', 'NOVA GuanG', 'NOVA OBONE', 'NOVA o0o0o', 'NOVA PangH']",Breeze,Bind,Split,Sunset,-,Split,Lotus,-,-,-,https://www.vlr.gg/298691/trace-esports-vs-nova-esports-champions-tour-2024-china-kickoff-decider-a
Titan Esports Club,TEC,2,Bo3,B,win,"[['Bind', 5, 1, 4], ['Icebox', 14, 7, 5], ['Lotus', 13, 7, 6]]",32,15,15,Champions Tour 2024: China Kickoff,Group Stage: Decider (B),"['TEC Rb', 'TEC LockM', 'TEC Abo', 'TEC kawaii', 'TEC QiuYe']",Sunset,Split,Icebox,Lotus,-,Bind,Icebox,Lotus,-,-,https://www.vlr.gg/298696/titan-esports-club-vs-jd-gaming-champions-tour-2024-china-kickoff-decider-b
JDG Esports,JDG,1,Bo3,A,loss,"[['Bind', 13, 8, 5], ['Icebox', 12, 7, 5], ['Lotus', 10, 6, 4]]",35,21,14,Champions Tour 2024: China Kickoff,Group Stage: Decider (B),"['JDG stew', 'JDG Viva', 'JDG MarT1n', 'JDG jkuro', 'JDG YiHao']",Breeze,Ascent,Bind,Lotus,-,Bind,Icebox,Lotus,-,-,https://www.vlr.gg/298696/titan-esports-club-vs-jd-gaming-champions-tour-2024-china-kickoff-decider-b
Wolves Esports,WOL,0,Bo3,B,loss,"[['Sunset', 9, 2, 7], ['Icebox', 10, 3, 7]]",19,5,14,Champions Tour 2024: China Kickoff,Group Stage: Decider (C),"['WOL coldfish', 'WOL pl1xx', 'WOL Yuicaw', 'WOL Spring', 'WOL balua']",Lotus,Split,Icebox,Bind,-,Sunset,Icebox,-,-,-,https://www.vlr.gg/298699/wolves-esports-vs-bilibili-gaming-champions-tour-2024-china-kickoff-decider-c
Bilibili Gaming,BLG,2,Bo3,A,win,"[['Sunset', 13, 5, 8], ['Icebox', 13, 4, 9]]",26,9,17,Champions Tour 2024: China Kickoff,Group Stage: Decider (C),"['BLG whzy', 'BLG Biank', 'BLG Knight', 'BLG yosemite', 'BLG B3ar']",Breeze,Ascent,Sunset,Bind,-,Sunset,Icebox,-,-,-,https://www.vlr.gg/298699/wolves-esports-vs-bilibili-gaming-champions-tour-2024-china-kickoff-decider-c
Trace Esports,TE,2,Bo3,B,win,"[['Breeze', 16, 7, 5], ['Lotus', 13, 10, 3], ['Split', 13, 9, 4]]",42,26,12,Champions Tour 2024: China Kickoff,Play-Ins: Round-Robin,"['TE FengF', 'TE Kai', 'TE Flex1n', 'TE heybay', 'TE YOU']",Icebox,Ascent,Lotus,Split,-,Breeze,Lotus,Split,-,-,https://www.vlr.gg/298830/trace-esports-vs-titan-esports-club-champions-tour-2024-china-kickoff-round-robin
Titan Esports Club,TEC,1,Bo3,A,loss,"[['Breeze', 18, 7, 5], ['Lotus', 6, 4, 2], ['Split', 8, 5, 3]]",32,16,10,Champions Tour 2024: China Kickoff,Play-Ins: Round-Robin,"['TEC Rb', 'TEC kawaii', 'TEC LockM', 'TEC Abo', 'TEC QiuYe']",Sunset,Bind,Breeze,Split,-,Breeze,Lotus,Split,-,-,https://www.vlr.gg/298830/trace-esports-vs-titan-esports-club-champions-tour-2024-china-kickoff-round-robin
Bilibili Gaming,BLG,2,Bo3,B,win,"[['Lotus', 13, 4, 9], ['Ascent', 13, 7, 6]]",26,11,15,Champions Tour 2024: China Kickoff,Play-Ins: Round-Robin,"['BLG whzy', 'BLG yosemite', 'BLG Biank', 'BLG Knight', 'BLG B3ar']",Breeze,Split,Ascent,Icebox,-,Lotus,Ascent,-,-,-,https://www.vlr.gg/298831/bilibili-gaming-vs-titan-esports-club-champions-tour-2024-china-kickoff-round-robin
Titan Esports Club,TEC,0,Bo3,A,loss,"[['Lotus', 3, 3, 0], ['Ascent', 8, 3, 5]]",11,6,5,Champions Tour 2024: China Kickoff,Play-Ins: Round-Robin,"['TEC Rb', 'TEC QiuYe', 'TEC LockM', 'TEC kawaii', 'TEC Abo']",Bind,Sunset,Lotus,Icebox,-,Lotus,Ascent,-,-,-,https://www.vlr.gg/298831/bilibili-gaming-vs-titan-esports-club-champions-tour-2024-china-kickoff-round-robin
Bilibili Gaming,BLG,1,Bo3,B,loss,"[['Lotus', 13, 4, 9], ['Sunset', 13, 6, 6], ['Bind', 12, 4, 8]]",38,14,23,Champions Tour 2024: China Kickoff,Play-Ins: Round-Robin,"['BLG yosemite', 'BLG Knight', 'BLG whzy', 'BLG Biank', 'BLG B3ar']",Ascent,Split,Sunset,Bind,-,Lotus,Sunset,Bind,-,-,https://www.vlr.gg/298832/bilibili-gaming-vs-trace-esports-champions-tour-2024-china-kickoff-round-robin
Trace Esports,TE,2,Bo3,A,win,"[['Lotus', 11, 3, 8], ['Sunset', 15, 6, 6], ['Bind', 14, 4, 8]]",40,13,22,Champions Tour 2024: China Kickoff,Play-Ins: Round-Robin,"['TE Flex1n', 'TE Kai', 'TE FengF', 'TE YOU', 'TE heybay']",Icebox,Breeze,Lotus,Bind,-,Lotus,Sunset,Bind,-,-,https://www.vlr.gg/298832/bilibili-gaming-vs-trace-esports-champions-tour-2024-china-kickoff-round-robin
FunPlus Phoenix,FPX,2,Bo3,B,win,"[['Ascent', 13, 5, 8], ['Breeze', 13, 4, 9]]",26,9,17,Champions Tour 2024: China Kickoff,Playoffs: Semifinals,"['FPX Life', 'FPX AAAAY', 'FPX BerLIN', 'FPX Autumn', 'FPX Lysoar']",Bind,Icebox,Breeze,Sunset,-,Ascent,Breeze,-,-,-,https://www.vlr.gg/298833/funplus-phoenix-vs-dragon-ranger-gaming-champions-tour-2024-china-kickoff-sf
Dragon Ranger Gaming,DRG,0,Bo3,A,loss,"[['Ascent', 10, 4, 6], ['Breeze', 6, 3, 3]]",16,7,9,Champions Tour 2024: China Kickoff,Playoffs: Semifinals,"['DRG TvirusLuke', 'DRG Nicc', 'DRG nizhaoTZH', 'DRG vo0kashu', 'DRG Dingwei']",Lotus,Split,Ascent,Sunset,-,Ascent,Breeze,-,-,-,https://www.vlr.gg/298833/funplus-phoenix-vs-dragon-ranger-gaming-champions-tour-2024-china-kickoff-sf
EDward Gaming,EDG,2,Bo3,B,win,"[['Sunset', 14, 7, 5], ['Bind', 13, 8, 5]]",27,15,10,Champions Tour 2024: China Kickoff,Playoffs: Semifinals,"['EDG ZmjjKK', 'EDG nobody', 'EDG CHICHOO', 'EDG Smoggy', 'EDG Haodong']",Lotus,Ascent,Bind,Breeze,-,Sunset,Bind,-,-,-,https://www.vlr.gg/298834/edward-gaming-vs-trace-esports-champions-tour-2024-china-kickoff-sf
Trace Esports,TE,0,Bo3,A,loss,"[['Sunset', 12, 7, 5], ['Bind', 6, 2, 4]]",18,9,9,Champions Tour 2024: China Kickoff,Playoffs: Semifinals,"['TE Kai', 'TE YOU', 'TE FengF', 'TE heybay', 'TE Flex1n']",Icebox,Split,Sunset,Breeze,-,Sunset,Bind,-,-,-,https://www.vlr.gg/298834/edward-gaming-vs-trace-esports-champions-tour-2024-china-kickoff-sf
FunPlus Phoenix,FPX,1,Bo5,A,loss,"[['Breeze', 14, 5, 7], ['Split', 13, 7, 6], ['Icebox', 8, 6, 2], ['Ascent', 16, 6, 6]]",51,24,21,Champions Tour 2024: China Kickoff,Playoffs: Grand Final,"['FPX Autumn', 'FPX AAAAY', 'FPX BerLIN', 'FPX Life', 'FPX Lysoar']",Bind,-,Breeze,Icebox,Sunset,Breeze,Split,Icebox,Ascent,-,https://www.vlr.gg/298835/funplus-phoenix-vs-edward-gaming-champions-tour-2024-china-kickoff-gf
EDward Gaming,EDG,3,Bo5,B,win,"[['Breeze', 12, 5, 7], ['Split', 6, 1, 5], ['Icebox', 13, 7, 6], ['Ascent', 14, 6, 6]]",45,19,24,Champions Tour 2024: China Kickoff,Playoffs: Grand Final,"['EDG ZmjjKK', 'EDG CHICHOO', 'EDG nobody', 'EDG Smoggy', 'EDG Haodong']",Lotus,-,Split,Ascent,Sunset,Breeze,Split,Icebox,Ascent,-,https://www.vlr.gg/298835/funplus-phoenix-vs-edward-gaming-champions-tour-2024-china-kickoff-gf
FUT Esports,FUT,0,Bo3,B,loss,"[['Lotus', 11, 7, 4], ['Bind', 10, 5, 5]]",21,12,9,Champions Tour 2024: EMEA Kickoff,Group Stage: Opening (A),"['FUT AtaKaptan', 'FUT cNed', 'FUT MrFaliN', 'FUT yetujey', 'FUT qRaxs']",Breeze,Sunset,Bind,Icebox,-,Lotus,Bind,-,-,-,https://www.vlr.gg/297401/fut-esports-vs-team-heretics-champions-tour-2024-emea-kickoff-opening-a
Team Heretics,TH,2,Bo3,A,win,"[['Lotus', 13, 8, 5], ['Bind', 13, 7, 6]]",26,15,11,Champions Tour 2024: EMEA Kickoff,Group Stage: Opening (A),"['TH Boo', 'TH MiniBoo', 'TH benjyfishy', 'TH paTiTek', 'TH RieNs']",Ascent,Split,Lotus,Icebox,-,Lotus,Bind,-,-,-,https://www.vlr.gg/297401/fut-esports-vs-team-heretics-champions-tour-2024-emea-kickoff-opening-a
GIANTX,GX,1,Bo3,B,loss,"[['Split', 11, 6, 5], ['Sunset', 13, 7, 6], ['Lotus', 4, 3, 1]]",28,16,12,Champions Tour 2024: EMEA Kickoff,Group Stage: Opening (A),"['GX Cloud', 'GX nukkye', 'GX Redgar', 'GX hoody', 'GX Fit1nho']",Bind,Icebox,Sunset,Lotus,-,Split,Sunset,Lotus,-,-,https://www.vlr.gg/297402/giantx-vs-karmine-corp-champions-tour-2024-emea-kickoff-opening-a
Karmine Corp,KC,2,Bo3,A,win,"[['Split', 13, 7, 6], ['Sunset', 10, 5, 5], ['Lotus', 13, 4, 9]]",36,16,20,Champions Tour 2024: EMEA Kickoff,Group Stage: Opening (A),"['KC N4RRATE', 'KC MAGNUM', 'KC tomaszy', 'KC marteen', 'KC sh1n']",Ascent,Breeze,Split,Lotus,-,Split,Sunset,Lotus,-,-,https://www.vlr.gg/297402/giantx-vs-karmine-corp-champions-tour-2024-emea-kickoff-opening-a
Natus Vincere,NAVI,2,Bo3,A,win,"[['Bind', 13, 5, 8], ['Ascent', 6, 6, 0], ['Breeze', 6, 3, 3]]",25,14,11,Champions Tour 2024: EMEA Kickoff,Group Stage: Opening (B),"['NAVI Zyppan', 'NAVI ardiis', 'NAVI Shao', 'NAVI SUYGETSU', 'NAVI ANGE1']",Split,Icebox,Bind,Breeze,-,Bind,Ascent,Breeze,-,-,https://www.vlr.gg/297406/natus-vincere-vs-bbl-esports-champions-tour-2024-emea-kickoff-opening-b
BBL Esports,BBL,1,Bo3,B,loss,"[['Bind', 8, 4, 4], ['Ascent', 13, 7, 6], ['Breeze', 13, 4, 9]]",34,15,19,Champions Tour 2024: EMEA Kickoff,Group Stage: Opening (B),"['BBL Brave', 'BBL reazy', 'BBL pAura', 'BBL QutionerX', 'BBL Elite']",Lotus,Sunset,Ascent,Breeze,-,Bind,Ascent,Breeze,-,-,https://www.vlr.gg/297406/natus-vincere-vs-bbl-esports-champions-tour-2024-emea-kickoff-opening-b
Team Liquid,TL,2,Bo3,A,win,"[['Icebox', 10, 7, 3], ['Bind', 11, 7, 4]]",21,14,7,Champions Tour 2024: EMEA Kickoff,Group Stage: Opening (B),"['TL keiko', 'TL nAts', 'TL Jamppi', 'TL Enzo', 'TL Mistic']",Sunset,Breeze,Icebox,Split,-,Icebox,Bind,-,-,-,https://www.vlr.gg/297407/team-liquid-vs-koi-champions-tour-2024-emea-kickoff-opening-b
KOI,MKOI,0,Bo3,B,loss,"[['Icebox', 13, 8, 5], ['Bind', 13, 8, 5]]",26,16,10,Champions Tour 2024: EMEA Kickoff,Group Stage: Opening (B),"['MKOI sheydos', 'MKOI kamo', 'MKOI grubinho', 'MKOI ShadoW', 'MKOI starxo']",Lotus,Ascent,Bind,Split,-,Icebox,Bind,-,-,-,https://www.vlr.gg/297407/team-liquid-vs-koi-champions-tour-2024-emea-kickoff-opening-b
Team Vitality,VIT,2,Bo3,A,win,"[['Sunset', 10, 6, 4], ['Lotus', 7, 5, 2]]",17,11,6,Champions Tour 2024: EMEA Kickoff,Group Stage: Opening (C),"['VIT Kicks', 'VIT ceNder', 'VIT runneR', 'VIT Sayf', 'VIT Destrian']",Icebox,Split,Sunset,Ascent,-,Sunset,Lotus,-,-,-,https://www.vlr.gg/297412/team-vitality-vs-gentle-mates-champions-tour-2024-emea-kickoff-opening-c
Gentle Mates,M8,0,Bo3,B,loss,"[['Sunset', 13, 8, 5], ['Lotus', 13, 6, 7]]",26,14,12,Champions Tour 2024: EMEA Kickoff,Group Stage: Opening (C),"['M8 logaN', 'M8 TakaS', 'M8 nataNk', 'M8 Wailers', 'M8 beyAz']",Bind,Breeze,Lotus,Ascent,-,Sunset,Lotus,-,-,-,https://www.vlr.gg/297412/team-vitality-vs-gentle-mates-champions-tour-2024-emea-kickoff-opening-c
Team Heretics,TH,2,Bo3,B,win,"[['Split', 13, 4, 9], ['Lotus', 13, 5, 8]]",26,9,17,Champions Tour 2024: EMEA Kickoff,Group Stage: Winner's (A),"['TH MiniBoo', 'TH benjyfishy', 'TH Boo', 'TH RieNs', 'TH paTiTek']",Ascent,Bind,Lotus,Sunset,-,Split,Lotus,-,-,-,https://www.vlr.gg/297403/team-heretics-vs-karmine-corp-champions-tour-2024-emea-kickoff-winners-a
Karmine Corp,KC,0,Bo3,A,loss,"[['Split', 4, 3, 1], ['Lotus', 4, 4, 0]]",8,7,1,Champions Tour 2024: EMEA Kickoff,Group Stage: Winner's (A),"['KC sh1n', 'KC N4RRATE', 'KC tomaszy', 'KC marteen', 'KC MAGNUM']",Breeze,Icebox,Split,Sunset,-,Split,Lotus,-,-,-,https://www.vlr.gg/297403/team-heretics-vs-karmine-corp-champions-tour-2024-emea-kickoff-winners-a
FUT Esports,FUT,2,Bo3,B,win,"[['Split', 13, 5, 8], ['Icebox', 8, 3, 5], ['Sunset', 13, 7, 6]]",34,15,19,Champions Tour 2024: EMEA Kickoff,Group Stage: Elimination (A),"['FUT yetujey', 'FUT AtaKaptan', 'FUT cNed', 'FUT qRaxs', 'FUT MrFaliN']",Breeze,Ascent,Icebox,Sunset,-,Split,Icebox,Sunset,-,-,https://www.vlr.gg/297404/fut-esports-vs-giantx-champions-tour-2024-emea-kickoff-elim-a
GIANTX,GX,1,Bo3,A,loss,"[['Split', 6, 4, 2], ['Icebox', 13, 7, 6], ['Sunset', 7, 2, 5]]",26,13,13,Champions Tour 2024: EMEA Kickoff,Group Stage: Elimination (A),"['GX Cloud', 'GX nukkye', 'GX Fit1nho', 'GX hoody', 'GX Redgar']",Bind,Lotus,Split,Sunset,-,Split,Icebox,Sunset,-,-,https://www.vlr.gg/297404/fut-esports-vs-giantx-champions-tour-2024-emea-kickoff-elim-a
Natus Vincere,NAVI,2,Bo3,B,win,"[['Split', 13, 8, 5], ['Breeze', 13, 6, 7]]",26,14,12,Champions Tour 2024: EMEA Kickoff,Group Stage: Winner's (B),"['NAVI Zyppan', 'NAVI ardiis', 'NAVI Shao', 'NAVI SUYGETSU', 'NAVI ANGE1']",Icebox,Lotus,Breeze,Ascent,-,Split,Breeze,-,-,-,https://www.vlr.gg/297408/natus-vincere-vs-team-liquid-champions-tour-2024-emea-kickoff-winners-b
Team Liquid,TL,0,Bo3,A,loss,"[['Split', 7, 7, 0], ['Breeze', 7, 1, 6]]",14,8,6,Champions Tour 2024: EMEA Kickoff,Group Stage: Winner's (B),"['TL keiko', 'TL Jamppi', 'TL nAts', 'TL Mistic', 'TL Enzo']",Sunset,Bind,Split,Ascent,-,Split,Breeze,-,-,-,https://www.vlr.gg/297408/natus-vincere-vs-team-liquid-champions-tour-2024-emea-kickoff-winners-b
BBL Esports,BBL,0,Bo3,A,loss,"[['Bind', 13, 10, 3], ['Split', 13, 6, 7]]",26,16,10,Champions Tour 2024: EMEA Kickoff,Group Stage: Elimination (B),"['BBL Elite', 'BBL reazy', 'BBL QutionerX', 'BBL pAura', 'BBL Brave']",Sunset,Breeze,Bind,Icebox,-,Bind,Split,-,-,-,https://www.vlr.gg/297409/bbl-esports-vs-koi-champions-tour-2024-emea-kickoff-elim-b
KOI,MKOI,2,Bo3,B,win,"[['Bind', 5, 3, 2], ['Split', 10, 4, 6]]",15,7,8,Champions Tour 2024: EMEA Kickoff,Group Stage: Elimination (B),"['MKOI kamo', 'MKOI starxo', 'MKOI ShadoW', 'MKOI sheydos', 'MKOI grubinho']",Lotus,Ascent,Split,Icebox,-,Bind,Split,-,-,-,https://www.vlr.gg/297409/bbl-esports-vs-koi-champions-tour-2024-emea-kickoff-elim-b
Team Vitality,VIT,0,Bo3,B,loss,"[['Lotus', 12, 8, 4], ['Ascent', 5, 5, 0]]",17,13,4,Champions Tour 2024: EMEA Kickoff,Group Stage: Winner's (C),"['VIT Sayf', 'VIT Kicks', 'VIT runneR', 'VIT ceNder', 'VIT Destrian']",Icebox,Breeze,Ascent,Bind,-,Lotus,Ascent,-,-,-,https://www.vlr.gg/297414/team-vitality-vs-fnatic-champions-tour-2024-emea-kickoff-winners-c
FNATIC,FNC,2,Bo3,A,win,"[['Lotus', 14, 8, 4], ['Ascent', 13, 6, 7]]",27,14,11,Champions Tour 2024: EMEA Kickoff,Group Stage: Winner's (C),"['FNC Chronicle', 'FNC Alfajer', 'FNC Boaster', 'FNC Leo', 'FNC Derke']",Sunset,Split,Lotus,Bind,-,Lotus,Ascent,-,-,-,https://www.vlr.gg/297414/team-vitality-vs-fnatic-champions-tour-2024-emea-kickoff-winners-c
Team Vitality,VIT,2,Bo3,B,win,"[['Breeze', 4, 2, 2], ['Lotus', 15, 7, 5], ['Sunset', 13, 11, 2]]",32,20,9,Champions Tour 2024: EMEA Kickoff,Group Stage: Decider (C),"['VIT Kicks', 'VIT runneR', 'VIT Sayf', 'VIT Destrian', 'VIT ceNder']",Icebox,Split,Lotus,Sunset,-,Breeze,Lotus,Sunset,-,-,https://www.vlr.gg/297416/team-vitality-vs-gentle-mates-champions-tour-2024-emea-kickoff-decider-c
Gentle Mates,M8,1,Bo3,A,loss,"[['Breeze', 13, 10, 3], ['Lotus', 13, 7, 5], ['Sunset', 3, 2, 1]]",29,19,9,Champions Tour 2024: EMEA Kickoff,Group Stage: Decider (C),"['M8 TakaS', 'M8 logaN', 'M8 nataNk', 'M8 Wailers', 'M8 beyAz']",Bind,Ascent,Breeze,Sunset,-,Breeze,Lotus,Sunset,-,-,https://www.vlr.gg/297416/team-vitality-vs-gentle-mates-champions-tour-2024-emea-kickoff-decider-c
Karmine Corp,KC,2,Bo3,B,win,"[['Lotus', 20, 6, 6], ['Bind', 4, 1, 3], ['Sunset', 13, 3, 10]]",37,10,19,Champions Tour 2024: EMEA Kickoff,Group Stage: Decider (A),"['KC N4RRATE', 'KC MAGNUM', 'KC marteen', 'KC tomaszy', 'KC sh1n']",Ascent,Icebox,Bind,Sunset,-,Lotus,Bind,Sunset,-,-,https://www.vlr.gg/297405/karmine-corp-vs-fut-esports-champions-tour-2024-emea-kickoff-decider-a
FUT Esports,FUT,1,Bo3,A,loss,"[['Lotus', 18, 6, 6], ['Bind', 13, 9, 4], ['Sunset', 7, 2, 5]]",38,17,15,Champions Tour 2024: EMEA Kickoff,Group Stage: Decider (A),"['FUT AtaKaptan', 'FUT yetujey', 'FUT MrFaliN', 'FUT qRaxs', 'FUT cNed']",Breeze,Split,Lotus,Sunset,-,Lotus,Bind,Sunset,-,-,https://www.vlr.gg/297405/karmine-corp-vs-fut-esports-champions-tour-2024-emea-kickoff-decider-a
Team Liquid,TL,1,Bo3,B,loss,"[['Sunset', 11, 4, 7], ['Icebox', 14, 6, 6], ['Split', 10, 5, 5]]",35,15,18,Champions Tour 2024: EMEA Kickoff,Group Stage: Decider (B),"['TL Mistic', 'TL keiko', 'TL Jamppi', 'TL Enzo', 'TL nAts']",Breeze,Bind,Icebox,Split,-,Sunset,Icebox,Split,-,-,https://www.vlr.gg/297410/team-liquid-vs-koi-champions-tour-2024-emea-kickoff-decider-b
KOI,MKOI,2,Bo3,A,win,"[['Sunset', 13, 5, 8], ['Icebox', 12, 6, 6], ['Split', 13, 6, 7]]",38,17,21,Champions Tour 2024: EMEA Kickoff,Group Stage: Decider (B),"['MKOI starxo', 'MKOI sheydos', 'MKOI grubinho', 'MKOI kamo', 'MKOI ShadoW']",Lotus,Ascent,Sunset,Split,-,Sunset,Icebox,Split,-,-,https://www.vlr.gg/297410/team-liquid-vs-koi-champions-tour-2024-emea-kickoff-decider-b
Karmine Corp,KC,2,Bo3,A,win,"[['Sunset', 8, 4, 4], ['Ascent', 13, 7, 5]]",21,11,9,Champions Tour 2024: EMEA Kickoff,Play-In Stage: Play-ins,"['KC N4RRATE', 'KC marteen', 'KC MAGNUM', 'KC tomaszy', 'KC sh1n']",Breeze,Bind,Sunset,Lotus,-,Sunset,Ascent,-,-,-,https://www.vlr.gg/307567/karmine-corp-vs-team-vitality-champions-tour-2024-emea-kickoff-play-in-stage-play-ins
Team Vitality,VIT,0,Bo3,B,loss,"[['Sunset', 13, 5, 8], ['Ascent', 15, 7, 5]]",28,12,13,Champions Tour 2024: EMEA Kickoff,Play-In Stage: Play-ins,"['VIT Sayf', 'VIT Kicks', 'VIT runneR', 'VIT ceNder', 'VIT Destrian']",Icebox,Split,Ascent,Lotus,-,Sunset,Ascent,-,-,-,https://www.vlr.gg/307567/karmine-corp-vs-team-vitality-champions-tour-2024-emea-kickoff-play-in-stage-play-ins
KOI,MKOI,0,Bo3,A,loss,"[['Sunset', 13, 10, 3], ['Breeze', 13, 6, 7]]",26,16,10,Champions Tour 2024: EMEA Kickoff,Play-In Stage: Play-ins,"['MKOI grubinho', 'MKOI ShadoW', 'MKOI sheydos', 'MKOI kamo', 'MKOI starxo']",Lotus,Ascent,Sunset,Bind,-,Sunset,Breeze,-,-,-,https://www.vlr.gg/307565/koi-vs-team-vitality-champions-tour-2024-emea-kickoff-play-in-stage-play-ins
Team Vitality,VIT,2,Bo3,B,win,"[['Sunset', 9, 7, 2], ['Breeze', 6, 0, 6]]",15,7,8,Champions Tour 2024: EMEA Kickoff,Play-In Stage: Play-ins,"['VIT Sayf', 'VIT Destrian', 'VIT runneR', 'VIT ceNder', 'VIT Kicks']",Icebox,Split,Breeze,Bind,-,Sunset,Breeze,-,-,-,https://www.vlr.gg/307565/koi-vs-team-vitality-champions-tour-2024-emea-kickoff-play-in-stage-play-ins
Karmine Corp,KC,2,Bo3,A,win,"[['Sunset', 4, 4, 0], ['Bind', 7, 4, 3]]",11,8,3,Champions Tour 2024: EMEA Kickoff,Play-In Stage: Play-ins,"['KC N4RRATE', 'KC marteen', 'KC MAGNUM', 'KC sh1n', 'KC tomaszy']",Breeze,Ascent,Sunset,Icebox,-,Sunset,Bind,-,-,-,https://www.vlr.gg/307564/karmine-corp-vs-koi-champions-tour-2024-emea-kickoff-play-in-stage-play-ins
KOI,MKOI,0,Bo3,B,loss,"[['Sunset', 13, 5, 8], ['Bind', 13, 9, 4]]",26,14,12,Champions Tour 2024: EMEA Kickoff,Play-In Stage: Play-ins,"['MKOI grubinho', 'MKOI starxo', 'MKOI sheydos', 'MKOI kamo', 'MKOI ShadoW']",Lotus,Split,Bind,Icebox,-,Sunset,Bind,-,-,-,https://www.vlr.gg/307564/karmine-corp-vs-koi-champions-tour-2024-emea-kickoff-play-in-stage-play-ins
Team Heretics,TH,2,Bo3,A,win,"[['Sunset', 14, 4, 8], ['Breeze', 4, 2, 2]]",18,6,10,Champions Tour 2024: EMEA Kickoff,Playoffs: Semifinals,"['TH MiniBoo', 'TH RieNs', 'TH benjyfishy', 'TH paTiTek', 'TH Boo']",Ascent,Bind,Sunset,Split,-,Sunset,Breeze,-,-,-,https://www.vlr.gg/303093/team-heretics-vs-natus-vincere-champions-tour-2024-emea-kickoff-playoffs-sf
Natus Vincere,NAVI,0,Bo3,B,loss,"[['Sunset', 16, 4, 8], ['Breeze', 13, 10, 3]]",29,14,11,Champions Tour 2024: EMEA Kickoff,Playoffs: Semifinals,"['NAVI ardiis', 'NAVI SUYGETSU', 'NAVI Zyppan', 'NAVI ANGE1', 'NAVI Shao']",Lotus,Icebox,Breeze,Split,-,Sunset,Breeze,-,-,-,https://www.vlr.gg/303093/team-heretics-vs-natus-vincere-champions-tour-2024-emea-kickoff-playoffs-sf
FNATIC,FNC,0,Bo3,A,loss,"[['Lotus', 13, 5, 8], ['Split', 13, 7, 6]]",26,12,14,Champions Tour 2024: EMEA Kickoff,Playoffs: Semifinals,"['FNC Chronicle', 'FNC Leo', 'FNC Alfajer', 'FNC Boaster', 'FNC Derke']",Sunset,Icebox,Lotus,Bind,-,Lotus,Split,-,-,-,https://www.vlr.gg/303094/fnatic-vs-karmine-corp-champions-tour-2024-emea-kickoff-playoffs-sf
Karmine Corp,KC,2,Bo3,B,win,"[['Lotus', 10, 4, 6], ['Split', 8, 3, 5]]",18,7,11,Champions Tour 2024: EMEA Kickoff,Playoffs: Semifinals,"['KC tomaszy', 'KC marteen', 'KC N4RRATE', 'KC sh1n', 'KC MAGNUM']",Ascent,Breeze,Split,Bind,-,Lotus,Split,-,-,-,https://www.vlr.gg/303094/fnatic-vs-karmine-corp-champions-tour-2024-emea-kickoff-playoffs-sf
Team Heretics,TH,1,Bo5,B,loss,"[['Sunset', 13, 4, 9], ['Lotus', 7, 6, 1], ['Icebox', 7, 4, 3], ['Split', 5, 4, 1]]",32,18,14,Champions Tour 2024: EMEA Kickoff,Playoffs: Grand Final,"['TH benjyfishy', 'TH RieNs', 'TH paTiTek', 'TH MiniBoo', 'TH Boo']",Ascent,-,Lotus,Split,Bind,Sunset,Lotus,Icebox,Split,-,https://www.vlr.gg/303095/team-heretics-vs-karmine-corp-champions-tour-2024-emea-kickoff-playoffs-gf
Karmine Corp,KC,3,Bo5,A,win,"[['Sunset', 9, 3, 6], ['Lotus', 13, 11, 2], ['Icebox', 13, 5, 8], ['Split', 13, 5, 8]]",48,24,24,Champions Tour 2024: EMEA Kickoff,Playoffs: Grand Final,"['KC N4RRATE', 'KC marteen', 'KC sh1n', 'KC MAGNUM', 'KC tomaszy']",Breeze,-,Sunset,Icebox,Bind,Sunset,Lotus,Icebox,Split,-,https://www.vlr.gg/303095/team-heretics-vs-karmine-corp-champions-tour-2024-emea-kickoff-playoffs-gf
T1,T1,2,Bo3,B,win,"[['Breeze', 18, 6, 6], ['Lotus', 13, 9, 4]]",31,15,10,Champions Tour 2024: Pacific Kickoff,Group Stage: Opening (A),"['T1 carpe', 'T1 xccurate', 'T1 Sayaplayer', 'T1 iZu', 'T1 Rossy']",Icebox,Bind,Lotus,Split,-,Breeze,Lotus,-,-,-,https://www.vlr.gg/296735/t1-vs-bleed-champions-tour-2024-pacific-kickoff-opening-a
BLEED,BLD,0,Bo3,A,loss,"[['Breeze', 16, 6, 6], ['Lotus', 6, 3, 3]]",22,9,9,Champions Tour 2024: Pacific Kickoff,Group Stage: Opening (A),"['BLD sScary', 'BLD yay', 'BLD crazyguy', 'BLD Egoist', 'BLD Deryeon']",Ascent,Sunset,Breeze,Split,-,Breeze,Lotus,-,-,-,https://www.vlr.gg/296735/t1-vs-bleed-champions-tour-2024-pacific-kickoff-opening-a
Gen.G,GEN,2,Bo3,B,win,"[['Icebox', 13, 6, 7], ['Split', 11, 2, 9], ['Sunset', 13, 5, 8]]",37,13,24,Champions Tour 2024: Pacific Kickoff,Group Stage: Opening (C),"['GEN t3xture', 'GEN Meteor', 'GEN Munchkin', 'GEN Lakia', 'GEN Karon']",Bind,Breeze,Split,Sunset,-,Icebox,Split,Sunset,-,-,https://www.vlr.gg/296745/gen-g-vs-rex-regum-qeon-champions-tour-2024-pacific-kickoff-opening-c
Rex Regum Qeon,RRQ,1,Bo3,A,loss,"[['Icebox', 11, 5, 6], ['Split', 13, 3, 10], ['Sunset', 8, 4, 4]]",32,12,20,Champions Tour 2024: Pacific Kickoff,Group Stage: Opening (C),"['RRQ Estrella', 'RRQ xffero', 'RRQ Jemkin', 'RRQ fl1pzjder', 'RRQ Lmemore']",Ascent,Lotus,Icebox,Sunset,-,Icebox,Split,Sunset,-,-,https://www.vlr.gg/296745/gen-g-vs-rex-regum-qeon-champions-tour-2024-pacific-kickoff-opening-c
ZETA DIVISION,ZETA,2,Bo3,B,win,"[['Bind', 13, 6, 7], ['Icebox', 13, 7, 6]]",26,13,13,Champions Tour 2024: Pacific Kickoff,Group Stage: Opening (A),"['ZETA yuran', 'ZETA hiroronn', 'ZETA Dep', 'ZETA SugarZ3ro', 'ZETA Laz']",Breeze,Split,Icebox,Sunset,-,Bind,Icebox,-,-,-,https://www.vlr.gg/296730/zeta-division-vs-global-esports-champions-tour-2024-pacific-kickoff-opening-a
Global Esports,GE,0,Bo3,A,loss,"[['Bind', 10, 5, 5], ['Icebox', 7, 6, 1]]",17,11,6,Champions Tour 2024: Pacific Kickoff,Group Stage: Opening (A),"['GE Polvi', 'GE Lightningfast', 'GE blaZek1ng', 'GE Russ', 'GE Benkai']",Lotus,Ascent,Bind,Sunset,-,Bind,Icebox,-,-,-,https://www.vlr.gg/296730/zeta-division-vs-global-esports-champions-tour-2024-pacific-kickoff-opening-a
Team Secret,TS,0,Bo3,B,loss,"[['Breeze', 8, 3, 5], ['Ascent', 3, 3, 0]]",11,6,5,Champions Tour 2024: Pacific Kickoff,Group Stage: Opening (B),"['TS Jremy', 'TS JessieVash', 'TS BORKUM', 'TS invy', 'TS NDG']",Split,Lotus,Ascent,Sunset,-,Breeze,Ascent,-,-,-,https://www.vlr.gg/296731/team-secret-vs-talon-esports-champions-tour-2024-pacific-kickoff-opening-b
TALON,TLN,2,Bo3,A,win,"[['Breeze', 13, 4, 9], ['Ascent', 13, 4, 9]]",26,8,18,Champions Tour 2024: Pacific Kickoff,Group Stage: Opening (B),"['TLN Governor', 'TLN lenne', 'TLN ban', 'TLN JitBoyS', 'TLN Crws']",Icebox,Bind,Breeze,Sunset,-,Breeze,Ascent,-,-,-,https://www.vlr.gg/296731/team-secret-vs-talon-esports-champions-tour-2024-pacific-kickoff-opening-b
DRX,DRX,2,Bo3,B,win,"[['Lotus', 13, 6, 7], ['Breeze', 13, 5, 8]]",26,11,15,Champions Tour 2024: Pacific Kickoff,Group Stage: Opening (B),"['DRX Flashback', 'DRX MaKo', 'DRX stax', 'DRX BuZz', 'DRX Foxy9']",Sunset,Ascent,Breeze,Bind,-,Lotus,Breeze,-,-,-,https://www.vlr.gg/296736/drx-vs-detonation-focusme-champions-tour-2024-pacific-kickoff-opening-b
DetonatioN FocusMe,DFM,0,Bo3,A,loss,"[['Lotus', 8, 5, 3], ['Breeze', 8, 4, 4]]",16,9,7,Champions Tour 2024: Pacific Kickoff,Group Stage: Opening (B),"['DFM Meiy', 'DFM Medusa', 'DFM Anthem', 'DFM SSeeS', 'DFM neth']",Icebox,Split,Lotus,Bind,-,Lotus,Breeze,-,-,-,https://www.vlr.gg/296736/drx-vs-detonation-focusme-champions-tour-2024-pacific-kickoff-opening-b
Gen.G,GEN,1,Bo3,A,loss,"[['Breeze', 10, 6, 4], ['Lotus', 13, 6, 7], ['Sunset', 13, 3, 10]]",36,15,21,Champions Tour 2024: Pacific Kickoff,Group Stage: Winner's (C),"['GEN t3xture', 'GEN Karon', 'GEN Meteor', 'GEN Lakia', 'GEN Munchkin']",Split,Bind,Breeze,Sunset,-,Breeze,Lotus,Sunset,-,-,https://www.vlr.gg/296747/gen-g-vs-paper-rex-champions-tour-2024-pacific-kickoff-winners-c
Paper Rex,PRX,2,Bo3,B,win,"[['Breeze', 13, 7, 6], ['Lotus', 10, 5, 5], ['Sunset', 7, 2, 5]]",30,14,16,Champions Tour 2024: Pacific Kickoff,Group Stage: Winner's (C),"['PRX something', 'PRX d4v41', 'PRX Monyet', 'PRX f0rsakeN', 'PRX mindfreak']",Icebox,Ascent,Lotus,Sunset,-,Breeze,Lotus,Sunset,-,-,https://www.vlr.gg/296747/gen-g-vs-paper-rex-champions-tour-2024-pacific-kickoff-winners-c
BLEED,BLD,1,Bo3,B,loss,"[['Sunset', 9, 4, 5], ['Icebox', 13, 9, 4], ['Split', 11, 7, 4]]",33,20,13,Champions Tour 2024: Pacific Kickoff,Group Stage: Elimination (A),"['BLD Egoist', 'BLD Deryeon', 'BLD sScary', 'BLD yay', 'BLD crazyguy']",Ascent,Bind,Icebox,Split,-,Sunset,Icebox,Split,-,-,https://www.vlr.gg/296738/bleed-vs-global-esports-champions-tour-2024-pacific-kickoff-elim-a
Global Esports,GE,2,Bo3,A,win,"[['Sunset', 13, 7, 6], ['Icebox', 10, 8, 2], ['Split', 13, 8, 5]]",36,23,13,Champions Tour 2024: Pacific Kickoff,Group Stage: Elimination (A),"['GE Benkai', 'GE blaZek1ng', 'GE Russ', 'GE Polvi', 'GE Lightningfast']",Lotus,Breeze,Sunset,Split,-,Sunset,Icebox,Split,-,-,https://www.vlr.gg/296738/bleed-vs-global-esports-champions-tour-2024-pacific-kickoff-elim-a
T1,T1,2,Bo3,B,win,"[['Ascent', 11, 6, 5], ['Lotus', 13, 4, 9], ['Sunset', 13, 5, 8]]",37,15,22,Champions Tour 2024: Pacific Kickoff,Group Stage: Winner's (A),"['T1 xccurate', 'T1 Sayaplayer', 'T1 Rossy', 'T1 iZu', 'T1 carpe']",Icebox,Bind,Lotus,Sunset,-,Ascent,Lotus,Sunset,-,-,https://www.vlr.gg/296737/t1-vs-zeta-division-champions-tour-2024-pacific-kickoff-winners-a
ZETA DIVISION,ZETA,1,Bo3,A,loss,"[['Ascent', 13, 7, 6], ['Lotus', 4, 3, 1], ['Sunset', 7, 4, 3]]",24,14,10,Champions Tour 2024: Pacific Kickoff,Group Stage: Winner's (A),"['ZETA Dep', 'ZETA SugarZ3ro', 'ZETA Laz', 'ZETA yuran', 'ZETA hiroronn']",Breeze,Split,Ascent,Sunset,-,Ascent,Lotus,Sunset,-,-,https://www.vlr.gg/296737/t1-vs-zeta-division-champions-tour-2024-pacific-kickoff-winners-a
DetonatioN FocusMe,DFM,0,Bo3,A,loss,"[['Lotus', 13, 9, 4], ['Breeze', 13, 6, 7]]",26,15,11,Champions Tour 2024: Pacific Kickoff,Group Stage: Elimination (B),"['DFM Meiy', 'DFM SSeeS', 'DFM Medusa', 'DFM neth', 'DFM Anthem']",Icebox,Sunset,Lotus,Ascent,-,Lotus,Breeze,-,-,-,https://www.vlr.gg/296733/detonation-focusme-vs-team-secret-champions-tour-2024-pacific-kickoff-elim-b
Team Secret,TS,2,Bo3,B,win,"[['Lotus', 7, 4, 3], ['Breeze', 11, 5, 6]]",18,9,9,Champions Tour 2024: Pacific Kickoff,Group Stage: Elimination (B),"['TS Jremy', 'TS NDG', 'TS BORKUM', 'TS invy', 'TS JessieVash']",Split,Bind,Breeze,Ascent,-,Lotus,Breeze,-,-,-,https://www.vlr.gg/296733/detonation-focusme-vs-team-secret-champions-tour-2024-pacific-kickoff-elim-b
DRX,DRX,2,Bo3,A,win,"[['Split', 10, 6, 4], ['Ascent', 8, 6, 2]]",18,12,6,Champions Tour 2024: Pacific Kickoff,Group Stage: Winner's (B),"['DRX Foxy9', 'DRX MaKo', 'DRX BuZz', 'DRX Flashback', 'DRX stax']",Lotus,Sunset,Split,Breeze,-,Split,Ascent,-,-,-,https://www.vlr.gg/296732/drx-vs-talon-esports-champions-tour-2024-pacific-kickoff-winners-b
TALON,TLN,0,Bo3,B,loss,"[['Split', 13, 8, 5], ['Ascent', 13, 7, 6]]",26,15,11,Champions Tour 2024: Pacific Kickoff,Group Stage: Winner's (B),"['TLN JitBoyS', 'TLN Crws', 'TLN Governor', 'TLN ban', 'TLN lenne']",Bind,Icebox,Ascent,Breeze,-,Split,Ascent,-,-,-,https://www.vlr.gg/296732/drx-vs-talon-esports-champions-tour-2024-pacific-kickoff-winners-b
Gen.G,GEN,2,Bo3,B,win,"[['Lotus', 13, 5, 8], ['Breeze', 10, 7, 3], ['Icebox', 13, 8, 5]]",36,20,16,Champions Tour 2024: Pacific Kickoff,Group Stage: Decider (C),"['GEN t3xture', 'GEN Meteor', 'GEN Karon', 'GEN Lakia', 'GEN Munchkin']",Bind,Split,Breeze,Icebox,-,Lotus,Breeze,Icebox,-,-,https://www.vlr.gg/296749/gen-g-vs-rex-regum-qeon-champions-tour-2024-pacific-kickoff-decider-c
Rex Regum Qeon,RRQ,1,Bo3,A,loss,"[['Lotus', 7, 0, 7], ['Breeze', 13, 9, 4], ['Icebox', 11, 7, 4]]",31,16,15,Champions Tour 2024: Pacific Kickoff,Group Stage: Decider (C),"['RRQ Jemkin', 'RRQ xffero', 'RRQ Estrella', 'RRQ fl1pzjder', 'RRQ Lmemore']",Ascent,Sunset,Lotus,Icebox,-,Lotus,Breeze,Icebox,-,-,https://www.vlr.gg/296749/gen-g-vs-rex-regum-qeon-champions-tour-2024-pacific-kickoff-decider-c
TALON,TLN,0,Bo3,B,loss,"[['Breeze', 8, 4, 4], ['Ascent', 7, 7, 0]]",15,11,4,Champions Tour 2024: Pacific Kickoff,Group Stage: Decider (B),"['TLN JitBoyS', 'TLN ban', 'TLN Governor', 'TLN lenne', 'TLN Crws']",Icebox,Sunset,Ascent,Lotus,-,Breeze,Ascent,-,-,-,https://www.vlr.gg/296734/talon-esports-vs-team-secret-champions-tour-2024-pacific-kickoff-decider-b
Team Secret,TS,2,Bo3,A,win,"[['Breeze', 13, 5, 8], ['Ascent', 13, 8, 5]]",26,13,13,Champions Tour 2024: Pacific Kickoff,Group Stage: Decider (B),"['TS invy', 'TS BORKUM', 'TS Jremy', 'TS NDG', 'TS JessieVash']",Split,Bind,Breeze,Lotus,-,Breeze,Ascent,-,-,-,https://www.vlr.gg/296734/talon-esports-vs-team-secret-champions-tour-2024-pacific-kickoff-decider-b
ZETA DIVISION,ZETA,2,Bo3,B,win,"[['Bind', 13, 5, 8], ['Lotus', 13, 9, 4]]",26,14,12,Champions Tour 2024: Pacific Kickoff,Group Stage: Decider (A),"['ZETA Dep', 'ZETA Laz', 'ZETA yuran', 'ZETA hiroronn', 'ZETA SugarZ3ro']",Breeze,Split,Lotus,Sunset,-,Bind,Lotus,-,-,-,https://www.vlr.gg/296739/zeta-division-vs-global-esports-champions-tour-2024-pacific-kickoff-decider-a
Global Esports,GE,0,Bo3,A,loss,"[['Bind', 8, 4, 4], ['Lotus', 3, 0, 3]]",11,4,7,Champions Tour 2024: Pacific Kickoff,Group Stage: Decider (A),"['GE blaZek1ng', 'GE Benkai', 'GE Lightningfast', 'GE Russ', 'GE Polvi']",Icebox,Ascent,Bind,Sunset,-,Bind,Lotus,-,-,-,https://www.vlr.gg/296739/zeta-division-vs-global-esports-champions-tour-2024-pacific-kickoff-decider-a
Team Secret,TS,1,Bo3,A,loss,"[['Breeze', 5, 4, 1], ['Lotus', 13, 9, 4], ['Icebox', 15, 4, 8]]",33,17,13,Champions Tour 2024: Pacific Kickoff,Play-Ins: Play-ins,"['TS invy', 'TS Jremy', 'TS NDG', 'TS JessieVash', 'TS BORKUM']",Split,Bind,Breeze,Icebox,-,Breeze,Lotus,Icebox,-,-,https://www.vlr.gg/297254/team-secret-vs-gen-g-champions-tour-2024-pacific-kickoff-play-ins
Gen.G,GEN,2,Bo3,B,win,"[['Breeze', 13, 5, 8], ['Lotus', 9, 8, 1], ['Icebox', 13, 4, 8]]",35,17,17,Champions Tour 2024: Pacific Kickoff,Play-Ins: Play-ins,"['GEN Munchkin', 'GEN Meteor', 'GEN Karon', 'GEN t3xture', 'GEN Lakia']",Ascent,Sunset,Lotus,Icebox,-,Breeze,Lotus,Icebox,-,-,https://www.vlr.gg/297254/team-secret-vs-gen-g-champions-tour-2024-pacific-kickoff-play-ins
ZETA DIVISION,ZETA,0,Bo3,B,loss,"[['Icebox', 1, 0, 1], ['Ascent', 8, 7, 1]]",9,7,2,Champions Tour 2024: Pacific Kickoff,Play-Ins: Play-ins,"['ZETA Dep', 'ZETA SugarZ3ro', 'ZETA yuran', 'ZETA hiroronn', 'ZETA Laz']",Breeze,Sunset,Ascent,Lotus,-,Icebox,Ascent,-,-,-,https://www.vlr.gg/297253/zeta-division-vs-team-secret-champions-tour-2024-pacific-kickoff-play-ins
Team Secret,TS,2,Bo3,A,win,"[['Icebox', 13, 11, 2], ['Ascent', 13, 8, 5]]",26,19,7,Champions Tour 2024: Pacific Kickoff,Play-Ins: Play-ins,"['TS invy', 'TS JessieVash', 'TS NDG', 'TS Jremy', 'TS BORKUM']",Split,Bind,Icebox,Lotus,-,Icebox,Ascent,-,-,-,https://www.vlr.gg/297253/zeta-division-vs-team-secret-champions-tour-2024-pacific-kickoff-play-ins
Gen.G,GEN,2,Bo3,A,win,"[['Icebox', 6, 2, 4], ['Ascent', 4, 2, 2]]",10,4,6,Champions Tour 2024: Pacific Kickoff,Play-Ins: Play-ins,"['GEN Karon', 'GEN Meteor', 'GEN t3xture', 'GEN Lakia', 'GEN Munchkin']",Bind,Sunset,Icebox,Lotus,-,Icebox,Ascent,-,-,-,https://www.vlr.gg/297255/gen-g-vs-zeta-division-champions-tour-2024-pacific-kickoff-play-ins
ZETA DIVISION,ZETA,0,Bo3,B,loss,"[['Icebox', 13, 8, 5], ['Ascent', 13, 3, 10]]",26,11,15,Champions Tour 2024: Pacific Kickoff,Play-Ins: Play-ins,"['ZETA Laz', 'ZETA hiroronn', 'ZETA SugarZ3ro', 'ZETA yuran', 'ZETA Dep']",Breeze,Split,Ascent,Lotus,-,Icebox,Ascent,-,-,-,https://www.vlr.gg/297255/gen-g-vs-zeta-division-champions-tour-2024-pacific-kickoff-play-ins
T1,T1,0,Bo3,B,loss,"[['Split', 14, 8, 4], ['Ascent', 6, 2, 4]]",20,10,8,Champions Tour 2024: Pacific Kickoff,Playoffs: Semifinals,"['T1 Rossy', 'T1 Sayaplayer', 'T1 xccurate', 'T1 iZu', 'T1 carpe']",Icebox,Lotus,Ascent,Sunset,-,Split,Ascent,-,-,-,https://www.vlr.gg/297256/t1-vs-paper-rex-champions-tour-2024-pacific-kickoff-playoffs-sf
Paper Rex,PRX,2,Bo3,A,win,"[['Split', 16, 8, 4], ['Ascent', 13, 8, 5]]",29,16,9,Champions Tour 2024: Pacific Kickoff,Playoffs: Semifinals,"['PRX f0rsakeN', 'PRX mindfreak', 'PRX something', 'PRX d4v41', 'PRX Monyet']",Breeze,Bind,Split,Sunset,-,Split,Ascent,-,-,-,https://www.vlr.gg/297256/t1-vs-paper-rex-champions-tour-2024-pacific-kickoff-playoffs-sf
DRX,DRX,0,Bo3,A,loss,"[['Bind', 14, 7, 5], ['Lotus', 13, 9, 4]]",27,16,9,Champions Tour 2024: Pacific Kickoff,Playoffs: Semifinals,"['DRX MaKo', 'DRX stax', 'DRX Flashback', 'DRX BuZz', 'DRX Foxy9']",Icebox,Split,Bind,Ascent,-,Bind,Lotus,-,-,-,https://www.vlr.gg/297257/drx-vs-gen-g-champions-tour-2024-pacific-kickoff-playoffs-sf
Gen.G,GEN,2,Bo3,B,win,"[['Bind', 12, 7, 5], ['Lotus', 8, 5, 3]]",20,12,8,Champions Tour 2024: Pacific Kickoff,Playoffs: Semifinals,"['GEN Karon', 'GEN t3xture', 'GEN Munchkin', 'GEN Meteor', 'GEN Lakia']",Breeze,Sunset,Lotus,Ascent,-,Bind,Lotus,-,-,-,https://www.vlr.gg/297257/drx-vs-gen-g-champions-tour-2024-pacific-kickoff-playoffs-sf
Paper Rex,PRX,1,Bo5,B,loss,"[['Ascent', 5, 5, 0], ['Split', 13, 8, 5], ['Lotus', 11, 7, 4], ['Bind', 4, 0, 4]]",33,20,13,Champions Tour 2024: Pacific Kickoff,Playoffs: Grand Final,"['PRX mindfreak', 'PRX something', 'PRX d4v41', 'PRX f0rsakeN', 'PRX Monyet']",Icebox,-,Split,Bind,Breeze,Ascent,Split,Lotus,Bind,-,https://www.vlr.gg/297258/paper-rex-vs-gen-g-champions-tour-2024-pacific-kickoff-playoffs-gf
Gen.G,GEN,3,Bo5,A,win,"[['Ascent', 13, 6, 7], ['Split', 4, 0, 4], ['Lotus', 13, 8, 5], ['Bind', 13, 8, 5]]",43,22,21,Champions Tour 2024: Pacific Kickoff,Playoffs: Grand Final,"['GEN Karon', 'GEN t3xture', 'GEN Munchkin', 'GEN Meteor', 'GEN Lakia']",Sunset,-,Ascent,Lotus,Breeze,Ascent,Split,Lotus,Bind,-,https://www.vlr.gg/297258/paper-rex-vs-gen-g-champions-tour-2024-pacific-kickoff-playoffs-gf
